date,start,stop,duration,count,false_positive_per_year,longitude,latitude,altitude,tier,associated,coincidence_probability,neighbors_10min,n,n_acd,n_acd_multi,n_bg,n_acd_bg
20170702,2017-07-02T12:49:45.563779979Z,2017-07-02T12:49:45.564057976Z,0.000277997,10,1.8152431900979135e-2,117.2635,23.8139,539922.6,lightning,1,2.9506848618965657e-3,1,18,4,0,18734,1366
20170704,2017-07-04T19:20:55.994011968Z,2017-07-04T19:20:55.994275987Z,0.000264019,15,1.280872403030205e-3,127.6041,24.5364,538306.6,lightning,1,5.737234652897303e-4,3,17,0,0,18503,1664
20170705,2017-07-05T19:18:47.774717986Z,2017-07-05T19:18:47.775187969Z,0.000469983,22,1.995355913034401e-2,143.2129,7.0603,538570.3,lightning,1,8.196049504139005e-4,3,25,0,0,18378,1161
20170707,2017-07-07T23:09:39.888121992Z,2017-07-07T23:09:39.888205975Z,0.000083983,10,3.267502910987426e-2,282.6503,20.5370,543190.5,lightning,1,2.378517121547414e-3,30,11,4,1,11971,1099
20170712,2017-07-12T00:15:14.207275986Z,2017-07-12T00:15:14.207845985Z,0.000569999,14,1.2606201418629897e-4,266.3935,35.6345,545485.5,lightning,1,9.865363412835011e-4,32,26,3,0,20014,2494
20170720,2017-07-20T18:40:06.844539970Z,2017-07-20T18:40:06.846021980Z,0.001482010,16,1.5317768971773633e-5,70.1589,-6.0498,537865.4,lightning,1,3.1980284320957298e-3,6,31,3,0,12271,2205
20170726,2017-07-26T01:42:00.511935979Z,2017-07-26T01:42:00.512029975Z,0.000093996,12,9.007517064502488e-5,266.2652,15.9393,541390.5,lightning,1,3.608177788705844e-3,8,14,1,0,15265,1374
20170727,2017-07-27T14:56:18.825103968Z,2017-07-27T14:56:18.825327992Z,0.000224024,14,5.426631897016533e-3,213.7964,-31.9062,547476.5,lightning,1,5.737928448487829e-4,8,17,0,0,16268,906
20170728,2017-07-28T18:43:04.812333971Z,2017-07-28T18:43:04.812503993Z,0.000170022,11,5.846961512016351e-1,319.9383,36.1984,548760.6,lightning,1,6.558248176378985e-4,9,14,1,1,17408,1617
20170812,2017-08-12T16:30:49.918719977Z,2017-08-12T16:30:49.918873965Z,0.000153988,12,2.5719000171408657e-1,283.0488,21.5163,547072.8,lightning,1,4.376929022211294e-4,5,14,2,0,16131,2033
20170814,2017-08-14T09:24:54.954089969Z,2017-08-14T09:24:54.955119967Z,0.001029998,29,7.613214774756996e-4,264.6780,31.7789,540394.5,lightning,1,1.3351001573641504e-2,22,43,5,1,22414,1487
20170815,2017-08-15T14:20:27.543361991Z,2017-08-15T14:20:27.543481975Z,0.000119984,14,5.6877084115689e-1,271.0270,35.9623,546567.4,lightning,1,3.114827301040898e-3,12,15,1,1,25826,3448
20170817,2017-08-17T07:27:27.218955993Z,2017-08-17T07:27:27.219356Z,0.000400007,19,1.4490260887841914e-5,300.2452,40.6839,542506.7,lightning,1,8.253957716580608e-3,5,25,0,0,25120,1875
20170817,2017-08-17T15:52:38.848047971Z,2017-08-17T15:52:38.848363965Z,0.000315994,14,1.8374917508679376e-3,284.6554,0.5960,546877.6,lightning,1,5.748937873944758e-4,7,17,1,0,13363,1156
20170820,2017-08-20T03:36:19.826835989Z,2017-08-20T03:36:19.826993972Z,0.000157983,15,6.021586448645682e-2,292.2610,16.9695,536620.7,lightning,1,2.2995737316613392e-3,7,15,2,0,15340,1911
20170823,2017-08-23T13:18:52.933179974Z,2017-08-23T13:18:52.933293968Z,0.000113994,13,5.273121970535751e-2,277.9973,7.1073,543350.1,lightning,1,6.393909277928039e-3,6,13,1,0,13559,1962
20170823,2017-08-23T13:20:21.841209977Z,2017-08-23T13:20:21.842401981Z,0.001192004,13,1.166295374070612e-4,281.7445,3.2903,544031.3,lightning,1,4.265763601344152e-3,5,28,5,3,13174,1795
20170824,2017-08-24T03:05:36.210260003Z,2017-08-24T03:05:36.210897982Z,0.000637979,17,9.332600068375218e-5,296.1005,31.5386,538703.2,lightning,1,2.4607472666174903e-3,11,25,7,3,20205,2232
20170828,2017-08-28T11:47:36.702279984Z,2017-08-28T11:47:36.702707976Z,0.000427992,15,7.124811950054843e-5,96.9614,0.3965,541900.6,lightning,1,4.917629702483403e-4,2,21,4,0,19141,2272
20170830,2017-08-30T13:11:52.854305982Z,2017-08-30T13:11:52.855611979Z,0.001305997,13,4.042368420181131e-5,84.2258,19.4105,540422.0,lightning,1,1.2218694697155971e-3,11,27,2,0,11799,819
20170901,2017-09-01T01:54:47.949541985Z,2017-09-01T01:54:47.950759977Z,0.001217992,32,4.599359126902562e-1,277.6006,37.8940,541667.2,lightning,1,5.49397223178428e-3,26,41,7,1,22158,3855
20170903,2017-09-03T23:11:33.168374001Z,2017-09-03T23:11:33.168648004Z,0.000274003,25,3.4282822886919007e-1,158.2474,-43.0791,558913.9,lightning,1,5.872189738546021e-3,15,25,2,0,32371,5271
20170904,2017-09-04T21:55:21.218097984Z,2017-09-04T21:55:21.218339979Z,0.000241995,11,1.8221346850144168e-1,272.0943,14.0563,543991.7,lightning,1,3.6913427997705105e-3,14,16,1,0,15880,2395
20170906,2017-09-06T19:04:47.958217978Z,2017-09-06T19:04:47.958983987Z,0.000766009,10,1.8341823458002855e-2,97.9892,8.4432,536509.7,lightning,1,2.7087503401360545e-3,8,25,3,1,14573,817
20170906,2017-09-06T21:42:33.452335983Z,2017-09-06T21:42:33.452805995Z,0.000470012,15,4.026460896044699e-2,281.1125,27.7851,544645.3,lightning,1,5.263394902057209e-3,11,23,0,0,20760,3247
20170912,2017-09-12T20:43:04.816931992Z,2017-09-12T20:43:04.817073971Z,0.000141979,12,6.124107887200574e-2,246.0757,19.9693,547033.8,lightning,1,3.279778214900418e-4,9,13,5,1,15264,4125
20170914,2017-09-14T05:02:12.842355966Z,2017-09-14T05:02:12.842527985Z,0.000172019,16,2.167685440885478e-5,246.2528,20.5484,538190.1,lightning,1,8.201221457257602e-4,11,17,1,0,17559,1703
20170914,2017-09-14T18:53:23.227587997Z,2017-09-14T18:53:23.227923989Z,0.000335992,14,7.217833717538243e-2,275.7816,29.7348,548172.3,lightning,1,5.739020047537087e-3,23,18,10,3,16547,10767
20170919,2017-09-19T13:11:20.974569976Z,2017-09-19T13:11:20.974713981Z,0.000144005,14,6.030551580041286e-1,301.7478,8.1226,545650.4,lightning,1,5.740233915252849e-4,3,14,0,0,15991,1126
20170920,2017-09-20T12:02:37.317287981Z,2017-09-20T12:02:37.317811995Z,0.000524014,18,7.327626631752676e-5,99.2493,21.4627,541809.1,lightning,1,4.659737210064749e-3,7,21,2,1,16729,1049
20170923,2017-09-23T22:47:54.461029976Z,2017-09-23T22:47:54.461867988Z,0.000838012,13,6.424480159744344e-3,292.5666,7.2951,540936.1,lightning,1,8.789441553970986e-3,12,24,2,1,12685,1782
20170924,2017-09-24T12:23:01.430283993Z,2017-09-24T12:23:01.430383980Z,0.000099987,12,9.662085349010191e-3,277.4063,4.1528,543139.5,lightning,1,3.2795397918203425e-4,10,13,1,1,14604,1569
20170926,2017-09-26T12:31:04.857333987Z,2017-09-26T12:31:04.858041971Z,0.000707984,17,2.7992044097729886e-4,10.7764,40.8549,550936.9,lightning,1,7.022544504548808e-3,16,26,2,1,17860,2018
20171003,2017-10-03T07:00:41.508233994Z,2017-10-03T07:00:41.508269995Z,0.000036001,9,7.038136674869929e-1,122.3076,-5.1332,545752.0,lightning,1,4.0980247520695025e-4,7,9,4,0,15830,875
20171005,2017-10-05T18:35:12.596075981Z,2017-10-05T18:35:12.596230Z,0.000154019,12,3.97712729788037e-1,106.9678,-0.1579,537218.6,lightning,1,1.2301625358577166e-3,5,14,0,0,16768,2155
20171007,2017-10-07T08:54:25.770691990Z,2017-10-07T08:54:25.770913988Z,0.000221998,12,3.26886849770247e-4,272.1234,25.2107,539893.2,lightning,1,4.592073936562577e-3,18,17,0,0,19842,3604
20171007,2017-10-07T18:25:13.803133994Z,2017-10-07T18:25:13.803237974Z,0.000103980,11,1.0007841070301568e-1,122.1074,21.8932,538626.5,lightning,1,2.2138228014097205e-3,2,12,0,0,18171,1433
20171008,2017-10-08T07:06:43.523419976Z,2017-10-08T07:06:43.524237990Z,0.000818014,18,8.1139201855107e-4,283.6102,18.3160,537795.9,lightning,1,1.5766846406032292e-3,7,28,0,0,16920,1314
20171016,2017-10-16T13:45:24.655935972Z,2017-10-16T13:45:24.656391978Z,0.000456006,12,7.696972380453194e-2,121.2757,10.5998,536145.3,lightning,1,6.1485579952462914e-3,5,21,6,1,16054,2179
20171019,2017-10-19T12:22:40.292689979Z,2017-10-19T12:22:40.292741984Z,0.000052005,10,1.2454048223438784e-1,284.0018,6.9156,543609.3,lightning,1,7.92609522170314e-3,6,10,0,0,13630,2089
20171020,2017-10-20T00:21:03.999695986Z,2017-10-20T00:21:04.000147998Z,0.000452012,16,1.3883088614484152e-3,289.5436,0.8816,538494.6,lightning,1,2.6261597492008852e-3,4,23,2,0,15835,1592
20171031,2017-10-31T19:20:51.119004011Z,2017-10-31T19:20:51.119599997Z,0.000595986,15,9.601097265745796e-3,297.8943,9.6809,543480.4,lightning,1,9.329918203425948e-4,2,24,0,0,17181,1276
20171104,2017-11-04T06:41:07.843283981Z,2017-11-04T06:41:07.843817979Z,0.000533998,18,3.1319137577386063e-3,266.7497,7.5752,535999.3,lightning,1,5.819341176952709e-3,6,22,1,0,15146,946
20171110,2017-11-10T12:15:44.471578001Z,2017-11-10T12:15:44.471695989Z,0.000117988,12,3.2084633505949384e-3,170.1300,-17.1318,539842.4,lightning,1,6.027624112777641e-3,3,14,2,1,18335,878
20171114,2017-11-14T02:52:35.551219969Z,2017-11-14T02:52:35.551449984Z,0.000230015,15,3.348421370393063e-1,104.8661,14.8879,546544.4,lightning,1,8.25871158101795e-5,2,17,1,1,20249,2064
20171115,2017-11-15T12:56:16.972153961Z,2017-11-15T12:56:16.972525954Z,0.000371993,13,4.0171304584477485e-2,105.6942,2.4450,537692.4,lightning,1,4.657623399721335e-3,8,18,1,0,14780,1394
20171117,2017-11-17T17:23:21.062817990Z,2017-11-17T17:23:21.062842011Z,0.000024021,8,2.7442282232522824e-1,24.3088,2.8966,538413.0,lightning,1,5.345440939267273e-3,11,8,1,0,13488,1942
20171122,2017-11-22T10:13:26.368507981Z,2017-11-22T10:13:26.368719995Z,0.000212014,12,6.571809973078899e-1,97.9753,6.0685,541629.0,lightning,1,1.3122593475944594e-3,7,14,3,3,14327,1027
20171124,2017-11-24T06:01:10.121647983Z,2017-11-24T06:01:10.122794002Z,0.001146019,23,5.605052602543034e-4,343.2546,6.9847,541349.4,lightning,1,1.065844365215966e-3,3,55,1,0,37870,1363
20171206,2017-12-06T01:42:57.029801994Z,2017-12-06T01:42:57.030766010Z,0.000964016,20,1.4724655728401825e-3,146.5199,-2.4792,547303.4,lightning,1,2.871570068027211e-3,7,31,1,0,18048,1515
20171210,2017-12-10T10:28:21.157483994Z,2017-12-10T10:28:21.157909989Z,0.000425995,11,3.1135215420571666e-1,321.2441,20.1755,545162.7,lightning,1,3.0479866322432585e-3,9,19,4,0,13472,2392
20171212,2017-12-12T01:42:44.427149981Z,2017-12-12T01:42:44.427319973Z,0.000169992,13,2.1900396384809576e-2,313.9871,24.3609,536696.4,lightning,1,1.0415087869846736e-2,7,14,1,0,16215,2259
20171215,2017-12-15T01:50:23.583385974Z,2017-12-15T01:50:23.583773970Z,0.000387996,15,6.141837953080949e-4,78.8209,4.6415,544524.7,lightning,1,8.196049504139005e-5,9,19,2,1,13439,2072
20171220,2017-12-20T21:49:37.976031959Z,2017-12-20T21:49:37.976241976Z,0.000210017,12,8.789771377401459e-3,120.2815,-12.8051,546225.8,lightning,1,1.5846711990820425e-3,22,13,4,3,10934,1036
20171227,2017-12-27T20:52:36.822065979Z,2017-12-27T20:52:36.822683960Z,0.000617981,27,1.2701392210470471e-2,120.6570,-33.6271,552129.8,lightning,1,1.230000262273584e-3,32,28,4,3,19645,2339
20180101,2018-01-01T16:47:36.227847993Z,2018-01-01T16:47:36.228244006Z,0.000396013,15,7.872985907851449e-1,126.8150,-18.8054,541919.8,lightning,1,1.214393719367265e-2,10,21,3,2,17246,1753
20180103,2018-01-03T19:37:38.004696011Z,2018-01-03T19:37:38.005001991Z,0.000305980,21,3.626682181647995e-4,65.3668,-14.5328,539332.7,lightning,1,4.921953446438816e-4,7,21,3,1,14365,1857
20180104,2018-01-04T03:27:09.668099969Z,2018-01-04T03:27:09.669079989Z,0.000980020,22,5.5732936171810105e-5,285.3127,4.2360,535564.2,lightning,1,7.02869255798705e-3,3,28,6,3,14163,2076
20180122,2018-01-22T17:14:10.568481981Z,2018-01-22T17:14:10.568583995Z,0.000102014,10,7.832356911837361e-2,128.4610,-13.2335,540604.5,lightning,1,2.3795296451110566e-3,12,12,4,1,13989,2424
20180127,2018-01-27T14:46:07.397661983Z,2018-01-27T14:46:07.397731989Z,0.000070006,12,1.6310867398065191e-3,117.5487,-25.6423,541946.4,lightning,1,2.976735570854848e-3,9,13,2,1,18956,2919
20180201,2018-02-01T16:26:33.910363972Z,2018-02-01T16:26:33.910425961Z,0.000061989,11,6.937772224448735e-1,255.1287,13.9075,546530.9,lightning,1,7.280527497746087e-3,4,11,1,0,18006,2114
20180205,2018-02-05T20:48:36.491883993Z,2018-02-05T20:48:36.491983979Z,0.000099986,14,2.985211245986073e-3,202.5653,-21.3988,551477.8,lightning,1,9.129319563970168e-4,4,14,2,2,15319,1787
20180208,2018-02-08T16:03:11.695161968Z,2018-02-08T16:03:11.695545971Z,0.000384003,19,1.1825839364738631e-1,21.5698,-24.8248,545172.3,lightning,1,2.868617326448652e-3,3,26,0,0,26502,2841
20180210,2018-02-10T17:29:07.019786Z,2018-02-10T17:29:07.020336002Z,0.000550002,14,3.820248612967135e-1,15.1288,-1.1122,537522.5,lightning,1,4.100090328661585e-3,5,25,4,0,19247,3482
20180211,2018-02-11T18:57:57.464019984Z,2018-02-11T18:57:57.464339971Z,0.000319987,15,8.120227398343708e-3,354.3331,6.6096,536601.4,lightning,1,4.917629702483403e-4,1,24,0,0,33794,2799
20180213,2018-02-13T07:26:13.513817995Z,2018-02-13T07:26:13.514725983Z,0.000907988,14,1.1995173762368649e-4,143.1451,-6.7068,540592.8,lightning,1,1.310766265060241e-3,8,27,2,0,13455,2505
20180218,2018-02-18T01:11:25.311129987Z,2018-02-18T01:11:25.311259984Z,0.000129997,12,2.1651242168435544e-2,44.6488,-10.3786,544256.2,lightning,1,2.4588148512417015e-4,6,13,2,0,14264,970
20180219,2018-02-19T04:07:35.786761969Z,2018-02-19T04:07:35.786825984Z,0.000064015,9,3.4806197158160385e-2,339.3109,2.6087,539823.2,lightning,1,7.376444553725104e-4,10,10,0,0,13632,977
20180220,2018-02-20T03:02:33.005335986Z,2018-02-20T03:02:33.005733996Z,0.000398010,14,2.062008602837229e-1,146.1754,-22.3620,550590.7,lightning,1,1.156453206294566e-2,10,19,1,0,17033,1935
20180224,2018-02-24T12:06:53.365421980Z,2018-02-24T12:06:53.366031974Z,0.000609994,17,9.568001625641378e-4,11.3594,3.3449,544253.8,lightning,1,4.0980247520695025e-4,7,26,0,0,19615,1294
20180227,2018-02-27T15:36:03.721245974Z,2018-02-27T15:36:03.721331983Z,0.000086009,12,5.631110801256505e-1,117.0697,-1.7949,536821.4,lightning,1,2.0566081222850585e-3,5,12,0,0,16908,1565
20180303,2018-03-03T18:50:32.269701987Z,2018-03-03T18:50:32.270235985Z,0.000533998,11,5.530308787433655e-2,205.2337,-13.2702,549383.7,lightning,1,2.6158853864437343e-3,16,21,3,1,14376,2157
20180306,2018-03-06T06:42:08.381637990Z,2018-03-06T06:42:08.381689995Z,0.000052005,12,5.600015692142003e-4,236.2377,-25.4418,542302.0,lightning,1,4.0980247520695025e-4,5,12,1,0,15680,2362
20180310,2018-03-10T10:40:15.747605979Z,2018-03-10T10:40:15.748141974Z,0.000535995,19,1.2861348803544243e-3,120.4430,-1.0711,536911.5,lightning,1,3.116431120399967e-3,7,23,1,0,17179,1676
20180312,2018-03-12T08:41:22.702637970Z,2018-03-12T08:41:22.702727973Z,0.000090003,10,2.1024090281016153e-1,125.3217,10.4185,538476.9,lightning,1,4.917635193836571e-4,6,12,0,0,15863,807
20180316,2018-03-16T22:21:07.348419994Z,2018-03-16T22:21:07.348839998Z,0.000420004,15,4.6648817755091816e-5,249.7164,11.4087,541321.3,lightning,1,5.743518482091631e-4,5,20,4,0,17511,1823
20180318,2018-03-18T12:38:30.821025967Z,2018-03-18T12:38:30.821179986Z,0.000154019,12,1.2015674161279336e-1,49.2526,-10.8468,541085.0,lightning,1,1.63952430128678e-4,9,13,1,1,14175,2051
20180320,2018-03-20T17:47:26.752459973Z,2018-03-20T17:47:26.753743976Z,0.001284003,18,2.89008961534502e-4,121.6908,-3.9568,540097.3,lightning,1,1.968362380132776e-3,4,31,7,2,14039,2221
20180323,2018-03-23T10:16:48.870723962Z,2018-03-23T10:16:48.871037960Z,0.000313998,12,2.905039860257135e-4,56.9796,-14.3154,544424.9,lightning,1,8.196049504139005e-5,13,17,0,0,14824,741
20180323,2018-03-23T17:19:41.233617991Z,2018-03-23T17:19:41.234649986Z,0.001031995,10,3.113959606863153e-4,111.7708,-1.6999,538357.6,lightning,1,3.5281917301860505e-3,4,31,4,3,16769,2192
20180323,2018-03-23T18:59:47.596253991Z,2018-03-23T18:59:47.597493976Z,0.001239985,23,2.837787828415523e-5,99.5315,10.5253,539190.1,lightning,1,6.557268748463241e-4,2,39,9,4,22555,2528
20180324,2018-03-24T01:20:48.721409976Z,2018-03-24T01:20:48.722111970Z,0.000701994,18,4.576326821252365e-3,1.3192,9.4136,538808.7,lightning,1,2.377946406032293e-3,4,33,0,0,28719,1140
20180403,2018-04-03T05:52:52.815069973Z,2018-04-03T05:52:52.815377980Z,0.000308007,17,1.955134971679541e-4,186.8497,-25.3813,543223.3,lightning,1,8.556259413162855e-3,11,18,3,0,16757,1850
20180411,2018-04-11T19:57:30.381595999Z,2018-04-11T19:57:30.382019996Z,0.000423997,19,1.2977199109659417e-3,144.4574,-12.7094,547890.7,lightning,1,1.4034892058028031e-3,3,22,0,0,19608,1362
20180414,2018-04-14T21:48:24.926807969Z,2018-04-14T21:48:24.926829963Z,0.000021994,8,5.252465681633138e-1,266.8834,3.7126,539264.8,lightning,1,2.469162281780182e-4,4,8,4,3,15521,2559
20180415,2018-04-15T09:37:56.624861985Z,2018-04-15T09:37:56.626029968Z,0.001167983,20,1.2606341572939155e-4,250.7014,10.7282,539958.0,lightning,1,9.046773461191704e-4,4,36,5,2,18575,1825
20180423,2018-04-23T05:12:45.554607987Z,2018-04-23T05:12:45.554921984Z,0.000313997,13,4.975324440880703e-3,272.3186,5.4039,536373.0,lightning,1,9.046894139824605e-3,11,17,0,0,15672,1853
20180425,2018-04-25T18:30:25.862689971Z,2018-04-25T18:30:25.862861961Z,0.000171990,11,1.464879783878462e-1,253.5674,10.5070,544655.0,lightning,1,9.021969674616834e-4,22,14,3,1,15243,1974
20180427,2018-04-27T03:45:19.038255989Z,2018-04-27T03:45:19.038785994Z,0.000530005,21,1.019553156879621e-3,84.4319,-9.3075,548401.9,lightning,1,1.639209900827801e-4,1,26,2,2,23798,2499
20180502,2018-05-02T21:35:41.186057984Z,2018-05-02T21:35:41.186302006Z,0.000244022,21,4.957232763700363e-2,30.9911,-39.4349,549094.4,lightning,1,8.196049504139005e-4,5,24,2,1,33690,3541
20180504,2018-05-04T02:43:13.427245974Z,2018-05-04T02:43:13.427319973Z,0.000073999,13,7.075213289416868e-2,68.7752,3.5116,546536.7,lightning,1,2.132259478731252e-3,4,13,0,0,20828,1344
20180506,2018-05-06T09:31:46.749311983Z,2018-05-06T09:31:46.749779969Z,0.000467986,12,7.595329016495213e-2,128.0244,0.0862,536297.2,lightning,1,4.943601508073109e-4,15,19,3,0,13409,1263
20180507,2018-05-07T21:18:49.080567985Z,2018-05-07T21:18:49.081072002Z,0.000504017,12,1.9761071319311316e-5,125.5101,3.5542,545588.5,lightning,1,8.202587492828457e-4,9,20,2,0,14003,1848
20180513,2018-05-13T09:14:30.406663984Z,2018-05-13T09:14:30.406797975Z,0.000133991,13,3.669112623004713e-2,273.1248,5.4962,542903.6,lightning,1,4.522008171461356e-3,6,14,0,0,16437,1172
20180513,2018-05-13T18:41:52.019158005Z,2018-05-13T18:41:52.019194006Z,0.000036001,8,7.55368549570554e-1,115.4198,-6.9204,542277.6,lightning,1,3.28075421686747e-3,6,8,1,1,10501,2129
20180514,2018-05-14T12:07:03.359715998Z,2018-05-14T12:07:03.359857976Z,0.000141978,11,7.525250958101776e-4,198.5253,-16.4397,542683.3,lightning,1,3.540246184738956e-3,26,12,4,0,10760,1421
20180515,2018-05-15T06:29:59.192676007Z,2018-05-15T06:29:59.193028002Z,0.000351995,13,1.019411171504448e-2,115.6595,0.4841,541062.1,lightning,1,3.1151573641504796e-3,5,19,0,0,17069,1654
20180517,2018-05-17T20:24:39.717929989Z,2018-05-17T20:24:39.718119978Z,0.000189989,11,1.8900400313572297e-3,238.0440,11.7249,543847.2,lightning,1,4.919449799196787e-4,7,15,2,0,17924,1576
20180518,2018-05-18T17:04:39.575861990Z,2018-05-18T17:04:39.576793968Z,0.000931978,15,5.537431837607939e-3,283.3799,10.9288,544050.8,lightning,1,4.111877952626834e-3,6,28,4,1,14579,1711
20180519,2018-05-19T00:20:25.757749974Z,2018-05-19T00:20:25.758137971Z,0.000387997,18,1.7490017901456963e-3,11.0324,6.2244,539247.4,lightning,1,3.278419801655602e-4,2,22,0,0,20861,1100
20180524,2018-05-24T01:46:15.108116Z,2018-05-24T01:46:15.108222007Z,0.000106007,11,9.168061515464312e-1,110.7593,17.3256,546876.5,lightning,1,2.377444906155233e-3,8,12,8,6,14678,919
20180527,2018-05-27T15:38:06.807283967Z,2018-05-27T15:38:06.807477980Z,0.000194013,12,3.441369033221267e-3,246.7986,11.2827,546632.4,lightning,1,6.071455020080321e-3,3,17,1,0,19298,1372
20180531,2018-05-31T03:11:16.545583993Z,2018-05-31T03:11:16.545749992Z,0.000165999,12,1.7253644783271802e-1,249.7592,6.0557,534791.1,lightning,1,1.191815769199246e-3,8,14,1,0,15701,1181
20180605,2018-06-05T07:42:37.044079989Z,2018-06-05T07:42:37.044156014Z,0.000076025,11,1.792714365850966e-2,285.4104,29.1451,542860.7,lightning,1,5.432390238505041e-3,33,12,1,1,16100,2470
20180609,2018-06-09T02:28:04.075405985Z,2018-06-09T02:28:04.075540006Z,0.000134021,10,2.615536577652919e-2,10.4084,5.2750,542385.2,lightning,1,1.0654864355380707e-3,15,11,2,0,10130,2512
20180609,2018-06-09T19:51:07.501441985Z,2018-06-09T19:51:07.501701980Z,0.000259995,14,2.0817540092537473e-1,87.7467,20.0276,540425.0,lightning,1,4.755708884517662e-3,3,17,1,1,16973,1291
20180618,2018-06-18T04:11:34.239583998Z,2018-06-18T04:11:34.240513980Z,0.000929982,17,8.333478671758175e-2,283.8249,7.1545,536621.1,lightning,1,1.2095708450127038e-2,7,27,1,0,15033,1942
20180620,2018-06-20T16:40:32.005623996Z,2018-06-20T16:40:32.006112009Z,0.000488013,15,3.3378401516353895e-1,95.0389,-6.5842,538407.7,lightning,1,9.024538808294402e-4,13,17,6,0,10575,1724
20180628,2018-06-28T05:40:59.862635970Z,2018-06-28T05:40:59.862823963Z,0.000187993,12,5.1103720680822e-1,181.2221,20.0258,536098.4,lightning,1,1.6436384722563725e-4,4,15,2,2,15303,1890
20180630,2018-06-30T11:30:53.244239985Z,2018-06-30T11:30:53.244709998Z,0.000470013,18,8.465626493443755e-3,30.2976,41.7104,545524.6,lightning,1,9.015654454552904e-4,8,23,2,2,21773,1636
20180704,2018-07-04T12:12:31.871525973Z,2018-07-04T12:12:31.871713966Z,0.000187993,12,2.2497086709661232e-1,282.8519,29.5736,548622.1,lightning,1,8.363202860421278e-3,8,16,0,0,22629,1828
20180712,2018-07-12T11:06:53.468831986Z,2018-07-12T11:06:53.469109982Z,0.000277996,17,3.5408605020652856e-1,299.3037,43.1665,551458.5,lightning,1,1.968111933448078e-3,34,20,8,1,24042,5514
20180718,2018-07-18T05:05:51.609955966Z,2018-07-18T05:05:51.611027985Z,0.001072019,17,2.7151435014897583e-5,281.9188,16.3685,539331.7,lightning,1,9.840877141217932e-4,6,32,1,0,17985,1419
20180724,2018-07-24T11:01:11.315295994Z,2018-07-24T11:01:11.315411984Z,0.000115990,10,7.837826515023873e-2,286.4405,23.7718,547086.1,lightning,1,1.4754769035324974e-3,5,13,2,0,18288,2295
20180725,2018-07-25T01:10:45.656335979Z,2018-07-25T01:10:45.656725972Z,0.000389993,20,1.3533832704426507e-1,36.3681,39.6000,547822.0,lightning,1,1.2294074256208507e-3,33,21,7,5,15397,2501
20180726,2018-07-26T10:35:54.671855986Z,2018-07-26T10:35:54.671867966Z,0.000011980,8,4.002253246197413e-1,257.7151,35.7921,546841.8,lightning,1,4.672484747151873e-3,11,8,0,0,26460,2079
20180726,2018-07-26T12:23:02.488123983Z,2018-07-26T12:23:02.488203972Z,0.000079989,10,7.146405593311087e-3,270.1571,9.7198,546447.9,lightning,1,8.531583763625932e-3,7,11,0,0,16111,2097
20180730,2018-07-30T10:09:16.398511976Z,2018-07-30T10:09:16.398772001Z,0.000260025,14,5.911159367575288e-1,278.7432,9.3469,545308.6,lightning,1,4.252636619949185e-3,4,16,1,1,15438,1820
20180731,2018-07-31T09:59:41.650995969Z,2018-07-31T09:59:41.651219964Z,0.000223995,10,1.233849519560166e-2,274.8856,9.1921,544891.6,lightning,1,2.464457536267519e-3,8,15,2,0,16062,929
20180806,2018-08-06T04:07:32.467811971Z,2018-08-06T04:07:32.468333989Z,0.000522018,14,3.0906734135710866e-3,299.8342,28.7557,539881.6,lightning,1,6.566956069174658e-4,10,22,4,0,19214,3013
20180808,2018-08-08T00:30:39.890291959Z,2018-08-08T00:30:39.890331983Z,0.000040024,8,3.987879870178141e-1,313.5553,40.2169,539213.9,lightning,1,4.0980247520695025e-4,23,9,0,0,18241,3289
20180809,2018-08-09T18:59:19.498523980Z,2018-08-09T18:59:19.498587995Z,0.000064015,9,4.472880086279785e-3,277.3961,7.5496,539175.0,lightning,1,3.1983223998032946e-3,15,11,0,0,11724,1512
20180810,2018-08-10T06:13:13.228852003Z,2018-08-10T06:13:13.228946Z,0.000093997,13,8.076519110113355e-1,125.0721,23.2773,537844.4,lightning,1,2.4588148512417015e-4,5,13,0,0,20122,943
20180813,2018-08-13T04:38:39.087610006Z,2018-08-13T04:38:39.088550001Z,0.000939995,23,6.344078939176669e-3,257.5962,21.5149,536100.2,lightning,1,5.005684206212606e-3,10,33,1,0,19695,1840
20180813,2018-08-13T07:19:51.826487958Z,2018-08-13T07:19:51.827633976Z,0.001146018,39,1.4681405106019838e-3,89.4088,23.7650,539737.9,lightning,1,3.278419801655602e-4,0,42,5,3,20228,1198
20180813,2018-08-13T10:59:27.721665978Z,2018-08-13T10:59:27.721849977Z,0.000183999,11,1.5923149722205066e-1,158.6824,22.9622,536218.6,lightning,1,1.1487639947545282e-3,8,15,1,1,15545,899
20180819,2018-08-19T00:28:18.240428Z,2018-08-19T00:28:18.240653991Z,0.000225991,16,5.851160477319841e-3,276.6745,25.5754,535377.2,lightning,1,3.3630972953036637e-3,13,18,6,6,20278,2981
20180824,2018-08-24T23:36:47.011938005Z,2018-08-24T23:36:47.012741982Z,0.000803977,17,8.043830572904704e-5,270.6069,10.1902,534436.3,lightning,1,2.2184773625112696e-3,1,27,0,0,16242,1975
20180903,2018-09-03T08:39:23.200789988Z,2018-09-03T08:39:23.201063990Z,0.000274002,16,7.633811686737818e-1,281.5681,14.6820,545328.4,lightning,1,5.139126202770265e-3,14,16,5,1,12483,2134
20180908,2018-09-08T17:27:18.373975992Z,2018-09-08T17:27:18.374264001Z,0.000288009,12,8.841707698959117e-3,127.6997,24.4818,544608.5,lightning,1,4.346259568887796e-3,5,19,1,0,19248,1745
20180909,2018-09-09T06:14:50.018756002Z,2018-09-09T06:14:50.018777996Z,0.000021994,8,5.147394838109052e-1,309.4517,34.0670,547764.5,lightning,1,1.5710861896565855e-3,30,8,0,0,15561,1949
20180911,2018-09-11T14:20:12.688155978Z,2018-09-11T14:20:12.689269959Z,0.001113981,15,4.1864094332873616e-5,292.1826,13.3861,544822.2,lightning,1,1.230190099172199e-3,6,31,4,1,14898,2643
20180912,2018-09-12T22:02:45.763347983Z,2018-09-12T22:02:45.763443976Z,0.000095993,11,1.0438771453423276e-1,153.9142,24.3079,547537.8,lightning,1,8.196727809195968e-4,5,12,3,0,15342,989
20180913,2018-09-13T04:01:14.050293982Z,2018-09-13T04:01:14.050392001Z,0.000098019,9,4.5388885164725674e-3,319.3296,34.8276,545853.8,lightning,1,5.737584624211131e-4,33,12,0,0,14624,2190
20180916,2018-09-16T13:31:13.226413995Z,2018-09-16T13:31:13.226749986Z,0.000335991,14,2.371584662402917e-3,270.4692,14.9498,546690.7,lightning,1,2.0508335628227196e-3,12,17,0,0,17041,2146
20180917,2018-09-17T19:38:09.909531950Z,2018-09-17T19:38:09.909717977Z,0.000186027,11,5.0710689088444165e-2,155.4321,26.2557,548042.8,lightning,1,6.912710023768543e-3,3,14,1,1,16294,1359
20180918,2018-09-18T11:03:43.249825984Z,2018-09-18T11:03:43.249939978Z,0.000113994,13,6.493047804823111e-2,157.9256,22.5861,537712.6,lightning,1,1.312836792066224e-3,6,13,0,0,13891,831
20180920,2018-09-20T11:17:38.043130010Z,2018-09-20T11:17:38.043532013Z,0.000402003,20,2.860489240845277e-1,279.9846,13.7722,546685.5,lightning,1,8.041463773461191e-3,5,21,1,1,16107,2448
20180920,2018-09-20T12:17:43.193403989Z,2018-09-20T12:17:43.193607985Z,0.000203996,12,1.1474181859115152e-2,119.8393,17.7900,535430.9,lightning,1,3.242742127694451e-3,2,16,1,0,19527,1133
20180921,2018-09-21T10:31:40.607717990Z,2018-09-21T10:31:40.607939988Z,0.000221998,14,2.7187191617330475e-1,137.2980,15.2890,534740.0,lightning,1,8.196236456028195e-4,5,15,1,0,14587,2355
20180929,2018-09-29T03:27:23.332997977Z,2018-09-29T03:27:23.333319991Z,0.000322014,16,7.280631764085668e-3,336.3486,17.9809,542559.2,lightning,1,8.216241291697401e-5,5,17,1,0,14604,2510
20180930,2018-09-30T06:27:22.612157970Z,2018-09-30T06:27:22.612385988Z,0.000228018,13,6.804102532562492e-2,280.8664,20.4726,541725.3,lightning,1,4.6352330956478975e-3,9,16,3,1,17747,2564
20181008,2018-10-08T19:19:57.383717983Z,2018-10-08T19:19:57.383889973Z,0.000171990,16,2.8965769468041214e-1,2.5888,36.9714,537355.3,lightning,1,1.8032092615359397e-3,10,16,5,0,18110,2621
20181010,2018-10-10T12:57:43.877623975Z,2018-10-10T12:57:43.878145962Z,0.000521987,12,3.9567383047172104e-2,146.7297,-6.0035,539842.8,lightning,1,2.4960084419309894e-4,3,24,7,6,21101,1008
20181011,2018-10-11T14:20:09.099323987Z,2018-10-11T14:20:09.099480003Z,0.000156016,10,6.352209920103112e-2,110.3027,2.3878,536871.7,lightning,1,3.45850710597492e-3,10,12,1,1,12303,1240
20181013,2018-10-13T20:27:15.203565984Z,2018-10-13T20:27:15.203669995Z,0.000104011,10,2.617468190233175e-3,18.0917,-10.6874,538986.3,lightning,1,1.8852173346447013e-3,10,14,1,1,15368,1754
20181018,2018-10-18T08:19:03.059100002Z,2018-10-18T08:19:03.059641987Z,0.000541985,14,1.4097544825920118e-5,136.0088,20.4824,534670.0,lightning,1,1.3256686910908945e-3,1,25,1,0,20384,1809
20181018,2018-10-18T14:11:01.190620005Z,2018-10-18T14:11:01.190651983Z,0.000031978,9,2.373129992556995e-1,279.6309,24.9538,545567.2,lightning,1,4.09170776165888e-3,21,9,0,0,15667,1874
20181025,2018-10-25T20:00:23.623785972Z,2018-10-25T20:00:23.624449968Z,0.000663996,16,7.163286111347566e-4,290.9642,4.4341,535205.6,lightning,1,5.875488689451684e-3,3,23,0,0,14402,1071
20181026,2018-10-26T19:06:52.597333967Z,2018-10-26T19:06:52.597513973Z,0.000180006,13,9.23408352284312e-1,128.7933,5.5423,546068.1,lightning,1,3.278671338414884e-4,11,14,0,0,14527,858
20181028,2018-10-28T09:19:22.078465998Z,2018-10-28T09:19:22.078498005Z,0.000032007,8,1.5295906599314828e-2,276.8886,15.7173,546502.5,lightning,1,3.957155593803787e-3,9,9,1,0,18187,1188
20181029,2018-10-29T02:45:04.678249984Z,2018-10-29T02:45:04.678305983Z,0.000055999,13,7.241694980104671e-5,1.6215,7.7220,545132.1,lightning,1,1.557249405786411e-3,2,14,0,0,21826,3298
20181102,2018-11-02T16:24:53.318051993Z,2018-11-02T16:24:53.318452Z,0.000400007,10,2.206569036342101e-3,128.4340,8.9193,542739.0,lightning,1,1.3119393574297189e-3,8,19,6,3,15427,2119
20181107,2018-11-07T02:54:30.197099983Z,2018-11-07T02:54:30.197585999Z,0.000486016,11,1.1791488226173055e-2,305.1473,11.4330,539947.4,lightning,1,8.196049504139005e-5,1,21,0,0,17348,2091
20181113,2018-11-13T11:22:29.873207956Z,2018-11-13T11:22:29.873331964Z,0.000124008,13,2.924602494247812e-1,120.7274,-3.6367,535295.6,lightning,1,1.8161712646504384e-3,5,13,5,0,14409,2332
20181121,2018-11-21T04:28:40.250512003Z,2018-11-21T04:28:40.250777989Z,0.000265986,10,1.589050132442218e-1,347.8499,9.5485,545696.0,lightning,1,2.459051774444718e-3,10,16,1,0,14219,2595
20181122,2018-11-22T15:33:27.641809970Z,2018-11-22T15:33:27.642741978Z,0.000932008,14,1.8066488046372673e-3,191.8098,-8.6051,548608.6,lightning,1,9.119759118105072e-4,16,25,0,0,10793,1611
20181122,2018-11-22T21:07:04.828861951Z,2018-11-22T21:07:04.830381959Z,0.001520008,21,9.363201188022828e-4,286.4615,8.2033,533735.2,lightning,1,5.831342209654946e-3,22,30,2,0,11855,1104
20181124,2018-11-24T19:55:22.191541999Z,2018-11-24T19:55:22.191668003Z,0.000126004,11,2.0860527730187825e-1,99.2203,3.4801,545225.5,lightning,1,1.967765396278994e-3,9,12,1,0,11282,860
20181127,2018-11-27T06:03:30.153845995Z,2018-11-27T06:03:30.154439985Z,0.000593990,17,3.290936336683691e-5,133.3530,16.2629,534594.9,lightning,1,2.8784186378165723e-3,3,20,2,1,16295,776
20181209,2018-12-09T05:35:59.498403966Z,2018-12-09T05:35:59.498537987Z,0.000134021,13,2.3845947338049683e-1,45.3885,0.7228,544672.0,lightning,1,8.197477993607082e-4,4,14,0,0,18182,1353
20181209,2018-12-09T21:26:40.932719975Z,2018-12-09T21:26:40.933243960Z,0.000523985,15,1.0919075981241223e-3,155.6501,-6.5441,547150.8,lightning,1,4.515921334316859e-3,19,18,1,1,10436,2439
20181218,2018-12-18T09:43:06.981575965Z,2018-12-18T09:43:06.982653975Z,0.001078010,16,1.897163732576177e-5,107.3029,-3.5531,534399.4,lightning,1,3.785070215556102e-3,3,31,3,3,16078,1733
20181218,2018-12-18T18:26:17.640077978Z,2018-12-18T18:26:17.640591979Z,0.000514001,11,3.744874753742011e-4,150.6126,0.2334,547437.7,lightning,1,1.0664873780837636e-3,8,20,3,1,13653,2523
20181225,2018-12-25T11:44:30.122813999Z,2018-12-25T11:44:30.122893989Z,0.000079990,10,5.417392887813971e-1,27.9527,-0.5821,536192.3,lightning,1,9.016697565773298e-4,24,10,2,0,10327,2320
20181230,2018-12-30T09:26:54.727705955Z,2018-12-30T09:26:54.727785974Z,0.000080019,13,6.0646239555678e-5,49.1000,-17.0619,540071.0,lightning,1,8.196049504139005e-5,28,13,3,1,11568,1383
20190104,2019-01-04T17:11:21.708243966Z,2019-01-04T17:11:21.709031969Z,0.000788003,20,1.8697450223371763e-3,46.8412,-11.5912,537866.6,lightning,1,1.066280526186378e-3,2,34,1,1,22812,1797
20190106,2019-01-06T22:32:23.063005983Z,2019-01-06T22:32:23.063638001Z,0.000632018,24,1.1660158589985366e-1,151.1489,-5.8918,545079.3,lightning,1,2.625450946643718e-3,8,28,2,0,20563,1900
20190110,2019-01-10T08:18:17.415873974Z,2019-01-10T08:18:17.415999978Z,0.000126004,13,2.038175431969649e-1,149.8772,-6.0097,535160.6,lightning,1,5.07979436931399e-3,6,13,3,1,13857,2359
20190117,2019-01-17T20:47:03.089497983Z,2019-01-17T20:47:03.089527994Z,0.000030011,8,5.030194698957802e-1,112.4843,-11.0368,549302.0,lightning,1,5.655420686828948e-3,12,8,1,1,11795,1274
20190126,2019-01-26T09:51:00.033105999Z,2019-01-26T09:51:00.033237993Z,0.000131994,12,5.183833302454923e-3,232.9449,-20.6738,550297.2,lightning,1,1.6330247192853046e-3,6,13,0,0,16268,1749
20190129,2019-01-29T15:33:22.340023994Z,2019-01-29T15:33:22.340193986Z,0.000169992,12,5.589563468259691e-1,98.5393,3.8849,539337.6,lightning,1,1.804396426522416e-3,4,14,3,0,16568,1714
20190212,2019-02-12T08:44:36.200981974Z,2019-02-12T08:44:36.201407998Z,0.000426024,23,4.862967784436592e-3,154.7051,-30.3133,543612.9,lightning,1,1.1478198262437503e-3,2,27,2,0,26070,3318
20190213,2019-02-13T20:15:28.336155980Z,2019-02-13T20:15:28.336477994Z,0.000322014,13,1.6928653427108378e-3,108.4794,-5.0333,547967.7,lightning,1,1.3113679206622408e-3,2,18,1,0,17072,1989
20190216,2019-02-16T02:17:09.146582007Z,2019-02-16T02:17:09.146726012Z,0.000144005,16,1.4968134624030813e-4,3.0749,-5.4225,547195.3,lightning,1,2.9575824522580117e-3,3,19,0,0,22179,1536
20190217,2019-02-17T18:02:50.219720005Z,2019-02-17T18:02:50.219976007Z,0.000256002,17,8.216690585921054e-4,121.4325,-0.2924,546461.8,lightning,1,9.855057290386034e-4,4,19,0,0,14913,867
20190218,2019-02-18T00:20:03.005052Z,2019-02-18T00:20:03.005275994Z,0.000223994,17,7.211963607077935e-3,13.7626,-11.0218,546714.8,lightning,1,3.280148963199738e-3,0,19,1,0,19297,1571
20190226,2019-02-26T11:43:54.935707956Z,2019-02-26T11:43:54.936287969Z,0.000580013,13,1.6779343223069455e-3,146.0940,-12.6685,540932.5,lightning,1,1.0663681255634785e-3,6,22,2,1,14895,2481
20190227,2019-02-27T11:36:54.945455968Z,2019-02-27T11:36:54.945517957Z,0.000061989,12,1.082199819081989e-3,149.3054,-5.5673,540002.6,lightning,1,1.3118254241455615e-3,5,12,7,3,14029,2526
20190305,2019-03-05T01:08:21.575961977Z,2019-03-05T01:08:21.576273977Z,0.000312000,17,2.1036605438417544e-3,276.6822,0.2492,536061.8,lightning,1,4.19965223342349e-3,2,19,0,0,16711,1210
20190317,2019-03-17T20:35:56.564203977Z,2019-03-17T20:35:56.564277976Z,0.000073999,11,1.0807539256097248e-3,76.2507,5.0413,545803.6,lightning,1,9.030280140972052e-4,6,12,1,0,14813,1546
20190320,2019-03-20T03:23:53.776723980Z,2019-03-20T03:23:53.777219980Z,0.000496000,15,3.6531079703199217e-3,135.0430,-9.1158,538063.9,lightning,1,8.425766469961479e-3,13,23,5,2,14692,2594
20190323,2019-03-23T16:30:19.768099963Z,2019-03-23T16:30:19.768565952Z,0.000465989,15,3.792457852866605e-4,110.7424,-5.0462,544909.6,lightning,1,6.332859241045816e-3,6,22,6,2,17194,1724
20190401,2019-04-01T17:18:15.524419963Z,2019-04-01T17:18:15.524687975Z,0.000268012,14,5.931145451323383e-4,200.9972,-12.7200,548391.5,lightning,1,1.5580025981476928e-3,6,16,3,0,15564,2621
20190401,2019-04-01T18:54:35.199967980Z,2019-04-01T18:54:35.200073987Z,0.000106007,13,1.0960245610886846e-1,179.3019,-10.2425,547561.8,lightning,1,7.430770182771904e-4,8,13,2,0,15314,3106
20190403,2019-04-03T19:27:35.583993971Z,2019-04-03T19:27:35.584819972Z,0.000826001,19,2.4136430744438296e-4,351.9958,-2.7423,535802.8,lightning,1,9.860042783378412e-4,7,27,4,2,15475,2811
20190405,2019-04-05T00:36:18.964511960Z,2019-04-05T00:36:18.964723944Z,0.000211984,16,7.759641713367316e-3,39.4023,-33.3881,556189.5,lightning,1,7.376444553725104e-4,1,22,2,0,40354,2564
20190405,2019-04-05T04:53:56.874793976Z,2019-04-05T04:53:56.875049948Z,0.000255972,11,1.102415300627829e-1,212.9506,-13.2044,538821.0,lightning,1,2.0507703057126465e-3,3,16,1,0,15813,1692
20190411,2019-04-11T14:54:59.782785952Z,2019-04-11T14:54:59.782877981Z,0.000092029,12,2.4380457813167173e-3,0.1658,6.0822,532775.2,lightning,1,7.608149848373084e-3,14,13,2,0,15019,1755
20190425,2019-04-25T11:51:03.823145955Z,2019-04-25T11:51:03.823335975Z,0.000190020,12,1.0656945808694152e-1,140.0344,-2.7123,540088.9,lightning,1,2.0495050323743953e-3,9,14,0,0,13691,2396
20190430,2019-04-30T16:37:52.686531960Z,2019-04-30T16:37:52.686953961Z,0.000422001,11,1.2738050743113288e-1,220.8986,-3.0988,544469.4,lightning,1,8.207944430784362e-5,12,20,3,3,16422,1713
20190502,2019-05-02T17:03:51.362221986Z,2019-05-02T17:03:51.362775981Z,0.000553995,16,2.1424204131314618e-2,15.7767,-2.1217,534951.3,lightning,1,5.4916502335874105e-3,1,24,6,2,18430,1245
20190506,2019-05-06T10:11:24.636999964Z,2019-05-06T10:11:24.637217968Z,0.000218004,18,2.9742763216332256e-2,118.5230,18.8933,535319.2,lightning,1,3.93603207114171e-3,5,19,3,2,20431,897
20190507,2019-05-07T14:38:23.110469996Z,2019-05-07T14:38:23.110625982Z,0.000155986,14,1.4545814077928428e-3,17.7769,-4.6149,533616.4,lightning,1,5.661253208753381e-3,4,16,3,2,17582,1295
20190508,2019-05-08T00:22:36.671713978Z,2019-05-08T00:22:36.672033965Z,0.000319987,18,1.2350032932454216e-1,264.9224,25.7206,536498.5,lightning,1,1.3054001598229654e-2,14,20,4,2,21155,1424
20190509,2019-05-09T05:18:05.393561989Z,2019-05-09T05:18:05.393787980Z,0.000225991,21,6.878948043511912e-1,271.5177,39.3295,546708.0,lightning,1,3.0336984099663964e-3,9,22,3,2,30622,4605
20190515,2019-05-15T06:07:27.808157980Z,2019-05-15T06:07:27.808351963Z,0.000193983,14,5.395592972884373e-1,267.3123,12.5030,544026.8,lightning,1,1.2617162880091796e-2,8,16,3,1,17566,1691
20190516,2019-05-16T05:59:52.542649984Z,2019-05-16T05:59:52.543077975Z,0.000427991,13,6.579089846495532e-2,269.1942,6.7538,544298.4,lightning,1,1.0058437414965989e-2,3,20,1,0,17214,796
20190521,2019-05-21T01:57:27.331039994Z,2019-05-21T01:57:27.331249982Z,0.000209988,13,7.73208689986163e-4,291.4450,13.0894,539540.2,lightning,1,1.2294566920744202e-3,7,15,0,0,15707,1030
20190612,2019-06-12T18:28:10.857891976Z,2019-06-12T18:28:10.858203947Z,0.000311971,15,4.704664759468349e-4,122.8363,26.1147,548286.1,lightning,1,2.4590206540447507e-4,1,21,5,0,22020,1778
20190614,2019-06-14T06:04:52.607015967Z,2019-06-14T06:04:52.608125984Z,0.001110017,16,1.6814193309709682e-5,93.3417,-5.4018,535107.2,lightning,1,9.015654454552904e-4,6,30,2,1,15720,941
20190615,2019-06-15T16:58:36.002792Z,2019-06-15T16:58:36.002910017Z,0.000118017,14,8.314546677856745e-2,269.9330,4.4794,536255.8,lightning,1,1.1697830997459224e-3,3,14,0,0,16749,859
20190620,2019-06-20T17:07:40.862207949Z,2019-06-20T17:07:40.862431973Z,0.000224024,12,1.3502554842960193e-4,86.3699,22.5734,545126.0,lightning,1,1.1475780263912794e-3,1,17,0,0,20762,950
20190622,2019-06-22T17:25:13.269819974Z,2019-06-22T17:25:13.269913971Z,0.000093997,14,4.744034490607928e-5,218.7736,3.6379,541725.9,lightning,1,4.098815015162692e-4,7,15,4,0,17415,1574
20190626,2019-06-26T23:59:00.963723957Z,2019-06-26T23:59:00.963845968Z,0.000122011,11,1.985669948310215e-2,284.4585,7.3453,536766.7,lightning,1,2.3905310302434228e-3,8,14,1,1,17352,2355
20190703,2019-07-03T04:27:43.489057987Z,2019-07-03T04:27:43.489293992Z,0.000236005,17,1.244912009904092e-1,341.2040,7.5792,546882.8,lightning,1,2.0490123760347513e-3,12,17,0,0,14851,2792
20190703,2019-07-03T21:15:08.401353985Z,2019-07-03T21:15:08.401595979Z,0.000241994,13,3.668057577129961e-2,282.3634,8.6993,533030.6,lightning,1,9.845559380378655e-4,7,16,1,0,17411,1054
20190704,2019-07-04T20:15:12.470879971Z,2019-07-04T20:15:12.471059978Z,0.000180007,10,1.2913252414015572e-2,104.5133,-2.5793,547863.7,lightning,1,1.2294074256208507e-3,4,14,1,0,16101,909
20190707,2019-07-07T20:34:24.637615978Z,2019-07-07T20:34:24.637929975Z,0.000313997,15,6.693471967553996e-2,263.2942,5.4451,532527.5,lightning,1,5.74438529628719e-4,7,18,0,0,16128,2720
20190710,2019-07-10T11:16:54.797471970Z,2019-07-10T11:16:54.797785967Z,0.000313997,17,4.4992001179751406e-1,196.2242,3.4751,546175.5,lightning,1,8.196049504139005e-5,6,18,2,0,16099,1303
20190712,2019-07-12T17:18:12.693045973Z,2019-07-12T17:18:12.693615972Z,0.000569999,16,1.2362091057141013e-2,90.4618,4.2888,544693.6,lightning,1,2.9505778214900416e-3,2,21,5,3,15454,1342
20190721,2019-07-21T01:27:57.008809983Z,2019-07-21T01:27:57.009123980Z,0.000313997,14,1.9303922969730093e-2,264.7317,12.7236,536612.7,lightning,1,4.432879132857962e-3,6,21,2,0,18479,2258
20190721,2019-07-21T13:31:08.327965974Z,2019-07-21T13:31:08.329285979Z,0.001320005,16,3.903432588515314e-5,283.1484,7.9313,539343.9,lightning,1,7.377628686173265e-3,6,37,5,1,17159,1984
20190724,2019-07-24T10:33:21.300705969Z,2019-07-24T10:33:21.301241993Z,0.000536024,14,6.735785598898935e-5,114.9811,5.1060,535702.4,lightning,1,1.7212651094172609e-3,5,24,2,1,19296,1904
20190727,2019-07-27T12:36:47.732517957Z,2019-07-27T12:36:47.733139961Z,0.000622004,16,1.7041759369859746e-5,272.6924,20.1872,542427.9,lightning,1,1.967558937791984e-3,11,25,7,5,20267,3014
20190727,2019-07-27T12:39:28.587663978Z,2019-07-27T12:39:28.587929964Z,0.000265986,15,2.796705084835049e-4,280.7865,26.3381,541953.9,lightning,1,4.4275394475862635e-3,9,21,0,0,21929,3045
20190731,2019-07-31T17:07:59.356351971Z,2019-07-31T17:07:59.356709986Z,0.000358015,14,2.461068758580006e-3,286.9546,34.7893,536803.4,lightning,1,1.393328415703631e-3,7,23,5,0,25354,4515
20190801,2019-08-01T08:30:02.681485980Z,2019-08-01T08:30:02.681927978Z,0.000441998,14,4.064082732543296e-4,283.8208,3.5142,546853.0,lightning,1,5.09008198508319e-3,7,21,9,6,17190,2232
20190802,2019-08-02T08:20:48.718005955Z,2019-08-02T08:20:48.718239963Z,0.000234008,15,8.297706063891639e-3,281.5119,5.1979,546928.5,lightning,1,4.513003221047455e-3,5,18,0,0,17788,1113
20190805,2019-08-05T14:45:24.551345974Z,2019-08-05T14:45:24.551449984Z,0.000104010,12,1.0099285788944516e-1,299.3419,30.7330,538194.9,lightning,1,1.7526054421768708e-4,9,14,0,0,20835,1520
20190809,2019-08-09T07:16:08.802553951Z,2019-08-09T07:16:08.803273975Z,0.000720024,19,1.9598396668008578e-5,265.7278,16.6695,547295.9,lightning,1,1.4287463429227112e-2,13,29,2,1,18584,1276
20190811,2019-08-11T15:30:06.204995989Z,2019-08-11T15:30:06.205091983Z,0.000095994,11,1.4136179276845953e-1,277.0148,10.5563,536730.2,lightning,1,2.5416673961150727e-3,7,12,3,0,16062,2200
20190813,2019-08-13T14:27:43.656021952Z,2019-08-13T14:27:43.656087964Z,0.000066012,10,1.9484886292025547e-1,114.1440,2.5650,543648.9,lightning,1,5.737250389312352e-4,0,11,1,0,17899,2426
20190814,2019-08-14T04:53:34.740363955Z,2019-08-14T04:53:34.741085976Z,0.000722021,19,8.937393901780057e-3,276.5543,21.9958,546678.8,lightning,1,4.921209646750266e-3,15,28,4,1,20890,3664
20190814,2019-08-14T11:37:43.706933975Z,2019-08-14T11:37:43.707535982Z,0.000602007,20,1.1407248738157809e-3,275.4391,36.7566,547807.7,lightning,1,4.672407794443078e-3,7,33,4,3,29626,2432
20190823,2019-08-23T21:26:52.545269966Z,2019-08-23T21:26:52.545419991Z,0.000150025,15,6.586857214333403e-1,104.9780,13.6984,546245.6,lightning,1,4.0980247520695025e-4,0,15,2,1,18498,1991
20190826,2019-08-26T14:31:06.623145967Z,2019-08-26T14:31:06.624553978Z,0.001408011,39,1.4442079045592288e-5,176.7032,24.9507,548380.8,lightning,1,3.2809706581427754e-4,6,43,5,0,16370,1560
20190904,2019-09-04T06:15:48.785005956Z,2019-09-04T06:15:48.785811960Z,0.000806004,18,6.727284410149053e-5,133.3759,30.6214,534990.4,lightning,1,6.224784919268912e-3,2,31,4,3,22728,1077
20190906,2019-09-06T01:36:39.377437978Z,2019-09-06T01:36:39.377699971Z,0.000261993,11,2.497487481630671e-2,308.5177,20.7670,543548.6,lightning,1,5.570918531267929e-4,12,16,2,0,16041,2406
20190906,2019-09-06T13:46:28.165591984Z,2019-09-06T13:46:28.165677994Z,0.000086010,16,1.3052480171206796e-1,344.9475,16.4316,532369.9,lightning,1,2.4588148512417015e-4,1,17,0,0,39344,4306
20190907,2019-09-07T01:29:50.214989989Z,2019-09-07T01:29:50.215087980Z,0.000097991,10,8.561705133363548e-2,313.1029,13.2373,543594.3,lightning,1,2.4590292598967295e-4,5,11,4,1,14920,2357
20190912,2019-09-12T14:32:18.234467983Z,2019-09-12T14:32:18.234801977Z,0.000333994,14,4.0519147178428114e-3,329.9165,37.1193,535826.3,lightning,1,2.1309819604950412e-3,10,20,3,0,21364,1777
20190913,2019-09-13T14:09:51.435175985Z,2019-09-13T14:09:51.435539990Z,0.000364005,14,5.496436224995621e-4,285.9733,9.7822,536355.2,lightning,1,5.085460560609786e-3,12,18,0,0,17821,1402
20190926,2019-09-26T14:23:28.550985962Z,2019-09-26T14:23:28.551629960Z,0.000643998,18,3.935991876401472e-2,16.9917,-8.5194,534765.8,lightning,1,6.556839603311204e-4,11,22,5,3,15896,1557
20190929,2019-09-29T02:37:36.039990007Z,2019-09-29T02:37:36.040331989Z,0.000341982,13,1.1246556469497131e-4,152.5670,14.0508,532620.9,lightning,1,1.7231769527087943e-4,6,20,4,2,17899,1412
20190929,2019-09-29T18:37:08.893915951Z,2019-09-29T18:37:08.894277960Z,0.000362009,16,4.099629940067828e-1,285.7282,-1.7709,532781.9,lightning,1,3.444811105647078e-3,8,19,6,1,16141,2126
20190930,2019-09-30T02:27:39.027213990Z,2019-09-30T02:27:39.027314007Z,0.000100017,11,1.9063197867775403e-1,148.5184,14.1457,532911.7,lightning,1,7.376646012621916e-4,7,13,1,0,18655,2029
20191001,2019-10-01T06:23:40.823253959Z,2019-10-01T06:23:40.823319971Z,0.000066012,13,2.744848403326358e-3,283.2568,5.3207,547124.3,lightning,1,2.456318793541513e-3,6,13,1,0,18091,1572
20191001,2019-10-01T14:14:36.648709952Z,2019-10-01T14:14:36.649755954Z,0.001046002,17,1.035283839789833e-3,147.4137,-9.5230,548457.0,lightning,1,5.090408736988771e-4,8,30,3,1,15021,2312
20191002,2019-10-02T06:17:27.064401984Z,2019-10-02T06:17:27.065100014Z,0.000698030,28,8.893745525515708e-4,288.8915,14.6817,547186.3,lightning,1,1.1950841021227768e-2,5,30,0,0,18256,1096
20191002,2019-10-02T16:27:00.627711981Z,2019-10-02T16:27:00.628007978Z,0.000295997,11,2.984878089648272e-4,285.2836,11.2729,533418.0,lightning,1,6.087883099745922e-3,7,17,2,0,15984,2492
20191002,2019-10-02T20:35:19.359763979Z,2019-10-02T20:35:19.360019981Z,0.000256002,19,5.896143068231622e-1,70.0480,14.2375,547062.3,lightning,1,3.278419801655602e-4,6,19,0,0,19619,1190
20191003,2019-10-03T12:19:47.381021976Z,2019-10-03T12:19:47.381313979Z,0.000292003,14,7.790314130086684e-2,164.7122,-8.6050,547581.5,lightning,1,1.563582911236784e-3,11,16,1,1,14749,2564
20191011,2019-10-11T14:17:37.211457997Z,2019-10-11T14:17:37.211807996Z,0.000349999,16,8.67062516689578e-5,101.1650,8.2721,542924.9,lightning,1,2.5413733136628145e-3,2,21,1,0,23679,1624
20191012,2019-10-12T04:51:25.777515977Z,2019-10-12T04:51:25.777629971Z,0.000113994,13,5.76091010579024e-1,295.3887,40.4922,551295.3,lightning,1,3.282880419637735e-4,1,15,1,1,29517,4918
20191021,2019-10-21T08:31:57.480671972Z,2019-10-21T08:31:57.481081962Z,0.000409990,12,1.2096761106531176e-4,281.9626,12.3991,546337.6,lightning,1,3.6894962380132775e-3,11,18,0,0,15919,2216
20191021,2019-10-21T08:34:04.691877961Z,2019-10-21T08:34:04.692475974Z,0.000598013,15,2.9052152526801023e-5,287.4437,7.0106,545843.0,lightning,1,3.148124661912958e-3,10,24,6,2,15245,2175
20191027,2019-10-27T17:58:00.249943971Z,2019-10-27T17:58:00.251033991Z,0.001090020,15,3.39178437945237e-1,295.7162,2.8862,532125.1,lightning,1,9.717671322022786e-3,7,37,2,0,20063,1782
20191105,2019-11-05T02:49:32.051330Z,2019-11-05T02:49:32.051728010Z,0.000398010,14,3.851295390080212e-3,264.2631,18.8506,541427.4,lightning,1,1.1141686091303991e-3,5,21,0,0,19531,1158
20191107,2019-11-07T08:48:33.044149994Z,2019-11-07T08:48:33.045671999Z,0.001522005,40,8.803617164780934e-5,152.1484,24.5582,539222.7,lightning,1,1.0073945250389313e-2,3,51,2,0,17280,895
20191108,2019-11-08T00:47:45.323641985Z,2019-11-08T00:47:45.324087977Z,0.000445992,19,3.4584838160239224e-2,285.8972,10.4058,540302.6,lightning,1,4.72264313580854e-3,5,21,8,4,16075,1650
20191109,2019-11-09T18:09:30.015403985Z,2019-11-09T18:09:30.015496015Z,0.000092030,10,7.740267174260286e-2,22.6790,2.7307,540445.3,lightning,1,1.639209900827801e-4,9,12,0,0,15587,928
20191117,2019-11-17T00:01:20.027617990Z,2019-11-17T00:01:20.027902007Z,0.000284017,16,2.232556446880152e-4,45.6071,-21.7416,551716.1,lightning,1,4.0980247520695025e-4,0,23,2,2,31199,2282
20191117,2019-11-17T15:18:40.753415942Z,2019-11-17T15:18:40.753681957Z,0.000266015,12,1.1811347110860126e-1,25.8240,-7.9153,537476.3,lightning,1,6.558404966806e-4,7,16,0,0,15627,1074
20191118,2019-11-18T03:08:48.249076008Z,2019-11-18T03:08:48.249913990Z,0.000837982,20,7.090431072448689e-2,11.2614,-4.9733,546195.7,lightning,1,5.743974100483567e-4,3,32,0,0,20941,1383
20191123,2019-11-23T18:14:18.265071988Z,2019-11-23T18:14:18.265399992Z,0.000328004,16,3.0528516588017074e-4,113.7975,0.0096,547344.5,lightning,1,4.672463109581182e-3,1,19,0,0,17811,1779
20191208,2019-12-08T01:29:50.025373995Z,2019-12-08T01:29:50.025554001Z,0.000180006,17,5.032723363574697e-2,280.7745,7.8167,542568.2,lightning,1,2.010525883124334e-3,9,17,1,0,18069,2327
20191210,2019-12-10T10:37:34.405389994Z,2019-12-10T10:37:34.405719995Z,0.000330001,16,1.281407151083908e-4,116.3941,-3.4019,539480.2,lightning,1,2.3995787476436357e-3,5,18,1,1,16060,2532
20191210,2019-12-10T10:40:33.199880003Z,2019-12-10T10:40:33.200451999Z,0.000571996,15,1.7346336509298612e-4,123.8798,4.3138,540155.6,lightning,1,4.933031562986641e-3,3,24,5,1,15713,2415
20191214,2019-12-14T05:58:52.479755967Z,2019-12-14T05:58:52.479777991Z,0.000022024,8,3.6627487996348906e-1,340.0283,4.7137,543446.7,lightning,1,1.0655909925415949e-3,7,8,0,0,15145,1271
20191215,2019-12-15T20:06:17.256410002Z,2019-12-15T20:06:17.256489992Z,0.000079990,11,7.406124799138251e-2,116.1408,6.3382,544950.9,lightning,1,1.0659075813457914e-3,2,13,0,0,20378,875
20191216,2019-12-16T07:59:54.013951987Z,2019-12-16T07:59:54.014064013Z,0.000112026,13,1.8309952399847597e-2,110.5989,-9.9097,535435.9,lightning,1,2.460400098352594e-3,3,14,3,0,16882,2492
20191224,2019-12-24T18:36:34.886091947Z,2019-12-24T18:36:34.886887967Z,0.000796020,21,8.861382979170732e-2,80.9893,6.1016,546949.0,lightning,1,8.199709204163593e-4,7,27,0,0,16233,1890
20191228,2019-12-28T01:13:04.028494Z,2019-12-28T01:13:04.028939992Z,0.000445992,13,4.903575620890542e-3,133.1407,-12.8567,536551.8,lightning,1,1.0910742373575937e-2,11,20,5,1,15314,2527
20200109,2020-01-09T09:41:01.976209938Z,2020-01-09T09:41:01.976347953Z,0.000138015,14,4.855426654629749e-3,129.0605,-8.1346,541346.3,lightning,1,1.0577529669699205e-2,7,16,4,1,20770,1971
20200110,2020-01-10T19:42:23.598817974Z,2020-01-10T19:42:23.599075973Z,0.000257999,16,9.56910516560517e-5,125.9519,-13.5032,547160.9,lightning,1,2.786656831407262e-3,9,17,3,2,15621,2831
20200117,2020-01-17T05:13:25.896681964Z,2020-01-17T05:13:25.897155940Z,0.000473976,19,5.83214424433909e-4,153.9246,-15.5824,538305.2,lightning,1,9.019668305876568e-4,3,27,3,1,23811,1004
20200118,2020-01-18T15:13:49.379259973Z,2020-01-18T15:13:49.379351973Z,0.000092000,11,2.8101876611120232e-2,148.3249,-8.3867,548754.6,lightning,1,8.445140078682075e-3,9,12,1,0,15032,2285
20200120,2020-01-20T10:14:03.428465992Z,2020-01-20T10:14:03.429013967Z,0.000547975,21,2.7932640578426208e-2,228.9285,7.6399,546613.7,lightning,1,1.6609174739775428e-3,12,23,7,4,16186,1076
20200208,2020-02-08T06:56:04.069205999Z,2020-02-08T06:56:04.070381999Z,0.001176000,13,3.1107616009529606e-5,133.9072,-13.0032,537559.7,lightning,1,9.37924761904762e-3,11,31,5,1,15693,2309
20200208,2020-02-08T06:57:06.548977971Z,2020-02-08T06:57:06.549387991Z,0.000410020,18,2.040510128882046e-3,136.6434,-10.3704,537381.8,lightning,1,5.6744314564379965e-3,12,21,1,1,15086,2287
20200210,2020-02-10T02:45:48.807849943Z,2020-02-10T02:45:48.808365941Z,0.000515998,17,1.4022374427180287e-1,27.2094,-7.7228,543139.5,lightning,1,2.2129333661175315e-3,10,21,8,0,15464,2524
20200210,2020-02-10T07:16:00.932789951Z,2020-02-10T07:16:00.933325946Z,0.000535995,30,4.252109542623957e-1,270.7660,30.7592,548813.4,lightning,1,1.5144802008032128e-2,8,30,4,1,24590,3729
20200215,2020-02-15T17:52:11.677911996Z,2020-02-15T17:52:11.678317993Z,0.000405997,16,3.73303013565287e-4,133.0741,-15.5009,547871.9,lightning,1,9.187390787640358e-3,4,23,1,0,20231,1615
20200216,2020-02-16T11:21:56.594641983Z,2020-02-16T11:21:56.594837963Z,0.000195980,17,1.1567531057084517e-1,229.1893,-18.1593,548738.5,lightning,1,3.6473394148020654e-3,6,17,0,0,17559,1190
20200226,2020-02-26T08:47:44.858517974Z,2020-02-26T08:47:44.859239965Z,0.000721991,20,6.554379369878381e-5,5.2145,1.8323,533635.9,lightning,1,2.296436087205966e-3,5,32,5,4,24390,2152
20200302,2020-03-02T08:45:51.122075974Z,2020-03-02T08:45:51.122451990Z,0.000376016,17,2.2455733434492953e-5,155.0165,-3.3990,543012.9,lightning,1,2.4588148512417015e-4,2,24,4,1,21319,1532
20200304,2020-03-04T08:25:08.886499941Z,2020-03-04T08:25:08.886779963Z,0.000280022,20,4.620948872943357e-1,145.4945,-1.6699,540850.0,lightning,1,2.7899655274157857e-3,2,21,1,0,23333,1718
20200311,2020-03-11T09:28:39.081893980Z,2020-03-11T09:28:39.082984Z,0.001090020,21,1.1328995584622688e-2,236.7034,-22.0256,551796.9,lightning,1,3.9369503811163015e-3,5,33,4,2,17704,2944
20200313,2020-03-13T20:22:58.895523965Z,2020-03-13T20:22:58.895605981Z,0.000082016,14,4.0324977895358105e-1,77.9823,-4.4969,546982.2,lightning,1,8.200613966068356e-4,1,14,0,0,26260,2356
20200315,2020-03-15T16:51:08.262993991Z,2020-03-15T16:51:08.263339996Z,0.000346005,17,1.1238032417356593e-4,115.8149,-7.3889,548260.0,lightning,1,3.015544119334481e-3,7,19,1,0,16237,2630
20200315,2020-03-15T18:27:43.617499977Z,2020-03-15T18:27:43.617611974Z,0.000111997,15,5.189855326839198e-1,94.7376,-4.1563,547508.4,lightning,1,1.4757572084255388e-3,3,15,3,1,24089,2751
20200316,2020-03-16T11:12:13.249379992Z,2020-03-16T11:12:13.249889969Z,0.000509977,12,1.5589602630934345e-3,28.9807,-5.0862,533320.6,lightning,1,4.262635144660274e-3,2,22,1,0,15788,1006
20200316,2020-03-16T22:11:36.031803995Z,2020-03-16T22:11:36.031857997Z,0.000054002,11,1.2056408533410294e-1,198.7609,15.3145,532040.8,lightning,1,2.213936792066224e-3,5,11,2,1,17671,1422
20200322,2020-03-22T14:02:54.183899998Z,2020-03-22T14:02:54.184671998Z,0.000772000,15,1.2350429727376114e-4,105.6569,-14.1777,547935.4,lightning,1,2.0099621096631424e-3,0,27,1,1,17754,1270
20200330,2020-03-30T11:10:06.652119964Z,2020-03-30T11:10:06.653391957Z,0.001271993,21,4.6103329989913315e-3,105.9191,-7.0394,541897.8,lightning,1,8.142162716170806e-3,3,37,2,1,18149,1731
20200405,2020-04-05T14:12:45.338801980Z,2020-04-05T14:12:45.339212Z,0.000410020,16,3.481125946528773e-2,213.1283,-4.6337,542073.2,lightning,1,5.742037292025243e-4,5,22,0,0,16521,1006
20200407,2020-04-07T01:09:04.262751996Z,2020-04-07T01:09:04.263127982Z,0.000375986,12,1.009016259311044e-3,36.9807,-2.1683,542950.9,lightning,1,4.0980247520695025e-4,7,18,0,0,15141,968
20200417,2020-04-17T15:18:29.244299978Z,2020-04-17T15:18:29.244787991Z,0.000488013,20,1.0696671733934704e-4,106.6870,6.6179,546545.6,lightning,1,1.8034662076878943e-3,4,23,3,2,17697,1600
20200417,2020-04-17T15:22:44.664313971Z,2020-04-17T15:22:44.664487957Z,0.000173986,12,3.0231779689374725e-4,117.3775,-4.3691,547784.8,lightning,1,5.656852118678797e-3,4,15,0,0,18104,1393
20200418,2020-04-18T09:36:08.539865970Z,2020-04-18T09:36:08.539973974Z,0.000108004,10,7.84464318943323e-1,10.9743,-3.2501,532692.1,lightning,1,1.5575778296860914e-3,4,13,0,0,19651,1615
20200424,2020-04-24T01:21:19.861167967Z,2020-04-24T01:21:19.861199975Z,0.000032008,9,2.178373510089414e-1,262.4969,17.0237,541774.7,lightning,1,8.135453356282272e-3,14,9,1,1,15318,2640
20200424,2020-04-24T18:55:04.579029977Z,2020-04-24T18:55:04.579131960Z,0.000101983,14,5.199061427608436e-3,9.0116,4.0769,543218.2,lightning,1,1.3948085320875335e-3,11,14,6,2,15657,1876
20200522,2020-05-22T13:33:54.206297993Z,2020-05-22T13:33:54.206673979Z,0.000375986,10,3.687027585037187e-2,112.9236,16.9942,546286.4,lightning,1,8.463829202524384e-3,0,14,2,1,7542,805
20200605,2020-06-05T16:37:11.495645970Z,2020-06-05T16:37:11.495757997Z,0.000112027,16,4.924561402850232e-3,129.3590,6.7999,545212.0,lightning,1,1.3117655765920826e-3,5,16,1,1,21081,1742
20200607,2020-06-07T11:41:14.594759970Z,2020-06-07T11:41:14.594857990Z,0.000098020,13,7.573755449301738e-5,220.7034,-19.1071,546965.6,lightning,1,4.920650766330628e-4,5,14,11,10,16784,2515
20200611,2020-06-11T04:23:47.362057983Z,2020-06-11T04:23:47.362825989Z,0.000768006,22,7.655037839896567e-3,260.6828,20.7343,546575.1,lightning,1,2.1653887419064013e-2,8,31,9,5,20209,2776
20200623,2020-06-23T12:54:36.776893973Z,2020-06-23T12:54:36.777243971Z,0.000349998,14,1.9725052192898945e-4,267.7059,10.0510,534487.0,lightning,1,5.003601458896812e-3,6,18,1,1,17883,2876
20200628,2020-06-28T10:31:17.349145978Z,2020-06-28T10:31:17.349409997Z,0.000264019,15,4.813267671780799e-5,278.9251,16.1599,537144.1,lightning,1,1.594200458978772e-3,13,16,7,1,14500,1709
20200704,2020-07-04T00:25:35.323673963Z,2020-07-04T00:25:35.324007987Z,0.000334024,18,5.631514396119759e-3,150.3899,33.9543,534521.1,lightning,1,2.2737658388656667e-4,3,21,1,0,18349,1705
20200715,2020-07-15T04:27:00.245674014Z,2020-07-15T04:27:00.245902001Z,0.000227987,13,1.6223136759399248e-1,255.7193,11.1213,546443.3,lightning,1,2.3307913777559216e-3,8,16,0,0,17772,2069
20200721,2020-07-21T09:51:19.990109920Z,2020-07-21T09:51:19.990185976Z,0.000076056,10,4.0601796195802553e-1,145.1706,20.0640,545754.7,lightning,1,1.4752889107450208e-3,10,11,2,0,15128,2408
20200721,2020-07-21T16:37:53.050570011Z,2020-07-21T16:37:53.051205992Z,0.000635981,14,1.4223827052820896e-5,152.8373,33.9920,545309.3,lightning,1,5.573701090074584e-3,7,25,1,0,17764,1091
20200723,2020-07-23T17:58:34.448197960Z,2020-07-23T17:58:34.448373973Z,0.000176013,12,4.955223648634156e-1,139.3050,22.3621,542414.2,lightning,1,4.098464879927875e-3,10,13,0,0,14155,920
20200802,2020-08-02T13:04:31.605291962Z,2020-08-02T13:04:31.605581939Z,0.000289977,14,1.325336543006831e-1,141.5508,27.6083,547953.5,lightning,1,4.591240504876649e-3,5,18,0,0,18229,1176
20200803,2020-08-03T18:40:45.268357992Z,2020-08-03T18:40:45.269001960Z,0.000643968,16,1.4301139338793768e-2,267.2991,3.6637,533567.5,lightning,1,7.383622981722809e-4,9,24,2,0,17046,2839
20200805,2020-08-05T04:45:41.738566458Z,2020-08-05T04:45:41.738619983Z,0.000053525,11,8.754310577918567e-2,274.2005,8.1352,546045.1,lightning,1,9.761365658552578e-3,9,11,3,2,17230,1704
20200811,2020-08-11T13:22:33.571757972Z,2020-08-11T13:22:33.572127938Z,0.000369966,11,1.1579414153002233e-3,119.3025,-6.2551,547648.3,lightning,1,1.6396976477337923e-4,6,16,2,0,13568,1321
20200812,2020-08-12T00:26:27.445407986Z,2020-08-12T00:26:27.445649981Z,0.000241995,13,1.4136054268418636e-3,300.9948,2.4750,545961.8,lightning,1,1.7211703958691911e-3,5,17,4,1,15783,2600
20200815,2020-08-15T21:57:36.794965982Z,2020-08-15T21:57:36.795459926Z,0.000493944,21,7.471107571962283e-5,271.5633,33.1243,540807.3,lightning,1,4.755898049340218e-3,6,27,5,2,26889,2607
20200816,2020-08-16T00:42:27.627209961Z,2020-08-16T00:42:27.627259969Z,0.000050008,10,7.500895001772591e-1,116.0596,19.6587,532274.5,lightning,1,1.8462635767560035e-3,4,10,0,0,16461,2092
20200820,2020-08-20T17:56:23.829595923Z,2020-08-20T17:56:23.829649925Z,0.000054002,11,9.874755034769524e-2,300.6003,33.1203,537195.0,lightning,1,2.623666904352102e-3,23,11,1,1,17671,1954
20200823,2020-08-23T04:49:38.925201952Z,2020-08-23T04:49:38.925271928Z,0.000069976,13,1.3361422335482862e-2,143.0194,19.7088,536198.9,lightning,1,1.2303639865584787e-3,6,13,0,0,19268,822
20200823,2020-08-23T19:07:17.686617970Z,2020-08-23T19:07:17.686777949Z,0.000159979,13,2.90347266369656e-5,283.8677,20.3837,535567.8,lightning,1,4.099089402507992e-3,5,16,1,1,18886,2836
20200825,2020-08-25T08:37:56.451465964Z,2020-08-25T08:37:56.451805949Z,0.000339985,19,6.815806027788785e-3,280.8656,6.0126,539268.4,lightning,1,2.6253344234079172e-3,4,20,1,0,18292,2766
20200828,2020-08-28T20:56:02.576785981Z,2020-08-28T20:56:02.576997995Z,0.000212014,19,7.559284536863804e-1,90.8033,20.6147,539730.4,lightning,1,4.0980247520695025e-4,3,19,3,0,23998,1450
20200829,2020-08-29T12:35:58.185000002Z,2020-08-29T12:35:58.185369968Z,0.000369966,15,3.069647441978168e-3,173.5283,-13.1571,548007.3,lightning,1,2.7887500778624704e-3,14,18,3,0,11801,2597
20200830,2020-08-30T11:46:34.879323959Z,2020-08-30T11:46:34.879443943Z,0.000119984,13,1.6197016177664034e-3,23.3608,-8.6303,536741.6,lightning,1,5.737234652897303e-4,18,15,1,0,16094,2622
20200831,2020-08-31T08:07:42.813290953Z,2020-08-31T08:07:42.813314914Z,0.000023961,8,3.51676337763696e-1,16.1039,34.5312,534818.8,lightning,1,1.2111176428161624e-2,19,8,1,1,13895,2287
20200831,2020-08-31T21:50:13.801087975Z,2020-08-31T21:50:13.802133917Z,0.001045942,13,1.0062014954195324e-4,26.8097,-6.6596,546639.4,lightning,1,1.475596729776248e-3,3,34,0,0,19113,1137
20200902,2020-09-02T15:50:49.620433926Z,2020-09-02T15:50:49.620559930Z,0.000126004,11,2.221008080521294e-1,269.2687,20.2944,532178.5,lightning,1,3.3631042537496927e-3,8,13,0,0,19391,1097
20200905,2020-09-05T09:08:16.156177997Z,2020-09-05T09:08:16.156381964Z,0.000203967,10,9.789198783645102e-2,18.5159,-2.8158,532475.3,lightning,1,6.556839603311204e-4,14,13,1,0,11616,1194
20200905,2020-09-05T18:05:26.223785996Z,2020-09-05T18:05:26.224937975Z,0.001151979,18,1.1901478578981365e-2,102.4479,32.9194,545035.1,lightning,1,1.0654864355380707e-3,6,43,1,1,23246,1056
20200906,2020-09-06T01:50:05.907895922Z,2020-09-06T01:50:05.908455967Z,0.000560045,20,3.536780026375111e-3,305.9735,5.0638,545907.4,lightning,1,3.2861117941152364e-4,3,29,1,0,26378,2665
20200909,2020-09-09T00:20:07.817029953Z,2020-09-09T00:20:07.818099975Z,0.001070022,22,1.4095333412140795e-1,94.6600,24.7128,535612.0,lightning,1,4.0980247520695025e-4,2,39,3,2,22731,2098
20200911,2020-09-11T02:38:53.748315930Z,2020-09-11T02:38:53.748487949Z,0.000172019,17,5.603574576404406e-2,273.0026,15.5304,546340.8,lightning,1,1.8103050864683223e-2,2,17,4,0,19268,3039
20200915,2020-09-15T08:49:08.377164006Z,2020-09-15T08:49:08.377755999Z,0.000591993,22,5.732102644850373e-3,278.7651,29.3902,541844.1,lightning,1,4.099141627735432e-4,8,31,0,0,23747,1243
20200923,2020-09-23T08:43:22.812241971Z,2020-09-23T08:43:22.812645971Z,0.000404000,18,6.829027533423866e-3,135.7596,35.8633,547025.5,lightning,1,1.7220194574215227e-3,1,24,1,0,24945,2158
20200923,2020-09-23T19:36:09.984559953Z,2020-09-23T19:36:09.985423922Z,0.000863969,13,9.844459114363626e-3,282.2475,2.8390,537480.7,lightning,1,7.856292451438407e-3,7,31,2,0,18567,2806
20200926,2020-09-26T17:35:54.488813996Z,2020-09-26T17:35:54.489959955Z,0.001145959,22,5.12241389895608e-4,309.1256,16.7557,537777.6,lightning,1,1.6424182444061962e-4,3,38,1,0,19919,2216
20201006,2020-10-06T00:39:37.929157912Z,2020-10-06T00:39:37.929599940Z,0.000442028,14,2.4541298016233472e-2,296.9775,6.8408,545712.2,lightning,1,9.590609769691009e-3,17,18,4,1,11397,2020
20201006,2020-10-06T13:14:05.559337973Z,2020-10-06T13:14:05.559365987Z,0.000028014,9,3.73425752639184e-2,80.1985,26.5105,545166.0,lightning,1,2.213201040898287e-3,16,9,0,0,14575,1985
20201007,2020-10-07T14:08:34.371623992Z,2020-10-07T14:08:34.371984004Z,0.000360012,11,1.36538759560667e-3,289.4488,15.7293,532016.2,lightning,1,5.920405433980821e-3,12,17,0,0,13741,1300
20201015,2020-10-15T21:20:37.792563915Z,2020-10-15T21:20:37.792903959Z,0.000340044,18,1.4998101102058953e-1,276.9072,12.2122,539554.6,lightning,1,3.7092340299975414e-3,6,20,2,1,17515,2413
20201018,2020-10-18T10:43:03.793761968Z,2020-10-18T10:43:03.794027924Z,0.000265956,16,1.2449268851472727e-4,275.1090,19.3846,535068.9,lightning,1,1.2646450536841242e-3,23,17,4,3,15429,3145
20201026,2020-10-26T14:40:48.437775969Z,2020-10-26T14:40:48.438045978Z,0.000270009,16,2.477376726403501e-5,301.2924,17.3984,532398.8,lightning,1,3.762965912630112e-3,16,18,2,0,12442,1989
20201028,2020-10-28T15:59:58.322883963Z,2020-10-28T15:59:58.323493957Z,0.000609994,11,6.423750001988603e-5,280.3322,6.8720,532332.6,lightning,1,1.449281834275879e-2,14,21,1,0,12663,920
20201030,2020-10-30T03:49:16.419011950Z,2020-10-30T03:49:16.419215977Z,0.000204027,14,2.664929406717868e-4,285.8113,4.7552,544779.9,lightning,1,3.0370978280468814e-3,14,15,0,0,14126,2536
20201101,2020-11-01T13:00:06.970003962Z,2020-11-01T13:00:06.970305919Z,0.000301957,15,2.9905566234831937e-5,130.6500,2.8610,545844.7,lightning,1,1.6508845094664372e-3,4,18,0,0,14787,815
20201128,2020-11-28T14:01:30.763291954Z,2020-11-28T14:01:30.763425946Z,0.000133992,12,1.0905856212578836e-1,128.6765,-10.5618,546557.1,lightning,1,1.1474469305794606e-3,2,15,4,2,20048,750
20201129,2020-11-29T02:36:52.095089972Z,2020-11-29T02:36:52.095219969Z,0.000129997,14,5.950355715044768e-1,276.4205,7.9488,545497.7,lightning,1,3.212907712482583e-3,5,14,0,0,17496,1900
20201205,2020-12-05T09:31:34.259249985Z,2020-12-05T09:31:34.259709954Z,0.000459969,17,2.566552996829798e-4,130.4694,9.3723,544239.3,lightning,1,5.739404884845504e-4,6,24,0,0,23450,1753
20201213,2020-12-13T16:56:27.828075945Z,2020-12-13T16:56:27.828229963Z,0.000154018,12,2.970169078125679e-1,152.1610,-3.2154,538344.9,lightning,1,6.7883034013605445e-3,10,14,3,0,14373,2143
20201214,2020-12-14T15:06:37.254565954Z,2020-12-14T15:06:37.254657983Z,0.000092029,12,4.0475633200664846e-1,161.4778,-14.1569,543163.3,lightning,1,5.789054831571183e-4,5,12,2,0,15430,1312
20210102,2021-01-02T11:01:05.056122004Z,2021-01-02T11:01:05.056219995Z,0.000097991,11,6.884050905498972e-1,271.3720,21.7805,534887.7,lightning,1,1.8844811630194247e-2,30,12,1,0,15755,2485
20210111,2021-01-11T08:01:07.713077962Z,2021-01-11T08:01:07.713191926Z,0.000113964,9,5.471168192349395e-1,281.5067,2.4483,537306.4,lightning,1,2.5913303909515613e-3,6,12,0,0,16399,1102
20210114,2021-01-14T21:05:53.808525919Z,2021-01-14T21:05:53.808603942Z,0.000078023,14,7.912194562204984e-4,257.5084,11.5080,539764.5,lightning,1,5.400705802803049e-3,5,14,4,3,18001,1837
20210121,2021-01-21T09:36:37.663985967Z,2021-01-21T09:36:37.664119958Z,0.000133991,11,1.6797959546095906e-1,214.0108,-16.9265,544949.5,lightning,1,1.4354645397918205e-2,12,12,1,1,12106,1540
20210121,2021-01-21T14:19:43.393553972Z,2021-01-21T14:19:43.393610Z,0.000056028,11,8.264048503196739e-2,133.6571,-9.8104,544375.4,lightning,1,9.835259404966806e-4,6,11,0,0,16476,909
20210125,2021-01-25T03:57:52.031325995Z,2021-01-25T03:57:52.031517982Z,0.000191987,11,1.4917560157713056e-2,241.2949,12.8809,545233.3,lightning,1,4.075711581017949e-3,5,16,1,0,21359,940
20210129,2021-01-29T04:43:47.747007966Z,2021-01-29T04:43:47.747249960Z,0.000241994,13,9.437534098717618e-1,176.6601,31.6920,544422.5,lightning,1,4.892299204983198e-3,6,17,0,0,19358,1027
20210201,2021-02-01T17:14:22.191326022Z,2021-02-01T17:14:22.191504001Z,0.000177979,11,2.247190231863573e-2,23.3126,-14.4426,547938.4,lightning,1,1.4754045242193262e-3,8,14,1,1,17073,1168
20210201,2021-02-01T22:42:01.165856003Z,2021-02-01T22:42:01.166051983Z,0.000195980,15,6.056235203418154e-4,103.0009,-0.9349,533267.3,lightning,1,9.015654454552904e-4,2,19,2,1,21611,2648
20210202,2021-02-02T15:30:35.330043971Z,2021-02-02T15:30:35.330177962Z,0.000133991,13,2.318886280230808e-2,48.7221,-18.9013,549215.7,lightning,1,1.065743586591263e-3,20,14,0,0,13628,1790
20210208,2021-02-08T15:57:40.310382008Z,2021-02-08T15:57:40.310607969Z,0.000225961,15,3.118804739103557e-1,344.3405,-2.5824,541428.1,lightning,1,3.282187591181051e-3,6,16,1,1,16154,1840
20210212,2021-02-12T00:09:12.559021949Z,2021-02-12T00:09:12.559185981Z,0.000164032,15,1.114467839053382e-1,14.5694,-2.3455,539784.8,lightning,1,3.278419801655602e-4,2,16,1,0,20261,1451
20210218,2021-02-18T20:43:00.428295969Z,2021-02-18T20:43:00.428473949Z,0.000177980,13,7.317946910675231e-4,227.4326,-20.2818,541427.5,lightning,1,2.4535440701581837e-3,15,15,1,1,12581,1733
20210221,2021-02-21T11:09:31.375647962Z,2021-02-21T11:09:31.376043975Z,0.000396013,18,4.703342603032772e-3,119.9917,-25.6405,551396.5,lightning,1,3.86782644865175e-3,20,21,14,7,16579,3486
20210222,2021-02-22T07:50:24.150741994Z,2021-02-22T07:50:24.150835990Z,0.000093996,12,1.1354007691995988e-1,170.1299,-21.5047,550177.5,lightning,1,2.62338710761413e-3,29,12,0,0,13691,2481
20210222,2021-02-22T19:05:32.148177981Z,2021-02-22T19:05:32.148639976Z,0.000461995,14,1.5337241729619306e-3,21.3990,-1.6392,545214.0,lightning,1,2.0494277108433737e-3,2,21,2,1,18810,1349
20210228,2021-02-28T08:25:23.196316003Z,2021-02-28T08:25:23.196391999Z,0.000075996,9,3.62604172990046e-2,127.1826,-17.8198,547341.2,lightning,1,2.8736113269404147e-3,14,10,0,0,13006,2727
20210321,2021-03-21T08:58:33.722405970Z,2021-03-21T08:58:33.722491979Z,0.000086009,11,2.9455211341083853e-1,196.1066,-12.1592,545025.1,lightning,1,1.9083658634538151e-3,21,11,0,0,12231,1308
20210327,2021-03-27T09:30:02.650901973Z,2021-03-27T09:30:02.651757955Z,0.000855982,22,5.323931159118396e-4,144.3165,-7.7505,546333.1,lightning,1,1.9877915416769117e-3,3,35,2,0,23010,1960
20210327,2021-03-27T20:21:19.825263977Z,2021-03-27T20:21:19.825721979Z,0.000458002,13,1.108730894235271e-3,290.5641,30.9126,543803.2,lightning,1,3.6376751167937057e-3,9,24,4,2,22021,3663
20210401,2021-04-01T18:51:22.667401969Z,2021-04-01T18:51:22.667589962Z,0.000187993,14,2.241020507184721e-1,131.0848,-8.9482,536175.7,lightning,1,1.639209900827801e-4,3,15,4,1,15120,2397
20210406,2021-04-06T19:26:20.647701978Z,2021-04-06T19:26:20.648451983Z,0.000750005,23,5.72059135308559e-3,62.9156,-29.1995,548793.2,lightning,1,1.1477692648143595e-3,2,41,2,0,34879,4004
20210409,2021-04-09T10:55:16.210211992Z,2021-04-09T10:55:16.210789978Z,0.000577986,21,9.941628381167792e-5,160.2474,-35.6520,553696.2,lightning,1,1.8034194492254731e-3,8,29,4,2,27539,1760
20210409,2021-04-09T22:14:29.001622021Z,2021-04-09T22:14:29.001951992Z,0.000329971,11,3.140465251168093e-2,27.7461,-8.8186,541302.0,lightning,1,9.835259404966806e-4,7,16,2,0,14604,1512
20210412,2021-04-12T17:04:32.984465956Z,2021-04-12T17:04:32.985029935Z,0.000563979,19,2.368255963568606e-3,106.9529,9.4612,538435.3,lightning,1,1.9672964920908124e-3,4,24,5,1,22257,984
20210414,2021-04-14T14:03:41.079364001Z,2021-04-14T14:03:41.080115973Z,0.000751972,15,3.4791494076762047e-5,267.9667,32.0357,534144.9,lightning,1,2.4541563732480943e-2,5,34,9,0,26099,4003
20210417,2021-04-17T05:02:45.118809998Z,2021-04-17T05:02:45.119400024Z,0.000590026,18,2.4686135686294575e-1,250.4873,2.2947,542786.3,lightning,1,2.52948545201213e-4,9,23,1,0,17174,1101
20210421,2021-04-21T09:00:01.054787993Z,2021-04-21T09:00:01.055036008Z,0.000248015,18,2.0441025646765515e-1,144.0297,-15.9476,548082.4,lightning,1,2.378281550692566e-3,7,18,1,0,16791,1365
20210424,2021-04-24T16:30:09.322556018Z,2021-04-24T16:30:09.322697997Z,0.000141979,12,9.49391727979395e-2,23.5714,-3.9406,545237.2,lightning,1,1.393776493730022e-3,7,15,0,0,18163,1606
20210426,2021-04-26T18:35:32.671515941Z,2021-04-26T18:35:32.671785950Z,0.000270009,15,1.241689052603516e-3,167.6173,-4.3919,533002.1,lightning,1,6.556839603311204e-4,8,17,1,1,13331,1874
20210426,2021-04-26T20:57:45.682057976Z,2021-04-26T20:57:45.682455956Z,0.000397980,18,4.3568373898434775e-3,309.2937,2.4052,544369.8,lightning,1,1.3945744693057943e-3,2,26,0,0,27870,1913
20210427,2021-04-27T15:59:08.102151989Z,2021-04-27T15:59:08.103522002Z,0.001370013,32,4.199962388725467e-2,12.4159,-3.5918,544592.5,lightning,1,2.541057601835915e-3,14,39,1,0,14278,1182
20210427,2021-04-27T15:59:08.104070007Z,2021-04-27T15:59:08.105156004Z,0.001085997,33,7.578849295279698e-3,12.4159,-3.5917,544592.5,lightning,1,2.541057618228014e-3,14,35,8,3,14274,1182
20210428,2021-04-28T14:10:49.416649997Z,2021-04-28T14:10:49.416671991Z,0.000021994,8,1.822078537956767e-1,26.1756,-10.2977,544829.2,lightning,1,4.102035816736333e-4,7,8,0,0,13984,1615
20210430,2021-04-30T09:51:53.911717951Z,2021-04-30T09:51:53.912185966Z,0.000468015,16,4.732955490585038e-3,259.4435,10.0125,534279.3,lightning,1,2.272832841570363e-3,3,22,0,0,18934,964
20210501,2021-05-01T17:40:56.855159938Z,2021-05-01T17:40:56.855353951Z,0.000194013,13,1.881085145211692e-2,141.7101,2.5631,534423.7,lightning,1,3.2841706499467257e-3,1,18,1,0,23558,1356
20210502,2021-05-02T19:02:02.800805926Z,2021-05-02T19:02:02.801187992Z,0.000382066,14,2.1590510432189704e-3,103.8212,12.3628,536203.1,lightning,1,1.8851376608474712e-3,0,19,0,0,18604,766
20210503,2021-05-03T21:22:58.016391992Z,2021-05-03T21:22:58.016431987Z,0.000039995,8,5.920151519975679e-1,264.8755,9.1503,542472.2,lightning,1,2.810839988525531e-3,9,9,2,0,17375,1396
20210504,2021-05-04T13:10:27.940817952Z,2021-05-04T13:10:27.941047966Z,0.000230014,12,3.5117541922323144e-2,8.2525,-5.2364,541107.5,lightning,1,9.015654454552904e-4,1,17,0,0,20794,1556
20210506,2021-05-06T21:00:57.856351971Z,2021-05-06T21:00:57.856721937Z,0.000369966,15,4.327193109632055e-2,280.2913,30.6254,545660.6,lightning,1,1.5487596270797476e-2,6,23,0,0,24347,3105
20210507,2021-05-07T18:15:29.884641945Z,2021-05-07T18:15:29.884751975Z,0.000110030,14,2.7902538409970716e-5,98.4449,-1.5383,537906.2,lightning,1,3.0503672158019835e-3,6,16,4,2,17037,973
20210509,2021-05-09T05:05:20.531799972Z,2021-05-09T05:05:20.532139956Z,0.000339984,22,1.2606865477928633e-1,267.0205,16.1099,541070.1,lightning,1,3.627032759609868e-3,7,22,1,0,19124,2111
20210512,2021-05-12T03:52:03.272628009Z,2021-05-12T03:52:03.273581981Z,0.000953972,16,3.265506824105637e-5,102.1038,-1.9467,536124.3,lightning,1,2.4590339562330955e-3,4,30,12,5,17516,2069
20210516,2021-05-16T01:17:23.706941962Z,2021-05-16T01:17:23.707163929Z,0.000221967,16,6.361654787969638e-2,54.1028,-40.0290,544385.3,lightning,1,3.6894079419719696e-3,4,22,2,1,38402,4933
20210516,2021-05-16T13:28:35.025756001Z,2021-05-16T13:28:35.026989996Z,0.001233995,21,7.146576785134014e-5,105.6861,5.4824,543481.3,lightning,1,1.1474469305794606e-3,4,38,7,1,18969,2085
20210517,2021-05-17T14:10:40.513297975Z,2021-05-17T14:10:40.514795958Z,0.001497983,21,1.089492002204219e-5,281.9315,7.0394,533537.8,lightning,1,2.3852777805097943e-3,9,40,0,0,17859,1504
20210603,2021-06-03T19:09:27.895349979Z,2021-06-03T19:09:27.895567953Z,0.000217974,15,4.726577235520562e-4,93.7344,5.1087,535505.1,lightning,1,2.295012433407098e-3,3,21,2,0,26089,1088
20210615,2021-06-15T11:19:36.457783102Z,2021-06-15T11:19:36.457864940Z,0.000081838,13,5.632329448433705e-2,283.4397,22.8606,532570.2,lightning,1,2.951677403491517e-3,7,13,4,0,19016,2962
20210617,2021-06-17T11:02:14.369488Z,2021-06-17T11:02:14.369663953Z,0.000175953,10,7.080554352173629e-1,285.7014,14.4265,531815.9,lightning,1,1.3264211867879685e-3,1,14,1,1,16634,1704
20210627,2021-06-27T23:02:52.776249945Z,2021-06-27T23:02:52.776637971Z,0.000388026,12,3.3812196271524896e-2,260.5526,23.1333,544991.1,lightning,1,1.0668734743053849e-2,6,22,7,4,20991,1952
20210707,2021-07-07T07:33:29.350935995Z,2021-07-07T07:33:29.351087987Z,0.000151992,14,3.1502996583275494e-1,209.4609,14.3172,541572.5,lightning,1,8.196049504139005e-5,2,15,2,1,18025,1809
20210713,2021-07-13T23:28:43.564867973Z,2021-07-13T23:28:43.565021991Z,0.000154018,12,4.0873227099188225e-2,158.7193,28.5385,538347.0,lightning,1,2.901831849848373e-3,6,13,7,4,16149,1804
20210717,2021-07-17T13:10:38.487633943Z,2021-07-17T13:10:38.487885951Z,0.000252008,16,1.3242679284415444e-5,275.4548,18.3974,533670.7,lightning,1,6.56274198016556e-3,5,18,0,0,19609,1256
20210721,2021-07-21T10:47:38.419232010Z,2021-07-21T10:47:38.419485986Z,0.000253976,12,4.884957178200404e-4,268.9951,3.5676,532030.1,lightning,1,2.134101286779772e-3,18,15,4,4,13391,2451
20210721,2021-07-21T18:53:00.339937984Z,2021-07-21T18:53:00.340097963Z,0.000159979,11,9.314083966013632e-2,172.0400,25.3810,533606.5,lightning,1,9.835730513892305e-4,7,14,1,0,15207,2496
20210724,2021-07-24T07:06:16.029416024Z,2021-07-24T07:06:16.029695987Z,0.000279963,14,5.0158361271548345e-2,307.6391,5.1735,532169.5,lightning,1,1.1844723793131711e-3,0,21,0,0,25683,1251
20210725,2021-07-25T18:41:55.292699992Z,2021-07-25T18:41:55.292819976Z,0.000119984,11,1.2204189109080205e-1,279.8807,16.7459,540629.7,lightning,1,5.73811570363085e-3,23,12,9,9,14160,2050
20210801,2021-08-01T05:43:12.229345977Z,2021-08-01T05:43:12.230102002Z,0.000756025,28,6.955884975587132e-2,278.9615,7.0015,535633.0,lightning,1,8.340131636751087e-3,4,29,7,3,18463,2806
20210801,2021-08-01T07:21:43.380180001Z,2021-08-01T07:21:43.380689978Z,0.000509977,12,1.224741143129514e-1,263.1385,15.1491,534778.1,lightning,1,1.2925555454470944e-2,10,24,0,0,19089,1267
20210803,2021-08-03T05:28:30.178846001Z,2021-08-03T05:28:30.179551959Z,0.000705958,18,4.444600742691502e-5,288.3914,22.4713,535456.8,lightning,1,6.014221785099582e-3,3,27,3,0,20846,1364
20210803,2021-08-03T07:04:36.303369998Z,2021-08-03T07:04:36.303649961Z,0.000279963,20,1.427691109788442e-1,266.5521,24.3082,535523.9,lightning,1,1.4511133349725432e-2,4,21,0,0,22708,1897
20210809,2021-08-09T12:56:42.509931981Z,2021-08-09T12:56:42.510082006Z,0.000150025,13,1.2053647437120202e-1,278.1022,10.3400,532717.3,lightning,1,3.692132595688878e-3,4,15,3,1,17026,745
20210812,2021-08-12T02:13:27.323469996Z,2021-08-12T02:13:27.323971986Z,0.000501990,19,7.888742426026997e-2,263.5690,9.2318,541941.6,lightning,1,6.912311605606098e-3,7,23,0,0,18564,1105
20210820,2021-08-20T07:49:07.644619941Z,2021-08-20T07:49:07.645019948Z,0.000400007,14,5.100450296144655e-3,280.4186,14.4534,533238.7,lightning,1,6.033252290795836e-3,4,21,1,0,17377,1337
20210821,2021-08-21T19:40:06.533529996Z,2021-08-21T19:40:06.533638Z,0.000108004,12,3.425413621154773e-3,291.8930,2.7619,543266.1,lightning,1,4.755489943447259e-3,3,14,2,1,20957,3676
20210822,2021-08-22T07:31:04.539955973Z,2021-08-22T07:31:04.539991974Z,0.000036001,8,7.937014502542296e-2,280.4751,7.0121,533266.0,lightning,1,4.238672149823785e-3,15,9,2,0,12790,1718
20210823,2021-08-23T16:48:26.119059979Z,2021-08-23T16:48:26.119084Z,0.000024021,8,4.5727741440240985e-2,120.6987,16.9767,535582.5,lightning,1,2.050185829030407e-3,1,9,0,0,20611,808
20210823,2021-08-23T21:01:18.431846022Z,2021-08-23T21:01:18.432013988Z,0.000167966,14,4.914979137981636e-1,278.2501,20.0710,544178.5,lightning,1,1.722591254815179e-3,8,16,0,0,20695,1861
20210824,2021-08-24T14:25:35.928495943Z,2021-08-24T14:25:35.929053962Z,0.000558019,20,2.321134359241851e-2,0.5718,10.1573,542702.2,lightning,1,2.9029024915990494e-3,0,33,0,0,32672,1335
20210831,2021-08-31T10:30:38.556119978Z,2021-08-31T10:30:38.556237936Z,0.000117958,14,3.886926234686695e-1,137.8071,34.1146,545263.8,lightning,1,3.278419801655602e-4,4,14,0,0,18714,1412
20210903,2021-09-03T02:05:17.810133934Z,2021-09-03T02:05:17.810309946Z,0.000176012,15,4.536285868043515e-1,257.1901,28.8890,544401.1,lightning,1,9.8413818047701e-3,10,17,1,1,23388,3122
20210909,2021-09-09T11:38:05.683743953Z,2021-09-09T11:38:05.684023976Z,0.000280023,14,7.520246097865735e-4,301.4277,11.7792,534008.0,lightning,1,3.2798842717810016e-4,3,18,0,0,18866,2473
20210917,2021-09-17T21:27:16.010891973Z,2021-09-17T21:27:16.011107981Z,0.000216008,16,1.5831379979602106e-3,119.3372,26.7493,533619.7,lightning,1,9.30423571838374e-5,4,18,0,0,23849,1610
20210918,2021-09-18T09:06:49.249137997Z,2021-09-18T09:06:49.249185979Z,0.000047982,10,4.5437778289154374e-1,76.8395,11.0048,542371.3,lightning,1,7.376444553725104e-4,4,10,2,0,16284,946
20210922,2021-09-22T09:25:17.722383975Z,2021-09-22T09:25:17.722995936Z,0.000611961,14,3.3631179309159015e-1,263.2792,21.6892,532729.9,lightning,1,1.1754965379886894e-2,5,29,1,0,20413,1319
20210923,2021-09-23T14:27:35.405643999Z,2021-09-23T14:27:35.405748009Z,0.000104010,14,2.2647842023749232e-1,298.2378,29.1969,538475.5,lightning,1,2.9512154823375133e-3,13,14,0,0,20243,2853
20210925,2021-09-25T04:35:52.566159963Z,2021-09-25T04:35:52.566196024Z,0.000036061,9,6.15033225502507e-1,79.9604,26.7356,537753.2,lightning,1,5.737234652897303e-4,12,9,1,0,15692,1264
20210926,2021-09-26T07:11:05.569515943Z,2021-09-26T07:11:05.569669961Z,0.000154018,14,1.9953194574361333e-2,282.5727,28.9457,534152.9,lightning,1,1.393672297352676e-3,8,17,0,0,23655,1813
20211003,2021-10-03T09:30:45.598089933Z,2021-10-03T09:30:45.598123967Z,0.000034034,9,4.7274791184016474e-1,306.2927,30.7140,533979.0,lightning,1,8.929635480698304e-3,18,9,1,1,15851,3080
20211013,2021-10-13T07:50:59.164349973Z,2021-10-13T07:50:59.164615988Z,0.000266015,11,3.932582197550816e-2,286.7517,17.3566,532282.5,lightning,1,6.674931743299729e-3,16,15,0,0,13956,1304
20211020,2021-10-20T18:47:19.819949924Z,2021-10-20T18:47:19.820189952Z,0.000240028,14,1.1733783568975936e-4,299.9326,22.4241,543948.2,lightning,1,4.927144414392263e-4,7,17,1,0,19639,2962
20211021,2021-10-21T00:54:53.486561954Z,2021-10-21T00:54:53.487035989Z,0.000474035,14,5.191606431853403e-2,167.2593,-11.9482,542850.1,lightning,1,3.869127178100156e-3,16,17,5,3,12321,2214
20211021,2021-10-21T04:50:28.525109946Z,2021-10-21T04:50:28.525425970Z,0.000316024,10,5.877171770893124e-3,279.3978,18.5392,535968.5,lightning,1,1.0657288992705516e-3,17,16,0,0,14266,1377
20211024,2021-10-24T00:34:03.189360022Z,2021-10-24T00:34:03.189513981Z,0.000153959,11,1.2169086398037436e-1,184.1006,16.1103,542241.7,lightning,1,8.196888205884763e-4,6,13,2,0,15359,2774
20211026,2021-10-26T17:47:34.239830017Z,2021-10-26T17:47:34.240296006Z,0.000465989,13,6.3533141518318246e-3,289.7686,30.8673,544530.7,lightning,1,5.56346744529137e-3,27,23,2,0,18231,3807
20211028,2021-10-28T02:05:20.523481965Z,2021-10-28T02:05:20.523607969Z,0.000126004,12,9.794091541036876e-2,288.9947,7.4749,538176.1,lightning,1,2.9561044176706825e-3,2,13,5,2,15828,1446
20211028,2021-10-28T13:13:35.695471942Z,2021-10-28T13:13:35.696039974Z,0.000568032,15,1.3593841660221894e-3,122.2972,4.3665,538298.7,lightning,1,1.1477151872797311e-3,2,28,0,0,22155,990
20211029,2021-10-29T00:07:51.349281966Z,2021-10-29T00:07:51.349453985Z,0.000172019,17,1.357002146555875e-1,274.5761,33.9601,544894.9,lightning,1,3.400137259241046e-3,5,18,3,1,26402,4504
20211029,2021-10-29T17:23:20.796749949Z,2021-10-29T17:23:20.796987950Z,0.000238001,14,2.198775198900898e-3,309.8196,41.8793,547225.7,lightning,1,1.5850054749610687e-3,5,19,1,1,26996,2513
20211101,2021-11-01T13:35:31.600505948Z,2021-11-01T13:35:31.600613951Z,0.000108003,12,1.0374367728599046e-1,323.9744,35.0920,543399.8,lightning,1,3.1967840258995163e-3,3,13,1,1,21256,1387
20211101,2021-11-01T18:51:54.188809990Z,2021-11-01T18:51:54.189683973Z,0.000873983,16,9.10181111755644e-2,9.2810,5.3020,540442.9,lightning,1,1.7217867223998033e-3,16,23,7,2,11355,2155
20211105,2021-11-05T22:56:09.186427950Z,2021-11-05T22:56:09.186526Z,0.000098050,11,1.0234145560066386e-2,283.7978,2.8997,542290.0,lightning,1,6.407677657569052e-3,12,12,0,0,11759,1197
20211106,2021-11-06T06:08:01.940508008Z,2021-11-06T06:08:01.941273987Z,0.000765979,13,2.376818629239975e-5,2.3678,5.0345,532987.6,lightning,1,7.376444553725104e-4,5,27,3,0,18103,1162
20211107,2021-11-07T09:54:40.137071967Z,2021-11-07T09:54:40.137488007Z,0.000416040,20,2.061236095631861e-2,115.6157,-2.6159,542999.8,lightning,1,3.115614203753791e-3,4,22,0,0,18282,1428
20211116,2021-11-16T18:39:17.618631958Z,2021-11-16T18:39:17.618819952Z,0.000187994,14,2.4896073930994625e-1,106.8351,5.4304,531960.2,lightning,1,1.4752889107450208e-3,4,16,0,0,21869,2651
20211118,2021-11-18T13:34:14.147455990Z,2021-11-18T13:34:14.147759974Z,0.000303984,12,1.4359548704641862e-2,177.5321,10.8892,532226.8,lightning,1,2.7878581181870338e-3,3,16,5,1,14747,7017
20211119,2021-11-19T04:41:36.639175951Z,2021-11-19T04:41:36.640061974Z,0.000886023,22,1.1307419686082997e-3,132.9952,-16.3484,546147.2,lightning,1,1.4771917547741987e-3,4,33,2,0,20517,2134
20211130,2021-11-30T00:24:52.702015995Z,2021-11-30T00:24:52.702261984Z,0.000245989,14,4.5914567291181155e-3,318.2534,24.7180,536791.9,lightning,1,1.7853857716580608e-3,13,16,0,0,14420,1230
20211202,2021-12-02T07:42:45.546273946Z,2021-12-02T07:42:45.546443939Z,0.000169993,15,2.169832728955183e-2,143.7913,-18.3373,546566.7,lightning,1,2.4588148512417015e-4,21,15,9,4,13040,2693
20211205,2021-12-05T09:33:52.325017988Z,2021-12-05T09:33:52.325197994Z,0.000180006,12,1.3409804388323678e-2,277.0073,17.6003,531679.7,lightning,1,1.4755682894844683e-3,34,13,3,1,13968,2326
20211226,2021-12-26T18:38:44.069072008Z,2021-12-26T18:38:44.069141983Z,0.000069975,9,2.3921648011437033e-1,23.8421,-1.6540,538121.8,lightning,1,4.344023112859602e-3,4,10,1,0,15689,2781
20211228,2021-12-28T05:38:27.292673945Z,2021-12-28T05:38:27.292909979Z,0.000236034,11,2.7686584949235533e-3,219.2308,-10.6151,539621.7,lightning,1,1.640018580444226e-3,17,13,4,1,12443,1936
20220102,2022-01-02T15:03:59.514313936Z,2022-01-02T15:03:59.514551997Z,0.000238061,12,3.67359667798048e-5,222.9030,10.6099,533650.0,lightning,1,8.232421768707483e-4,15,14,1,0,11653,980
20220103,2022-01-03T06:12:21.656035959Z,2022-01-03T06:12:21.656167984Z,0.000132025,13,1.326842927971672e-2,181.1147,-18.5073,543934.1,lightning,1,2.469355274157856e-3,15,14,1,0,13854,921
20220103,2022-01-03T16:31:45.465204Z,2022-01-03T16:31:45.465735971Z,0.000531971,14,1.7612475439155927e-5,203.7024,18.6849,534501.0,lightning,1,5.749601590033604e-4,14,20,3,1,11841,2636
20220103,2022-01-03T17:52:23.477207958Z,2022-01-03T17:52:23.477377951Z,0.000169993,11,8.372148699308007e-2,141.1508,-18.5063,535605.8,lightning,1,1.5578569543480043e-3,15,13,2,1,12796,2340
20220106,2022-01-06T05:35:29.063887953Z,2022-01-06T05:35:29.063989996Z,0.000102043,11,6.613121675509576e-2,157.7563,-7.0673,543578.3,lightning,1,4.066559634456192e-3,8,12,0,0,15410,1846
20220108,2022-01-08T18:38:21.482483983Z,2022-01-08T18:38:21.482885956Z,0.000401973,16,7.742709893474677e-2,110.2394,-7.1906,532912.6,lightning,1,2.8390718465699533e-3,6,20,3,0,17453,2637
20220110,2022-01-10T15:06:42.387719988Z,2022-01-10T15:06:42.388103961Z,0.000383973,14,3.8134757690314345e-4,152.4272,-6.0156,533077.0,lightning,1,2.1956886894516844e-3,11,20,2,1,14489,1112
20220116,2022-01-16T19:32:49.076437950Z,2022-01-16T19:32:49.076911985Z,0.000474035,18,1.1159433811848288e-4,218.4307,12.6612,538819.4,lightning,1,9.849809777887058e-3,4,22,1,1,19622,1683
20220124,2022-01-24T23:45:40.751893997Z,2022-01-24T23:45:40.751993954Z,0.000099957,11,2.8874688726503833e-1,298.4236,2.1714,537724.4,lightning,1,8.326474223424309e-4,0,13,3,3,21964,2566
20220126,2022-01-26T17:00:36.745707988Z,2022-01-26T17:00:36.746633946Z,0.000925958,28,5.786438778676583e-2,22.1690,-3.8115,540224.0,lightning,1,4.017532800590116e-3,3,32,0,0,18715,1078
20220228,2022-02-28T16:38:53.482439994Z,2022-02-28T16:38:53.482823967Z,0.000383973,12,1.7456253045303634e-2,6.4341,-7.8665,541127.1,lightning,1,3.201929374641423e-3,9,19,3,1,15599,2805
20220302,2022-03-02T09:08:55.024791955Z,2022-03-02T09:08:55.024819970Z,0.000028015,8,8.01576978821958e-1,289.8857,9.5781,532095.7,lightning,1,4.727732374395542e-3,10,8,0,0,13367,1150
20220302,2022-03-02T16:12:08.999863982Z,2022-03-02T16:12:09.000023961Z,0.000159979,11,3.3733548214229486e-4,346.9470,4.5486,541377.1,lightning,1,3.458613630030326e-3,15,12,0,0,11569,1291
20220306,2022-03-06T06:07:49.191309988Z,2022-03-06T06:07:49.191352009Z,0.000042021,12,2.992939746330409e-4,147.3045,-23.4981,546216.1,lightning,1,1.174399009097615e-2,16,12,0,0,17746,1447
20220306,2022-03-06T06:10:51.026363968Z,2022-03-06T06:10:51.026567995Z,0.000204027,13,6.323997181786002e-2,157.0295,-30.0685,547633.2,lightning,1,1.4430851766248668e-2,19,16,3,1,20185,1699
20220315,2022-03-15T02:50:17.588491976Z,2022-03-15T02:50:17.589280009Z,0.000788033,20,6.566407081522882e-5,129.4294,-15.9871,544694.7,lightning,1,3.278419801655602e-4,1,28,4,0,19114,1836
20220328,2022-03-28T21:01:56.231951951Z,2022-03-28T21:01:56.233250021Z,0.001298070,14,1.2093519267791278e-3,118.8337,-8.5805,534528.8,lightning,1,1.3123656503565282e-3,5,40,3,1,18433,916
20220403,2022-04-03T05:25:12.718477964Z,2022-04-03T05:25:12.719101965Z,0.000624001,21,1.641488009291474e-2,281.4779,23.5027,531234.0,lightning,1,1.0992731358085402e-2,6,26,2,0,19562,2872
20220403,2022-04-03T07:08:16.208823978Z,2022-04-03T07:08:16.208977997Z,0.000154019,16,1.709841151702824e-5,278.4498,4.1296,529989.4,lightning,1,7.497845406114253e-3,5,17,0,0,16554,1533
20220416,2022-04-16T02:25:19.910623908Z,2022-04-16T02:25:19.910969972Z,0.000346064,15,2.8760215226641215e-3,101.5237,10.0671,538636.1,lightning,1,1.3939087861650685e-3,3,21,1,1,22289,2273
20220508,2022-05-08T06:21:12.172153949Z,2022-05-08T06:21:12.173488020Z,0.001334071,21,3.185083031374763e-4,287.1490,30.6575,531362.2,lightning,1,3.048955358577166e-2,4,46,0,0,23012,1537
20220508,2022-05-08T16:23:51.294865965Z,2022-05-08T16:23:51.295061945Z,0.000195980,11,8.785897024664134e-3,264.4380,9.3881,539022.4,lightning,1,3.0765963855421685e-3,1,15,2,1,18206,1924
20220516,2022-05-16T07:39:36.069754004Z,2022-05-16T07:39:36.069833993Z,0.000079989,9,3.3138496779776383e-1,153.2010,-20.0854,541428.1,lightning,1,4.108848618965658e-4,12,11,0,0,17276,2415
20220520,2022-05-20T00:45:56.408941984Z,2022-05-20T00:45:56.408963978Z,0.000021994,8,1.0900551756508442e-1,270.0959,13.3180,533927.5,lightning,1,7.63228545201213e-3,15,8,0,0,13382,2745
20220521,2022-05-21T00:36:17.257071971Z,2022-05-21T00:36:17.257568001Z,0.000496030,14,6.446089759618664e-4,271.5235,17.8457,534115.2,lightning,1,5.027988337021555e-3,12,19,6,3,14481,2743
20220609,2022-06-09T21:22:05.143749952Z,2022-06-09T21:22:05.144976019Z,0.001226067,21,8.630423753255321e-4,340.2731,10.0740,531728.9,lightning,1,2.051555823293173e-3,6,35,5,5,15315,2732
20220615,2022-06-15T06:50:12.792905926Z,2022-06-15T06:50:12.792943954Z,0.000038028,11,2.607338840336445e-1,3.2055,8.3792,535624.5,lightning,1,5.000666150315548e-3,4,11,0,0,26144,2219
20220618,2022-06-18T12:47:00.950837969Z,2022-06-18T12:47:00.951025962Z,0.000187993,17,1.3385470097177696e-1,288.0580,33.1640,540307.7,lightning,1,1.098580627817392e-2,17,17,6,4,18480,2611
20220620,2022-06-20T10:44:08.327809989Z,2022-06-20T10:44:08.327911972Z,0.000101983,11,6.247351218012143e-1,290.6051,24.0441,535891.8,lightning,1,1.188294908614048e-2,13,12,1,0,19064,2430
20220626,2022-06-26T15:52:09.080680012Z,2022-06-26T15:52:09.080785989Z,0.000105977,11,4.089775775425925e-1,164.0976,17.1394,530101.8,lightning,1,1.2294074256208507e-3,3,12,3,1,14183,2106
20220628,2022-06-28T09:13:12.828867912Z,2022-06-28T09:13:12.829911947Z,0.001044035,17,3.245099295893329e-4,270.1675,29.2810,532496.5,lightning,1,5.7095594295549544e-3,9,36,1,0,22882,1478
20220628,2022-06-28T22:19:19.116367995Z,2022-06-28T22:19:19.116523981Z,0.000155986,14,3.4533216922177964e-2,179.6819,27.5106,540597.9,lightning,1,2.224745373330055e-3,7,15,2,2,17312,1839
20220630,2022-06-30T01:39:18.728627979Z,2022-06-30T01:39:18.728688001Z,0.000060022,9,4.458948166836504e-1,185.5881,-24.8458,544998.6,lightning,1,3.0086196295385625e-3,17,10,1,1,14966,1666
20220708,2022-07-08T02:22:37.290827989Z,2022-07-08T02:22:37.290871977Z,0.000043988,10,3.2648349825419654e-1,284.4284,10.4387,528688.2,lightning,1,4.374886337185476e-3,8,10,0,0,17211,1696
20220710,2022-07-10T12:10:29.273479938Z,2022-07-10T12:10:29.273657977Z,0.000178039,13,2.1110102247438048e-4,280.7660,9.0296,535010.4,lightning,1,1.8861055979018113e-3,3,16,4,3,15553,1896
20220710,2022-07-10T13:10:38.381967961Z,2022-07-10T13:10:38.382153987Z,0.000186026,13,5.054720956007535e-4,121.4012,22.4916,529191.9,lightning,1,2.377341619539382e-3,1,16,0,0,20464,775
20220716,2022-07-16T20:29:07.240461945Z,2022-07-16T20:29:07.240793943Z,0.000331998,17,3.559283500313097e-2,108.3542,14.7857,530245.6,lightning,1,1.7217200967133842e-3,4,20,3,2,20384,1730
20220717,2022-07-17T13:58:16.895877957Z,2022-07-17T13:58:16.896255970Z,0.000378013,13,2.2843260481057e-3,206.4926,10.3134,530321.8,lightning,1,5.151778132939923e-4,4,17,1,0,15903,844
20220719,2022-07-19T18:18:39.698431968Z,2022-07-19T18:18:39.699128031Z,0.000696063,19,3.760550237330879e-5,122.1280,14.7606,528831.8,lightning,1,1.5296520695024995e-3,3,30,0,0,22453,1842
20220720,2022-07-20T08:40:12.757797956Z,2022-07-20T08:40:12.758533954Z,0.000735998,19,7.693976818799872e-2,275.9867,2.9813,529796.3,lightning,1,6.739067650192607e-3,5,26,0,0,15958,1599
20220722,2022-07-22T16:20:16.407490015Z,2022-07-22T16:20:16.407793998Z,0.000303983,15,6.6551203262008975e-3,167.2280,-16.2672,534486.8,lightning,1,2.706635783952135e-3,5,19,0,0,20923,961
20220722,2022-07-22T21:51:12.955519914Z,2022-07-22T21:51:12.955645918Z,0.000126004,11,2.0228632698291435e-2,256.0222,10.2785,537459.1,lightning,1,2.1316339152528483e-3,11,14,1,0,16697,2530
20220726,2022-07-26T04:11:30.517771959Z,2022-07-26T04:11:30.518307983Z,0.000536024,15,9.392710545939688e-5,283.0334,22.0664,528303.2,lightning,1,4.674783066961724e-3,18,21,1,1,13771,1050
20220726,2022-07-26T19:31:04.524799942Z,2022-07-26T19:31:04.524877965Z,0.000078023,8,8.122432271290012e-1,272.2176,15.8543,538832.8,lightning,1,4.099543332513728e-3,19,10,0,0,13345,2162
20220729,2022-07-29T04:39:16.583367943Z,2022-07-29T04:39:16.583613991Z,0.000246048,14,6.818543356322147e-4,121.2699,17.1158,539423.1,lightning,1,4.654338972215392e-3,0,17,0,0,18121,1978
20220730,2022-07-30T18:52:21.916711926Z,2022-07-30T18:52:21.916781902Z,0.000069976,12,8.01385845883485e-4,285.3161,34.3735,540924.2,lightning,1,3.8537506843701335e-3,17,13,4,3,19517,3230
20220803,2022-08-03T12:12:38.901703953Z,2022-08-03T12:12:38.901791930Z,0.000087977,12,3.42396775790522e-1,121.5625,11.6766,529819.8,lightning,1,1.9727312433407097e-3,1,13,0,0,22049,1210
20220809,2022-08-09T23:45:56.786095976Z,2022-08-09T23:45:56.786441922Z,0.000345946,16,1.4921085581398797e-4,273.3219,5.2269,532821.7,lightning,1,8.196049504139005e-4,5,19,6,1,15889,1466
20220813,2022-08-13T09:56:10.725927948Z,2022-08-13T09:56:10.725950002Z,0.000022054,10,6.265596782130361e-3,19.7418,43.0370,544530.4,lightning,1,8.310955306942053e-3,4,10,0,0,22068,2172
20220813,2022-08-13T16:24:14.825711965Z,2022-08-13T16:24:14.826273918Z,0.000561953,24,7.928164905361832e-1,315.2322,35.7633,542134.3,lightning,1,5.743072535038112e-4,12,24,5,0,15629,3332
20220818,2022-08-18T21:56:55.253365993Z,2022-08-18T21:56:55.253721952Z,0.000355959,14,1.3418859186368662e-4,236.1575,11.1435,538735.8,lightning,1,8.196049504139005e-5,2,18,0,0,19326,698
20220819,2022-08-19T10:13:08.133917987Z,2022-08-19T10:13:08.134090006Z,0.000172019,17,9.235751797896828e-4,301.3443,39.2165,539573.9,lightning,1,2.4588148512417015e-4,6,19,3,2,24626,2514
20220819,2022-08-19T18:36:56.603987932Z,2022-08-19T18:36:56.604365944Z,0.000378012,13,1.0880092003841189e-2,287.1187,5.2001,538472.6,lightning,1,4.919232308827145e-3,9,18,0,0,14794,1344
20220821,2022-08-21T23:47:25.260035991Z,2022-08-21T23:47:25.260212004Z,0.000176013,14,5.997542849221024e-2,17.9563,-2.5633,528187.0,lightning,1,1.967051880993361e-3,2,15,1,0,17994,1274
20220822,2022-08-22T16:20:46.382169961Z,2022-08-22T16:20:46.382511973Z,0.000342012,14,2.2843709259988e-5,287.0006,18.4877,539818.2,lightning,1,8.995372961232685e-3,9,19,1,1,16187,2620
20220824,2022-08-24T08:59:06.835831940Z,2022-08-24T08:59:06.836015939Z,0.000183999,15,4.715486454252483e-1,236.3934,8.4322,527717.1,lightning,1,2.844162691582658e-3,14,15,2,0,15174,2293
20220824,2022-08-24T15:27:04.634539961Z,2022-08-24T15:27:04.635225951Z,0.000685990,14,7.101333174394815e-5,159.5450,25.7754,530525.2,lightning,1,1.640465306122449e-3,2,22,8,3,14469,1503
20220827,2022-08-27T05:13:06.092195987Z,2022-08-27T05:13:06.092864036Z,0.000668049,13,4.8324839428596856e-3,274.7515,8.7011,526945.9,lightning,1,3.200592262929268e-3,10,25,0,0,16546,918
20220827,2022-08-27T13:40:51.962267935Z,2022-08-27T13:40:51.962509930Z,0.000241995,13,2.4263984834406465e-4,277.9347,30.1236,538857.8,lightning,1,3.4431475288910743e-3,10,19,1,0,21942,1669
20220829,2022-08-29T22:51:35.289431989Z,2022-08-29T22:51:35.289512038Z,0.000080049,12,9.737042727434676e-1,136.2530,22.8922,537660.8,lightning,1,1.1474469305794606e-3,2,12,0,0,18755,746
20220901,2022-09-01T23:53:10.428959965Z,2022-09-01T23:53:10.429103970Z,0.000144005,14,3.70128634585848e-3,107.8626,17.7900,536042.9,lightning,1,1.886093156298664e-3,3,16,1,0,21328,930
20220903,2022-09-03T10:18:17.661519944Z,2022-09-03T10:18:17.661603927Z,0.000083983,14,1.567695396278892e-4,175.8254,27.4060,528419.7,lightning,1,2.4588148512417015e-4,12,14,0,0,14941,954
20220904,2022-09-04T10:30:19.956487953Z,2022-09-04T10:30:19.957083940Z,0.000595987,16,6.288157644015027e-4,274.6508,30.0512,533626.3,lightning,1,8.19823916072453e-4,6,27,4,0,23203,2130
20220906,2022-09-06T05:16:59.952283978Z,2022-09-06T05:16:59.953225970Z,0.000941992,14,1.640519845210022e-5,326.0380,37.0045,532446.1,lightning,1,2.131427800999918e-3,7,33,0,0,18978,2146
20220907,2022-09-07T18:52:27.906133949Z,2022-09-07T18:52:27.906723976Z,0.000590027,23,5.8122355884230675e-2,350.5533,4.7570,530807.3,lightning,1,4.115122858782067e-4,0,34,1,1,35043,3257
20220910,2022-09-10T21:29:56.347793996Z,2022-09-10T21:29:56.347989976Z,0.000195980,15,2.3810467487647727e-1,299.3486,12.2925,531639.4,lightning,1,2.5416118432915334e-3,9,16,1,0,17964,1826
20220911,2022-09-11T08:40:21.338511943Z,2022-09-11T08:40:21.338675975Z,0.000164032,12,5.206608234719583e-2,140.8879,22.0606,531086.0,lightning,1,2.7086970985984757e-3,10,13,2,1,15189,1946
20220912,2022-09-12T10:08:53.999497950Z,2022-09-12T10:08:54.000025987Z,0.000528037,19,1.9065296855667663e-1,130.7826,33.3310,531652.0,lightning,1,1.0654864355380707e-3,5,25,0,0,22983,1037
20220912,2022-09-12T22:43:38.030957996Z,2022-09-12T22:43:38.031901955Z,0.000943959,15,8.248311784114803e-5,274.8698,18.3355,532541.2,lightning,1,1.660799985247111e-2,3,31,1,0,18955,3015
20220918,2022-09-18T19:56:57.625881969Z,2022-09-18T19:56:57.627485990Z,0.001604021,24,1.2588017077645508e-1,279.9746,19.5977,536304.5,lightning,1,1.1164708343578396e-2,8,46,5,2,18865,2899
20220919,2022-09-19T04:22:24.081250011Z,2022-09-19T04:22:24.081517994Z,0.000267983,16,1.603443710971043e-5,278.2400,25.6555,527689.9,lightning,1,2.2032337431358087e-3,9,19,1,1,19552,1877
20220928,2022-09-28T17:53:16.609541952Z,2022-09-28T17:53:16.609701991Z,0.000160039,14,9.581956031612924e-1,236.9855,11.6798,539106.6,lightning,1,1.639237423162036e-3,13,14,3,0,15179,2308
20220928,2022-09-28T23:12:10.064280033Z,2022-09-28T23:12:10.064898014Z,0.000617981,15,4.274563826989303e-5,294.3401,24.2940,531106.3,lightning,1,1.0845239980329482e-3,4,22,2,2,16907,2742
20220930,2022-09-30T13:28:50.842911958Z,2022-09-30T13:28:50.843089938Z,0.000177980,14,8.689949000908704e-4,104.8866,-5.8848,528497.0,lightning,1,5.823827005983116e-3,6,16,5,2,15353,1498
20221004,2022-10-04T23:03:31.805931925Z,2022-10-04T23:03:31.805999934Z,0.000068009,13,1.1049854652412769e-3,125.2169,16.8672,537381.9,lightning,1,1.5581075813457914e-3,5,13,0,0,16541,874
20221007,2022-10-07T19:52:40.545533955Z,2022-10-07T19:52:40.545655965Z,0.000122010,10,7.067782556951301e-3,301.2865,12.9401,534041.5,lightning,1,9.01931767887878e-4,14,11,2,1,11570,1540
20221007,2022-10-07T19:54:03.926333963Z,2022-10-07T19:54:03.926401972Z,0.000068009,12,1.9962765313805023e-4,304.9268,9.4171,533411.7,lightning,1,3.28443619375461e-4,13,12,0,0,11116,1542
20221011,2022-10-11T19:03:53.580685973Z,2022-10-11T19:03:53.580851972Z,0.000165999,11,2.308038559817604e-1,287.6318,13.0339,536431.9,lightning,1,2.6232800508155067e-3,7,14,0,0,15618,1627
20221012,2022-10-12T08:41:34.099259972Z,2022-10-12T08:41:34.099496006Z,0.000236034,12,9.755248824835228e-1,283.6787,9.1355,530847.3,lightning,1,1.6463979206622407e-2,8,16,0,0,16545,2492
20221013,2022-10-13T18:34:36.018723964Z,2022-10-13T18:34:36.019101977Z,0.000378013,15,2.358506221531073e-4,267.0711,24.6751,539322.0,lightning,1,1.5574415457749364e-3,4,19,1,1,15055,1842
20221015,2022-10-15T20:51:39.992297947Z,2022-10-15T20:51:39.992963910Z,0.000665963,16,4.243124307120898e-2,94.3544,22.2316,531186.2,lightning,1,9.836488320629456e-4,3,25,1,1,16126,918
20221016,2022-10-16T05:31:48.140092015Z,2022-10-16T05:31:48.141972005Z,0.001879990,34,1.5246806501976413e-4,131.5710,-14.0118,538286.5,lightning,1,3.852359913121875e-3,3,48,2,2,13870,1023
20221017,2022-10-17T06:04:28.756679952Z,2022-10-17T06:04:28.756823956Z,0.000144004,11,5.827915590449588e-3,289.1860,7.3015,527350.0,lightning,1,5.663443332513728e-3,5,13,2,0,12232,807
20221021,2022-10-21T13:15:17.124212026Z,2022-10-21T13:15:17.124405980Z,0.000193954,14,1.5056254562522332e-5,165.2499,17.4054,526815.1,lightning,1,9.112798737808375e-3,3,15,0,0,10079,647
20221028,2022-10-28T00:38:24.317269980Z,2022-10-28T00:38:24.317945957Z,0.000675977,14,1.4154857402061578e-3,299.6020,6.2281,525778.5,lightning,1,7.2240929595934755e-3,0,22,0,0,12624,1733
20221030,2022-10-30T09:40:25.896563947Z,2022-10-30T09:40:25.897049963Z,0.000486016,12,7.699581904269957e-4,136.5963,-5.0393,529362.3,lightning,1,1.2301719039423e-3,3,16,2,2,9460,1479
20221108,2022-11-08T07:53:57.204501986Z,2022-11-08T07:53:57.204872012Z,0.000370026,12,3.606883500110284e-1,119.7473,8.4313,531763.9,lightning,1,1.4758221129415625e-3,4,19,0,0,16509,2274
20221108,2022-11-08T21:56:20.759129941Z,2022-11-08T21:56:20.759169936Z,0.000039995,10,1.0238935968284044e-1,223.7867,-26.7303,544019.9,lightning,1,5.746137365789689e-4,6,10,0,0,16799,994
20221115,2022-11-15T15:12:26.407501935Z,2022-11-15T15:12:26.407773971Z,0.000272036,18,1.313226461792074e-2,150.4666,-15.2236,530256.6,lightning,1,2.460679370543398e-4,4,20,0,0,22526,1012
20221118,2022-11-18T16:57:43.520137965Z,2022-11-18T16:57:43.520583987Z,0.000446022,17,6.537291125302568e-3,284.5349,15.5127,536976.9,lightning,1,8.201512826817475e-4,8,21,1,0,17774,2721
20221120,2022-11-20T16:32:02.354297995Z,2022-11-20T16:32:02.355631947Z,0.001333952,17,1.0001942495750512e-4,276.4521,14.1402,537598.9,lightning,1,8.548301958855831e-3,10,38,9,1,17944,2996
20221127,2022-11-27T23:35:58.819701910Z,2022-11-27T23:35:58.820149958Z,0.000448048,12,7.532365221225806e-3,271.1200,14.8370,528869.3,lightning,1,9.287598319809852e-3,5,19,2,1,16684,1984
20221211,2022-12-11T00:56:42.221071958Z,2022-12-11T00:56:42.221475958Z,0.000404000,17,1.9312078961904216e-5,6.2571,3.4740,526650.1,lightning,1,1.065690885992951e-3,2,20,1,0,20430,1572
20221211,2022-12-11T10:40:54.087069988Z,2022-12-11T10:40:54.087292015Z,0.000222027,18,6.56027211004945e-1,260.4606,34.2816,534818.9,lightning,1,5.639519490205721e-3,21,18,7,6,19989,3034
20221213,2022-12-13T18:00:42.551301956Z,2022-12-13T18:00:42.552329957Z,0.001028001,21,6.193216779626343e-4,100.2563,10.4309,525824.2,lightning,1,1.3114558806655192e-3,2,35,1,0,22163,851
20230106,2023-01-06T08:47:17.568175971Z,2023-01-06T08:47:17.568517982Z,0.000342011,14,5.792885581539664e-4,242.9636,10.0795,525137.9,lightning,1,1.639209900827801e-4,5,20,0,0,18468,987
20230113,2023-01-13T15:22:43.327827990Z,2023-01-13T15:22:43.328123986Z,0.000295996,15,4.130555446336596e-5,126.9594,-17.1455,528088.9,lightning,1,4.359945045488075e-3,8,19,0,0,17693,900
20230115,2023-01-15T13:18:05.770511984Z,2023-01-15T13:18:05.770630002Z,0.000118018,12,4.889857901779976e-2,135.7539,-8.5943,524624.1,lightning,1,6.558261781821162e-4,6,13,0,0,18809,886
20230119,2023-01-19T00:31:32.893417954Z,2023-01-19T00:31:32.893595933Z,0.000177979,12,4.822825138589274e-3,122.7724,6.6933,536176.1,lightning,1,5.737634784034096e-4,5,15,1,0,14279,2063
20230125,2023-01-25T13:19:12.305911958Z,2023-01-25T13:19:12.305959999Z,0.000048041,10,7.1445713873463925e-3,221.6929,-17.3961,533461.2,lightning,1,6.562277928038686e-4,17,10,2,0,11184,1759
20230125,2023-01-25T15:55:05.046624004Z,2023-01-25T15:55:05.047743976Z,0.001119972,17,5.8864175088633775e-5,39.6101,-16.2311,526874.4,lightning,1,5.192630161462175e-3,12,32,7,4,15154,2195
20230126,2023-01-26T02:59:09.380867958Z,2023-01-26T02:59:09.380947947Z,0.000079989,11,8.518483688505996e-1,225.3966,-11.8080,526912.5,lightning,1,1.1483985574952873e-3,6,11,0,0,14598,1134
20230126,2023-01-26T13:05:23.047504007Z,2023-01-26T13:05:23.047655999Z,0.000151992,11,1.621057530307607e-5,216.8421,-18.8797,532804.1,lightning,1,5.909585066797804e-3,21,15,0,0,11308,1011
20230126,2023-01-26T13:06:40.448183953Z,2023-01-26T13:06:40.448239982Z,0.000056029,11,8.081775696345505e-4,220.4271,-15.7254,532518.6,lightning,1,5.4933043930825345e-3,22,11,1,0,11203,1229
20230128,2023-01-28T16:59:23.177455961Z,2023-01-28T16:59:23.177605986Z,0.000150025,15,5.47392263231135e-4,34.6676,-35.2988,532394.4,lightning,1,2.786915006966642e-3,1,16,0,0,23169,3546
20230131,2023-01-31T08:12:40.316339969Z,2023-01-31T08:12:40.316479980Z,0.000140011,12,1.4044592877320442e-4,110.8673,-9.8279,530121.9,lightning,1,6.560086796164249e-4,13,14,5,2,15572,1160
20230209,2023-02-09T22:08:22.305054008Z,2023-02-09T22:08:22.305231988Z,0.000177980,13,3.359340798725896e-2,212.7701,-20.6954,537789.2,lightning,1,2.8608131792476027e-3,12,14,2,2,14866,1042
20230220,2023-02-20T09:07:29.623565971Z,2023-02-20T09:07:29.623791933Z,0.000225962,14,1.0417285191134208e-5,118.6542,-15.8315,528939.2,lightning,1,3.4732475944594704e-3,6,17,0,0,14257,1778
20230304,2023-03-04T16:46:51.410151958Z,2023-03-04T16:46:51.410530030Z,0.000378072,17,8.153481073017927e-1,119.3795,1.7871,523153.6,lightning,1,3.438899237767396e-3,0,19,4,1,16567,1368
20230305,2023-03-05T09:20:24.964481949Z,2023-03-05T09:20:24.965045928Z,0.000563979,15,4.776130488392993e-5,32.7551,-14.2047,536182.9,lightning,1,6.572937710023768e-4,5,21,2,0,13892,1669
20230316,2023-03-16T15:47:37.820385992Z,2023-03-16T15:47:37.821067988Z,0.000681996,15,2.052637973554591e-4,70.7874,-11.4205,527025.5,lightning,1,1.639209900827801e-4,12,23,0,0,14056,2567
20230318,2023-03-18T23:56:38.877657949Z,2023-03-18T23:56:38.878219962Z,0.000562013,15,3.728788586673394e-2,89.3808,-10.6153,537922.7,lightning,1,6.556839603311204e-4,4,25,3,2,19165,2152
20230318,2023-03-18T23:57:25.588545978Z,2023-03-18T23:57:25.588743984Z,0.000198006,14,3.832296944737393e-4,91.3946,-8.6318,537596.9,lightning,1,4.917629702483403e-4,4,16,2,1,18827,1972
20230320,2023-03-20T13:59:09.684029996Z,2023-03-20T13:59:09.684210002Z,0.000180006,16,1.998099321520969e-2,226.0350,-12.7307,537881.8,lightning,1,1.639209900827801e-4,5,16,1,1,14657,1437
20230328,2023-03-28T21:01:10.665581941Z,2023-03-28T21:01:10.665927946Z,0.000346005,15,1.633366394015572e-3,254.1940,5.9631,528191.9,lightning,1,6.559444225883124e-4,4,19,1,1,16157,1103
20230402,2023-04-02T02:37:30.335705995Z,2023-04-02T02:37:30.335795998Z,0.000090003,12,9.695398416034268e-1,165.7395,-15.1286,530896.5,lightning,1,8.199321858864027e-4,8,12,0,0,17082,1086
20230404,2023-04-04T09:07:30.693573951Z,2023-04-04T09:07:30.693921923Z,0.000347972,11,9.130769891719431e-3,200.2400,-14.9091,528641.2,lightning,1,1.6465629866404394e-4,9,16,0,0,14055,1460
20230409,2023-04-09T08:05:55.024201989Z,2023-04-09T08:05:55.025150001Z,0.000948012,16,1.2369085469383108e-1,196.0762,-3.5866,525112.7,lightning,1,1.780283124334071e-3,6,28,0,0,13544,970
20230409,2023-04-09T17:35:17.503459990Z,2023-04-09T17:35:17.503519952Z,0.000059962,13,6.838946744824321e-4,47.4436,-7.0304,524978.1,lightning,1,9.016054585689698e-4,4,13,4,1,18004,1490
20230411,2023-04-11T05:53:55.315953969Z,2023-04-11T05:53:55.316119968Z,0.000165999,13,8.958356022712222e-2,184.7234,-28.7425,530959.9,lightning,1,3.0171838865666748e-3,9,14,0,0,17510,1451
20230416,2023-04-16T16:59:37.893021941Z,2023-04-16T16:59:37.893561959Z,0.000540018,14,5.551066745879403e-5,218.8962,-18.0495,538423.4,lightning,1,4.508768338660766e-3,6,19,4,0,14495,1359
20230416,2023-04-16T23:13:22.005357980Z,2023-04-16T23:13:22.005883991Z,0.000526011,12,1.3018830245983246e-2,104.5682,-1.0503,535075.4,lightning,1,2.5407905171707236e-3,4,21,0,0,14479,792
20230417,2023-04-17T14:55:11.872981965Z,2023-04-17T14:55:11.873215913Z,0.000233948,13,7.871660915937786e-5,197.8854,22.2484,533405.5,lightning,1,4.091968846815835e-3,7,17,0,0,16202,938
20230417,2023-04-17T15:47:49.314393997Z,2023-04-17T15:47:49.315365970Z,0.000971973,19,3.663260374912856e-5,19.5715,-9.9468,525351.3,lightning,1,2.2953667814113597e-3,3,28,1,0,16534,998
20230418,2023-04-18T21:09:08.387380480Z,2023-04-18T21:09:08.387580513Z,0.000200033,15,7.712944866259343e-2,116.5290,5.1704,533811.3,lightning,1,4.344447405950332e-3,4,16,4,1,16005,696
20230423,2023-04-23T22:31:09.671623945Z,2023-04-23T22:31:09.672141969Z,0.000518024,15,1.566021392372722e-3,260.8754,11.2131,523760.5,lightning,1,1.4764847963281698e-3,10,20,2,0,15669,1705
20230426,2023-04-26T19:22:14.461722254Z,2023-04-26T19:22:14.462260246Z,0.000537992,20,5.629966992684449e-1,93.3197,3.6854,529501.6,lightning,1,7.016270387673142e-3,4,21,4,4,14025,1061
20230501,2023-05-01T12:05:13.526629984Z,2023-05-01T12:05:13.527925968Z,0.001295984,22,4.184245343730267e-5,204.1851,-23.9194,536146.9,lightning,1,1.639311040078682e-4,5,31,1,0,15488,1032
20230503,2023-05-03T13:03:03.090269982Z,2023-05-03T13:03:03.090502023Z,0.000232041,14,8.951389239972131e-2,146.7252,1.4307,525532.9,lightning,1,8.253547168264896e-4,4,17,1,0,18932,963
20230507,2023-05-07T21:36:35.529123961Z,2023-05-07T21:36:35.529531955Z,0.000407994,13,1.1366717569272182e-1,342.8136,8.0952,522131.7,lightning,1,4.304444258667322e-3,6,18,0,0,13467,1485
20230515,2023-05-15T12:45:56.631157934Z,2023-05-15T12:45:56.631233930Z,0.000075996,9,8.846824531015833e-1,264.8206,9.4891,533015.2,lightning,1,6.724883534136546e-4,12,10,1,1,14933,2250
20230522,2023-05-22T21:20:44.923169910Z,2023-05-22T21:20:44.923719942Z,0.000550032,16,2.5723730242525473e-5,249.6630,7.7475,525298.9,lightning,1,1.0661569625440538e-3,7,23,0,0,16518,1760
20230528,2023-05-28T11:22:11.912047922Z,2023-05-28T11:22:11.912195920Z,0.000147998,14,2.792407517457726e-3,191.2786,-0.0647,532640.2,lightning,1,8.196049504139005e-5,4,15,0,0,13516,1500
20230530,2023-05-30T11:41:53.705921947Z,2023-05-30T11:41:53.706571936Z,0.000649989,13,5.415034394338296e-3,347.3483,5.5962,529455.6,lightning,1,1.2294074256208507e-3,7,23,11,7,13986,2871
20230530,2023-05-30T22:02:22.442744076Z,2023-05-30T22:02:22.442931950Z,0.000187874,15,3.3898589461033527e-3,15.1398,-0.2681,531248.2,lightning,1,2.8703098434554545e-3,4,17,3,2,16760,1060
20230607,2023-06-07T08:22:09.686555981Z,2023-06-07T08:22:09.686703979Z,0.000147998,15,4.363906745075775e-3,342.5749,8.9167,532483.9,lightning,1,2.789399655765921e-3,9,15,1,0,13518,2060
20230607,2023-06-07T09:46:10.393812Z,2023-06-07T09:46:10.393879950Z,0.000067950,12,8.868947764039664e-1,284.4221,34.1906,536427.2,lightning,1,1.0329421735923284e-2,9,12,10,10,21664,1468
20230611,2023-06-11T11:41:33.791411936Z,2023-06-11T11:41:33.791835963Z,0.000424027,19,1.5312209749802604e-2,124.8662,24.7280,529234.4,lightning,1,1.963800065568396e-3,6,23,0,0,18471,1913
20230615,2023-06-15T06:28:29.515695989Z,2023-06-15T06:28:29.516421973Z,0.000725984,16,2.8314020195615186e-4,287.6214,31.8818,534611.8,lightning,1,1.6545895631505613e-2,15,30,4,0,19874,2534
20230620,2023-06-20T16:36:36.197153985Z,2023-06-20T16:36:36.197355985Z,0.000202000,15,7.390681736771686e-2,124.8097,15.4074,532098.4,lightning,1,1.0654864355380707e-3,4,16,2,0,18651,1246
20230622,2023-06-22T06:45:22.863919973Z,2023-06-22T06:45:22.864061951Z,0.000141978,15,6.328399759498722e-3,278.3899,0.9186,532712.7,lightning,1,5.8419669781165475e-3,5,15,0,0,14390,1566
20230625,2023-06-25T02:43:59.321105957Z,2023-06-25T02:43:59.321191966Z,0.000086009,9,7.933834558702291e-1,283.8198,29.7265,530321.0,lightning,1,7.871206737152692e-3,6,12,6,3,19947,1926
20230627,2023-06-27T19:26:34.524473965Z,2023-06-27T19:26:34.524555981Z,0.000082016,13,2.6978941191806088e-2,293.0263,39.0609,529513.2,lightning,1,4.919043775100402e-3,13,14,0,0,23212,1666
20230628,2023-06-28T00:28:23.942069947Z,2023-06-28T00:28:23.942193925Z,0.000123978,14,9.006936513470045e-1,294.6320,31.9643,529283.0,lightning,1,8.911183673469388e-3,9,14,3,1,19084,2534
20230629,2023-06-29T02:49:38.896503925Z,2023-06-29T02:49:38.896657943Z,0.000154018,14,5.203909843815109e-1,109.0762,-4.4881,530269.3,lightning,1,1.6396241291697402e-4,12,14,1,0,15023,2073
20230630,2023-06-30T03:25:52.531643986Z,2023-06-30T03:25:52.531961977Z,0.000317991,14,2.697224524591083e-4,278.5792,-0.3968,529795.3,lightning,1,1.406182280140972e-3,1,17,4,4,14477,1885
20230702,2023-07-02T12:26:39.511617958Z,2023-07-02T12:26:39.511727988Z,0.000110030,9,1.0977454591458265e-1,117.8106,8.9934,527505.6,lightning,1,4.181620301614622e-3,6,12,0,0,17491,1807
20230704,2023-07-04T16:11:51.656909942Z,2023-07-04T16:11:51.657335937Z,0.000425995,21,5.098635322854254e-1,267.5385,25.3543,529718.2,lightning,1,1.0478634923366936e-2,9,22,3,3,18362,1351
20230706,2023-07-06T09:19:08.444485962Z,2023-07-06T09:19:08.444599986Z,0.000114024,14,4.199237939506184e-1,341.4863,11.2474,530269.6,lightning,1,4.917629702483403e-4,0,17,0,0,35496,1286
20230707,2023-07-07T11:26:53.686867952Z,2023-07-07T11:26:53.686997950Z,0.000129998,12,8.067574774281143e-2,117.7727,-7.0173,528402.1,lightning,1,8.211504630767969e-4,9,13,0,0,15588,1112
20230712,2023-07-12T11:09:41.621655941Z,2023-07-12T11:09:41.622753977Z,0.001098036,17,8.488732975260095e-5,273.5113,10.5063,532049.8,lightning,1,6.561262355544628e-3,17,29,1,0,15317,1045
20230713,2023-07-13T06:12:59.083993971Z,2023-07-13T06:12:59.084140002Z,0.000146031,16,4.344064883497537e-1,348.0684,15.2886,531919.9,lightning,1,8.196094582411278e-5,0,19,0,0,35777,1234
20230714,2023-07-14T09:07:14.228814005Z,2023-07-14T09:07:14.229820013Z,0.001006008,24,2.0222997061347228e-4,289.4179,8.4761,532182.6,lightning,1,3.5252182034259485e-3,2,32,0,0,16038,1105
20230725,2023-07-25T14:41:13.410105943Z,2023-07-25T14:41:13.410719990Z,0.000614047,13,2.7390434195383827e-5,148.8673,21.7008,531629.2,lightning,1,4.101304565199574e-4,15,25,3,2,12994,1973
20230727,2023-07-27T14:49:21.439547955Z,2023-07-27T14:49:21.439757943Z,0.000209988,11,7.890968462503235e-4,277.7133,10.1322,528841.9,lightning,1,3.283096459306614e-3,6,16,4,1,14052,1143
20230729,2023-07-29T01:38:28.841200888Z,2023-07-29T01:38:28.841328084Z,0.000127196,12,4.967464869843197e-3,96.7146,18.0031,530537.9,lightning,1,1.639209900827801e-4,3,14,1,0,15983,1094
20230801,2023-08-01T03:42:07.532703995Z,2023-08-01T03:42:07.533473968Z,0.000769973,21,6.078574278602831e-5,291.4337,33.7545,532615.0,lightning,1,7.21932313744775e-3,7,29,3,1,20701,2732
20230804,2023-08-04T17:06:01.069516003Z,2023-08-04T17:06:01.069553971Z,0.000037968,8,5.763354077337688e-1,29.6911,7.2528,525824.9,lightning,1,1.2295162199819688e-3,7,9,0,0,14853,954
20230809,2023-08-09T00:12:55.625461935Z,2023-08-09T00:12:55.626863956Z,0.001402021,26,6.999099454995718e-4,271.5347,21.1160,526281.4,lightning,1,9.444180944184902e-3,13,41,0,0,17402,1200
20230810,2023-08-10T08:32:06.908905923Z,2023-08-10T08:32:06.909277915Z,0.000371992,11,4.390280635679568e-3,288.4567,4.8764,531317.8,lightning,1,3.307582509630358e-3,5,17,1,0,13210,1652
20230810,2023-08-10T23:52:29.494229972Z,2023-08-10T23:52:29.494683980Z,0.000454008,15,2.6685712898855693e-3,287.9055,35.0848,529151.1,lightning,1,3.5892055159413164e-3,16,23,5,3,21559,3202
20230812,2023-08-12T17:27:30.641499996Z,2023-08-12T17:27:30.641870021Z,0.000370025,13,1.19051714480517e-4,115.1761,24.6106,531304.6,lightning,1,1.3115053274321776e-3,2,21,0,0,21136,1718
20230814,2023-08-14T21:15:08.111140012Z,2023-08-14T21:15:08.111335992Z,0.000195980,14,1.59458739360965e-2,274.0655,18.2731,524814.2,lightning,1,5.634965314318499e-3,13,15,0,0,16972,1233
20230815,2023-08-15T21:02:36.269796013Z,2023-08-15T21:02:36.269998013Z,0.000202000,11,9.85043765032285e-2,274.1565,20.8954,525042.6,lightning,1,1.0027942381771984e-2,12,15,1,1,17815,1826
20230821,2023-08-21T16:38:35.198985993Z,2023-08-21T16:38:35.199916005Z,0.000930012,14,1.0181495923662146e-3,332.5933,37.2928,527739.2,lightning,1,1.3115844766822392e-3,9,32,1,1,18199,1307
20230823,2023-08-23T19:27:54.563697934Z,2023-08-23T19:27:54.563915967Z,0.000218033,15,2.804008862089098e-2,308.4067,43.1081,528944.6,lightning,1,1.312107868207524e-3,7,18,0,0,22561,1978
20230901,2023-09-01T22:32:52.945713937Z,2023-09-01T22:32:52.945907950Z,0.000194013,14,3.1761932651617943e-4,294.5431,1.9237,524841.4,lightning,1,4.841289386115892e-3,6,16,0,0,13071,1483
20230902,2023-09-02T22:07:26.831611931Z,2023-09-02T22:07:26.831901967Z,0.000290036,18,2.7910912902845453e-1,258.6541,29.9599,525682.3,lightning,1,1.0654864355380707e-3,9,20,3,1,20375,2290
20230903,2023-09-03T16:49:30.113925993Z,2023-09-03T16:49:30.114380002Z,0.000454009,17,6.375852211238918e-1,244.5510,37.0491,530222.8,lightning,1,3.0325383165314317e-3,10,24,11,2,21643,9048
20230905,2023-09-05T11:26:14.322463989Z,2023-09-05T11:26:14.322679996Z,0.000216007,17,7.973968233648074e-2,277.1695,15.2783,529385.5,lightning,1,2.9546948037046145e-3,13,17,0,0,15908,1249
20230908,2023-09-08T04:22:01.491199970Z,2023-09-08T04:22:01.491295993Z,0.000096023,13,1.0426161373519592e-2,359.0882,9.6039,529587.1,lightning,1,1.230034079173838e-3,1,15,1,1,25034,1024
20230908,2023-09-08T09:53:26.024896025Z,2023-09-08T09:53:26.025084018Z,0.000187993,13,5.460590853990991e-4,91.0596,-6.2585,525041.4,lightning,1,3.278419801655602e-4,3,16,8,8,14113,1595
20230912,2023-09-12T09:54:14.989717960Z,2023-09-12T09:54:14.990923941Z,0.001205981,15,9.097376531234109e-5,272.5594,27.9539,531154.5,lightning,1,1.569852200639292e-3,13,38,6,2,19730,2765
20230918,2023-09-18T16:19:28.710343956Z,2023-09-18T16:19:28.710771977Z,0.000428021,16,2.02065214665777e-3,116.3514,13.9230,528300.0,lightning,1,2.9555305220883535e-3,2,18,4,2,16472,1090
20230927,2023-09-27T08:21:44.727785944Z,2023-09-27T08:21:44.727895975Z,0.000110031,12,4.531138264103651e-2,306.4320,29.7975,530335.7,lightning,1,1.803194180804852e-3,11,13,0,0,15381,1708
20230927,2023-09-27T17:12:58.994067907Z,2023-09-27T17:12:58.994085907Z,0.000018000,8,1.4857733903683004e-1,18.0907,-9.9238,525509.1,lightning,1,1.31156512580936e-3,2,8,1,0,16345,1156
20230928,2023-09-28T01:41:39.402541995Z,2023-09-28T01:41:39.402553975Z,0.000011980,8,7.817265813128277e-3,18.4089,39.3564,532494.1,lightning,1,2.5870581919514796e-3,13,8,0,0,16717,1047
20230928,2023-09-28T23:24:44.304841995Z,2023-09-28T23:24:44.305144011Z,0.000302016,13,5.561078229542576e-3,293.1451,5.0792,524018.1,lightning,1,4.186247012539956e-3,4,16,0,0,15477,1209
20230930,2023-09-30T11:00:15.454657971Z,2023-09-30T11:00:15.455213963Z,0.000555992,12,5.71965636206921e-3,281.0959,2.8868,528110.4,lightning,1,9.198172494057863e-3,8,23,1,0,13727,1070
20231005,2023-10-05T20:53:44.473385989Z,2023-10-05T20:53:44.473582029Z,0.000196040,12,8.300904134737544e-3,96.9929,3.3523,528193.3,lightning,1,1.8913234161134333e-4,11,14,0,0,13889,1127
20231006,2023-10-06T18:21:52.158277988Z,2023-10-06T18:21:52.158352017Z,0.000074029,12,6.768738308964364e-1,323.2310,9.7140,522326.6,lightning,1,9.017307351856406e-4,1,13,0,0,24938,1921
20231008,2023-10-08T07:22:03.002023994Z,2023-10-08T07:22:03.002297997Z,0.000274003,16,1.8988582029143952e-3,259.8908,23.5922,527659.3,lightning,1,2.870149192689124e-3,13,20,1,1,17849,2451
20231010,2023-10-10T05:22:25.590531945Z,2023-10-10T05:22:25.590961933Z,0.000429988,14,5.3880229024090185e-5,290.6998,13.0979,526735.0,lightning,1,4.016748291123679e-3,10,17,1,0,13931,2061
20231016,2023-10-16T03:56:31.091895997Z,2023-10-16T03:56:31.092000007Z,0.000104010,11,5.356546400176342e-2,277.6174,9.4664,524920.0,lightning,1,1.3657539791820342e-3,5,12,0,0,14164,908
20231024,2023-10-24T05:56:32.401487946Z,2023-10-24T05:56:32.401827991Z,0.000340045,13,6.434440323258462e-4,14.8265,-9.5896,527444.3,lightning,1,2.4588148512417015e-4,2,19,0,0,16129,1083
20231024,2023-10-24T19:34:53.208389997Z,2023-10-24T19:34:53.208679974Z,0.000289977,14,9.526386473893032e-1,17.1310,-17.9650,527756.7,lightning,1,9.015654454552904e-4,8,17,3,2,15649,2542
20231031,2023-10-31T14:32:07.601829946Z,2023-10-31T14:32:07.601951956Z,0.000122010,9,9.474706699423022e-1,22.5994,5.3867,521298.3,lightning,1,5.328814466027375e-3,6,11,1,0,13026,1892
20231101,2023-11-01T19:52:33.833741962Z,2023-11-01T19:52:33.835067927Z,0.001325965,21,4.567399300910488e-5,122.0867,1.6759,526256.8,lightning,1,1.6393794279157446e-3,11,30,3,0,12844,1943
20231102,2023-11-02T07:40:42.355058491Z,2023-11-02T07:40:42.355960369Z,0.000901878,16,7.04142618108491e-2,109.5928,9.6728,521424.8,lightning,1,4.234045692975985e-3,7,29,1,1,16180,1293
20231111,2023-11-11T06:23:04.203325986Z,2023-11-11T06:23:04.203365981Z,0.000039995,10,4.0006043343311426e-2,277.5345,14.7993,525112.8,lightning,1,7.005325317596918e-3,8,10,0,0,15301,1026
20231112,2023-11-12T04:31:13.379813969Z,2023-11-12T04:31:13.380407989Z,0.000594020,19,4.5365921279639495e-4,294.2751,10.2776,524531.7,lightning,1,7.040118826325711e-3,10,25,4,2,14863,1763
20231123,2023-11-23T04:48:40.640617966Z,2023-11-23T04:48:40.641465961Z,0.000847995,14,1.864976627757598e-3,201.2384,-5.3824,522549.8,lightning,1,2.684560929432014e-3,11,25,8,3,12856,2002
20231123,2023-11-23T07:03:36.485665977Z,2023-11-23T07:03:36.485755980Z,0.000090003,12,1.626875101096165e-3,324.3449,23.9913,525331.3,lightning,1,4.673853438242767e-3,7,13,0,0,13237,1258
20231127,2023-11-27T20:27:03.636255979Z,2023-11-27T20:27:03.636631965Z,0.000375986,15,1.609778696687581e-2,122.2438,-0.1448,524635.6,lightning,1,1.3935252438324727e-3,2,18,0,0,15732,1338
20231129,2023-11-29T08:48:36.657263934Z,2023-11-29T08:48:36.657729983Z,0.000466049,14,9.407783417681928e-5,278.7911,7.4715,523944.7,lightning,1,1.1990350667978034e-2,9,19,4,2,13428,1099
20231130,2023-11-30T09:29:26.457373976Z,2023-11-30T09:29:26.457857966Z,0.000483990,18,4.580754627444599e-5,106.3434,14.8584,520422.9,lightning,1,3.279383820998279e-4,3,23,2,0,18078,1705
20231204,2023-12-04T06:51:02.068643987Z,2023-12-04T06:51:02.069531977Z,0.000887990,14,3.383911481948212e-5,115.5177,10.4699,519852.9,lightning,1,2.460845717564134e-3,1,27,2,2,14878,1908
20231204,2023-12-04T13:10:29.991285979Z,2023-12-04T13:10:29.992291986Z,0.001006007,17,1.9353988723467615e-2,17.7563,9.4187,519794.1,lightning,1,6.556839603311204e-4,4,29,0,0,15549,1016
20231205,2023-12-05T23:07:12.721017956Z,2023-12-05T23:07:12.721101939Z,0.000083983,10,1.10641003501849e-1,25.2396,3.6765,523000.4,lightning,1,1.2309186624047208e-3,4,11,1,0,12779,849
20231209,2023-12-09T15:44:53.736867487Z,2023-12-09T15:44:53.737075448Z,0.000207961,11,1.9856147857076592e-3,110.6519,4.6925,522504.8,lightning,1,2.050466076551102e-3,2,13,1,0,14692,1192
20231209,2023-12-09T21:37:12.119535982Z,2023-12-09T21:37:12.119610011Z,0.000074029,11,7.081315748824685e-1,267.8078,39.5882,523829.4,lightning,1,2.1580263060404885e-2,14,12,2,0,24935,2096
20231212,2023-12-12T16:32:22.838406562Z,2023-12-12T16:32:22.839555680Z,0.001149118,18,2.459324250333365e-4,76.6677,6.8469,521608.8,lightning,1,7.376444553725104e-4,4,29,2,1,12955,1280
20231214,2023-12-14T12:58:34.978951930Z,2023-12-14T12:58:34.979799926Z,0.000847996,22,1.205324931712494e-1,138.4072,-11.9232,524521.9,lightning,1,1.403678396033112e-2,3,28,2,1,16535,1263
20231218,2023-12-18T00:45:25.091235995Z,2023-12-18T00:45:25.091337978Z,0.000101983,12,2.4297866956746775e-1,281.9696,3.7030,520583.6,lightning,1,1.5477761576919923e-3,12,12,7,7,13471,1536
20231228,2023-12-28T17:02:22.473061978Z,2023-12-28T17:02:22.473104Z,0.000042022,9,4.178706772742887e-1,311.8629,17.9300,519517.2,lightning,1,6.126287025653635e-3,10,9,2,1,13143,1148
20240101,2024-01-01T12:53:54.880503952Z,2024-01-01T12:53:54.881449937Z,0.000945985,13,3.334259112267189e-5,2.3359,6.3844,519120.1,lightning,1,1.557249405786411e-3,11,26,1,0,12442,1436
20240109,2024-01-09T07:05:58.665685951Z,2024-01-09T07:05:58.665899932Z,0.000213981,14,7.118368088053036e-2,268.9990,32.8269,524347.0,lightning,1,1.967639621342513e-2,6,16,2,0,20928,2415
20240111,2024-01-11T02:29:47.584151983Z,2024-01-11T02:29:47.584419965Z,0.000267982,17,6.746028307039075e-3,122.3442,-17.4167,523396.4,lightning,1,6.810694582411278e-3,5,18,2,1,15421,1051
20240126,2024-01-26T23:04:27.184321999Z,2024-01-26T23:04:27.185552Z,0.001230001,24,1.4431835991685015e-3,265.6741,28.2944,520040.9,lightning,1,2.94251008114089e-2,4,35,1,0,18703,2084
20240127,2024-01-27T18:41:05.615989983Z,2024-01-27T18:41:05.617361962Z,0.001371979,18,8.26630783890136e-4,116.0603,-4.5717,521472.3,lightning,1,3.445502114580772e-3,8,34,5,3,13767,1486
20240129,2024-01-29T07:03:55.558703958Z,2024-01-29T07:03:55.559525966Z,0.000822008,17,7.118754619654206e-5,279.8948,-4.0461,521184.1,lightning,1,7.530343914433243e-3,3,26,2,1,14340,1139
20240130,2024-01-30T00:26:44.925077915Z,2024-01-30T00:26:44.925767958Z,0.000690043,18,9.982680203839674e-2,11.0534,-0.8623,520355.1,lightning,1,2.646454298827965e-3,9,22,1,1,12818,1862
20240202,2024-02-02T04:21:36.710343956Z,2024-02-02T04:21:36.710381984Z,0.000038028,9,1.5889494370232737e-1,289.2603,1.4192,519829.1,lightning,1,1.509754560281944e-2,10,9,1,0,12973,1832
20240203,2024-02-03T03:16:18.892843961Z,2024-02-03T03:16:18.892999947Z,0.000155986,12,2.0334530129642883e-2,115.1016,-5.3827,519637.3,lightning,1,4.086798860749119e-3,8,14,0,0,12917,1783
20240217,2024-02-17T06:38:52.997709989Z,2024-02-17T06:38:52.998076021Z,0.000366032,13,1.6264614368396525e-2,169.7282,-10.8905,519815.0,lightning,1,2.32786727317433e-3,6,17,0,0,14756,1547
20240228,2024-02-28T05:12:30.935285925Z,2024-02-28T05:12:30.935803949Z,0.000518024,18,1.00803863672232e-3,126.2020,-16.3036,520404.6,lightning,1,8.747566674862716e-4,8,23,3,0,15105,784
20240327,2024-03-27T05:04:47.392681956Z,2024-03-27T05:04:47.393837988Z,0.001156032,26,2.132350971231027e-2,286.2291,0.7776,516494.4,lightning,1,1.1396978141135971e-2,6,28,0,0,12309,978
20240405,2024-04-05T23:51:49.835487961Z,2024-04-05T23:51:49.835773944Z,0.000285983,8,1.344223696611765e-3,128.6423,6.7930,515489.1,lightning,1,1.2294074256208507e-3,15,15,4,1,9543,1764
20240420,2024-04-20T09:01:51.849397957Z,2024-04-20T09:01:51.850091934Z,0.000693977,15,8.35906795645281e-5,270.2561,17.9261,532185.0,lightning,1,1.8032787230554872e-3,22,21,1,0,12626,1603
20240430,2024-04-30T14:23:40.276477992Z,2024-04-30T14:23:40.276649951Z,0.000171959,15,5.784771998775942e-4,99.3119,-3.5186,532984.5,lightning,1,1.0213221399885257e-2,5,16,8,2,15246,1944
20240430,2024-04-30T15:07:51.389731943Z,2024-04-30T15:07:51.389831960Z,0.000100017,14,1.898980114728788e-3,258.5609,12.1458,518733.7,lightning,1,4.91825801163839e-4,9,14,3,0,15085,1403
20240502,2024-05-02T02:06:11.873619914Z,2024-05-02T02:06:11.873947918Z,0.000328004,15,8.581245248843938e-3,106.2965,-7.9399,517750.1,lightning,1,1.967543430866322e-3,8,16,0,0,13012,775
20240503,2024-05-03T06:06:34.209697961Z,2024-05-03T06:06:34.209927976Z,0.000230015,17,9.257551186163444e-1,283.3338,41.9387,538501.6,lightning,1,6.556839603311204e-4,7,18,1,0,23900,1666
20240506,2024-05-06T03:40:15.117824018Z,2024-05-06T03:40:15.117967963Z,0.000143945,11,7.415505531498788e-1,268.7112,31.5880,536247.1,lightning,1,1.642142993197279e-2,14,15,1,0,20860,2719
20240506,2024-05-06T23:10:30.282172322Z,2024-05-06T23:10:30.282832324Z,0.000660002,14,5.152926081959115e-3,97.5717,11.3281,525273.3,lightning,1,7.0476839767232196e-3,4,21,1,0,13682,832
20240516,2024-05-16T23:21:52.564917922Z,2024-05-16T23:21:52.564947962Z,0.000030040,9,6.860959214421439e-2,259.2774,29.6822,524901.3,lightning,1,2.2655905753626752e-2,23,9,0,0,14533,1442
20240520,2024-05-20T05:27:45.051751971Z,2024-05-20T05:27:45.052565991Z,0.000814020,20,3.768328106717052e-3,276.0037,12.0872,533438.7,lightning,1,3.880424014425047e-3,22,23,11,6,10743,1894
20240520,2024-05-20T08:00:43.586463928Z,2024-05-20T08:00:43.586547970Z,0.000084042,11,4.52311780904522e-1,86.6394,14.8149,515632.4,lightning,1,2.4597870666338823e-4,6,11,0,0,13386,922
20240527,2024-05-27T22:36:12.842645943Z,2024-05-27T22:36:12.843319892Z,0.000673949,14,1.328566654362964e-5,309.1449,26.8604,527526.3,lightning,1,1.0598070486025736e-3,12,24,3,1,14318,1952
20240603,2024-06-03T20:51:12.812581956Z,2024-06-03T20:51:12.812629938Z,0.000047982,8,1.740108444265734e-1,293.7865,24.5508,520190.8,lightning,1,2.378028186214245e-3,8,9,0,0,15169,1137
20240605,2024-06-05T21:53:36.286681950Z,2024-06-05T21:53:36.286921977Z,0.000240027,14,3.38129945630942e-1,257.2827,29.2922,517693.3,lightning,1,1.8032584706171625e-3,26,15,0,0,14906,1441
20240607,2024-06-07T19:49:35.352961957Z,2024-06-07T19:49:35.353047966Z,0.000086009,12,1.259958276340516e-2,280.9993,26.1374,516326.6,lightning,1,7.673847340381936e-3,14,13,0,0,16255,1135
20240610,2024-06-10T16:49:04.929231941Z,2024-06-10T16:49:04.929841935Z,0.000609994,15,1.5319310605186885e-4,151.2226,-7.1665,529503.5,lightning,1,2.6467084337349397e-3,15,19,3,0,12152,1829
20240611,2024-06-11T17:10:21.838037729Z,2024-06-11T17:10:21.838196992Z,0.000159263,16,3.3213483010578125e-4,284.5109,32.3573,514751.1,lightning,1,1.860255186460126e-2,9,18,3,0,18845,2855
20240615,2024-06-15T18:49:06.104291975Z,2024-06-15T18:49:06.104449987Z,0.000158012,10,2.000401887968061e-2,107.6167,10.8912,528127.9,lightning,1,3.770239447586263e-3,4,13,4,0,15879,1715
20240616,2024-06-16T17:33:22.175069987Z,2024-06-16T17:33:22.175157964Z,0.000087977,12,3.547688652625175e-1,263.6734,21.5266,512795.5,lightning,1,1.5706196295385624e-3,9,12,2,1,15975,1493
20240619,2024-06-19T01:05:57.592891931Z,2024-06-19T01:05:57.593035936Z,0.000144005,11,2.132785462880506e-3,160.6818,-0.3589,512937.4,lightning,1,6.556839603311204e-4,8,13,1,0,14335,843
20240619,2024-06-19T01:10:32.860791921Z,2024-06-19T01:10:32.860829949Z,0.000038028,8,2.3187116238293215e-1,172.4667,-12.2107,516017.3,lightning,1,6.373066084747152e-3,7,9,0,0,14235,802
20240624,2024-06-24T12:19:33.508375942Z,2024-06-24T12:19:33.508397936Z,0.000021994,8,2.511076115086923e-1,291.5151,21.4297,516561.5,lightning,1,1.0211337037947708e-2,8,8,3,1,14534,1688
20240626,2024-06-26T07:56:15.341541945Z,2024-06-26T07:56:15.341655969Z,0.000114024,10,7.570719203898728e-1,181.1247,-8.4356,529978.2,lightning,1,2.461397901811327e-3,4,11,4,2,12678,1569
20240702,2024-07-02T08:30:27.453261971Z,2024-07-02T08:30:27.453465938Z,0.000203967,17,1.0211490353029206e-3,261.4663,39.3470,532288.2,lightning,1,3.196459306614212e-3,9,21,0,0,30060,3062
20240713,2024-07-13T05:54:19.036303997Z,2024-07-13T05:54:19.036412Z,0.000108003,10,2.1508308283248102e-2,286.8799,3.2841,528630.2,lightning,1,4.328811089254979e-3,7,11,3,1,12739,1228
20240717,2024-07-17T06:25:42.055122017Z,2024-07-17T06:25:42.055177986Z,0.000055969,9,4.424416801906861e-1,251.9872,4.0407,529959.9,lightning,1,3.622450381116302e-3,6,10,1,0,14956,1673
20240721,2024-07-21T15:42:32.582481920Z,2024-07-21T15:42:32.582843959Z,0.000362039,13,4.96762034196276e-2,273.3737,4.5816,511029.4,lightning,1,4.143883173510368e-3,10,16,4,4,13572,1936
20240725,2024-07-25T00:28:36.791039943Z,2024-07-25T00:28:36.791187942Z,0.000147999,9,2.2797244680331027e-1,132.6147,15.8488,510984.2,lightning,1,2.4591271207278093e-4,13,12,0,0,12254,1587
20240727,2024-07-27T22:39:47.948965907Z,2024-07-27T22:39:47.949119925Z,0.000154018,15,9.458644724498368e-4,283.2182,17.7121,521889.0,lightning,1,6.725708630440128e-3,18,16,0,0,14393,1512
20240728,2024-07-28T14:02:04.232676029Z,2024-07-28T14:02:04.232815980Z,0.000139951,11,2.709258250025318e-2,290.4302,32.1480,513067.6,lightning,1,3.704344037373986e-3,16,15,4,0,18504,2461
20240801,2024-08-01T11:18:19.163248002Z,2024-08-01T11:18:19.164009988Z,0.000761986,24,6.975361225862945e-5,290.4545,22.7192,514024.0,lightning,1,3.5024063437423163e-3,7,27,2,0,15067,1086
20240808,2024-08-08T07:45:27.599339962Z,2024-08-08T07:45:27.600241959Z,0.000901997,12,1.0211569061077568e-5,285.6868,12.1335,521271.0,lightning,1,1.2295491025325794e-3,9,27,2,2,14417,2188
20240808,2024-08-08T09:23:03.536897957Z,2024-08-08T09:23:03.537545979Z,0.000648022,15,4.662914778286656e-3,268.8692,18.7979,520251.0,lightning,1,1.433526165068437e-2,12,25,3,1,16184,1257
20240809,2024-08-09T15:16:34.501245975Z,2024-08-09T15:16:34.501513957Z,0.000267982,12,2.5649892395248428e-2,144.4315,-6.2085,527157.7,lightning,1,9.83852167855094e-4,11,15,3,1,12074,1586
20240811,2024-08-11T17:01:47.427601933Z,2024-08-11T17:01:47.427981972Z,0.000380039,14,1.150943761699106e-5,272.1369,17.0786,510051.7,lightning,1,1.3054185697893616e-2,12,18,5,5,14304,1599
20240821,2024-08-21T18:56:25.566975951Z,2024-08-21T18:56:25.567197978Z,0.000222027,13,2.587407064077913e-3,165.1183,26.2087,515580.9,lightning,1,4.263054905335628e-3,4,14,0,0,13095,868
20240909,2024-09-09T04:13:04.379097938Z,2024-09-09T04:13:04.380409955Z,0.001312017,20,2.8486843023251618e-5,291.7236,5.3665,523128.2,lightning,1,5.990753512007212e-3,9,27,3,1,11790,1361
20240915,2024-09-15T02:21:15.104391992Z,2024-09-15T02:21:15.104586005Z,0.000194013,14,1.6270543924069936e-3,258.7045,23.7722,523052.8,lightning,1,1.470436497008442e-2,14,15,7,3,15861,2596
20240915,2024-09-15T11:16:49.995581924Z,2024-09-15T11:16:49.995815932Z,0.000234008,15,5.855874701426466e-3,342.9708,11.5584,507020.0,lightning,1,8.199572002294894e-4,5,18,1,0,25241,1147
20240917,2024-09-17T01:49:48.212650001Z,2024-09-17T01:49:48.212759971Z,0.000109970,11,8.349918705750563e-3,264.9605,15.0662,522184.0,lightning,1,1.371917537087124e-2,11,13,0,0,13974,977
20240918,2024-09-18T14:55:11.995561897Z,2024-09-18T14:55:11.996769905Z,0.001208008,8,1.0200672845477652e-2,228.7700,-22.6443,515307.9,lightning,1,3.2868701745758543e-4,10,31,5,2,12281,1671
20240923,2024-09-23T20:37:14.812525928Z,2024-09-23T20:37:14.813287913Z,0.000761985,18,8.233569323498514e-2,300.4317,13.6307,517085.7,lightning,1,1.2304486435538071e-3,11,22,5,1,11699,2017
20240923,2024-09-23T21:41:52.252053976Z,2024-09-23T21:41:52.252223968Z,0.000169992,10,6.483158272991865e-1,155.1500,28.9818,507912.0,lightning,1,9.015654454552904e-4,11,13,0,0,11824,898
20240925,2024-09-25T10:05:22.011259973Z,2024-09-25T10:05:22.011412024Z,0.000152051,11,5.640461540298502e-2,329.6241,34.2153,508987.5,lightning,1,1.639209900827801e-4,15,13,3,3,14692,1300
20240927,2024-09-27T21:57:06.993503928Z,2024-09-27T21:57:06.993987917Z,0.000483989,12,2.098401806568462e-2,98.1982,8.6005,510386.9,lightning,1,5.520481690025408e-3,3,22,2,1,16475,1721
20241004,2024-10-04T16:47:21.695035934Z,2024-10-04T16:47:21.695399940Z,0.000364006,11,1.3056120435432665e-2,148.0246,22.3984,512965.8,lightning,1,1.3154020244242274e-3,13,16,2,2,11728,1676
20241004,2024-10-04T17:16:27.444091975Z,2024-10-04T17:16:27.444923937Z,0.000831962,14,7.204409051609517e-4,267.0720,23.4137,506775.7,lightning,1,4.252686665027457e-3,14,27,2,0,15947,2361
20241005,2024-10-05T16:20:39.205868005Z,2024-10-05T16:20:39.206027984Z,0.000159979,12,5.3219177953847405e-3,123.1148,0.8393,517731.5,lightning,1,1.891157372346529e-3,7,13,2,0,11444,1587
20241008,2024-10-08T15:30:51.931289911Z,2024-10-08T15:30:51.931455910Z,0.000165999,10,3.068724770599884e-1,130.0977,13.5108,516755.4,lightning,1,7.881382378493566e-3,11,12,0,0,11491,1188
20241010,2024-10-10T02:55:41.972529709Z,2024-10-10T02:55:41.972956120Z,0.000426411,17,1.0959817826062748e-2,107.9241,6.0312,504966.2,lightning,1,6.558279403327596e-4,5,18,0,0,12581,1425
20241011,2024-10-11T17:45:25.866513907Z,2024-10-11T17:45:25.867423892Z,0.000909985,11,3.3434345086064874e-3,76.7582,13.9817,518136.9,lightning,1,3.054798164084911e-3,9,28,4,1,12795,1062
20241013,2024-10-13T04:33:57.690257906Z,2024-10-13T04:33:57.691623926Z,0.001366020,16,5.34406669308881e-5,276.4295,22.8539,518533.7,lightning,1,4.099333579214819e-3,13,35,5,3,14480,1297
20241015,2024-10-15T02:18:32.066496014Z,2024-10-15T02:18:32.066554009Z,0.000057995,12,2.752178566094989e-4,286.7262,14.1719,519333.0,lightning,1,1.5352456888779608e-2,6,12,0,0,13160,1053
20241015,2024-10-15T10:18:36.854267895Z,2024-10-15T10:18:36.854517936Z,0.000250041,11,3.3038305995448814e-3,184.7975,28.8083,519545.0,lightning,1,1.639209900827801e-4,8,16,0,0,12466,851
20241015,2024-10-15T12:23:01.936373889Z,2024-10-15T12:23:01.936573922Z,0.000200033,13,7.933089229790087e-3,280.3783,15.2243,504694.8,lightning,1,1.9373225350381117e-2,10,14,3,0,12493,1455
20241019,2024-10-19T17:23:21.263785958Z,2024-10-19T17:23:21.264427959Z,0.000642001,13,4.31661974113667e-5,164.3601,25.2876,509788.5,lightning,1,1.8118646422424392e-3,8,20,3,2,12339,1417
20241020,2024-10-20T01:11:03.163341045Z,2024-10-20T01:11:03.163446247Z,0.000105202,10,3.7057325243496614e-1,21.9579,37.0488,515360.1,lightning,1,2.706496549463158e-3,8,11,1,0,14303,1723
20241022,2024-10-22T22:53:01.470421910Z,2024-10-22T22:53:01.470467090Z,0.000045180,9,2.4913677766341263e-1,81.7760,8.5790,507487.7,lightning,1,2.869930530284403e-3,4,9,0,0,11737,904
20241027,2024-10-27T03:50:25.974993944Z,2024-10-27T03:50:25.975079894Z,0.000085950,9,7.401632343141505e-2,321.0410,23.8268,514356.7,lightning,1,1.8038297598557496e-3,22,10,5,5,11941,871
20241103,2024-11-03T04:11:12.175517976Z,2024-11-03T04:11:12.175718009Z,0.000200033,10,3.0636015077905147e-2,126.0903,7.5539,507131.2,lightning,1,2.558593836570773e-3,6,13,0,0,11026,775
20241103,2024-11-03T16:00:46.302295982Z,2024-11-03T16:00:46.303517997Z,0.001222015,14,8.541842255494178e-5,123.1971,-5.4670,513628.7,lightning,1,5.170834800426195e-3,6,29,1,0,12371,720
20241103,2024-11-03T16:47:30.501371979Z,2024-11-03T16:47:30.501603960Z,0.000231981,11,3.6110991258206863e-3,289.6424,3.9301,506040.1,lightning,1,2.2133052126874844e-3,3,15,0,0,12529,1592
20241104,2024-11-04T12:31:47.819278001Z,2024-11-04T12:31:47.819369971Z,0.000091970,10,2.7730980826257445e-1,169.2352,-4.9096,514164.3,lightning,1,2.0568839685271697e-3,14,11,2,1,12158,1299
20241107,2024-11-07T01:52:31.108124017Z,2024-11-07T01:52:31.108363986Z,0.000239969,12,2.538260980738637e-1,274.3139,26.8951,517851.1,lightning,1,3.2794440619621343e-4,32,16,2,1,13656,1393
20241107,2024-11-07T06:04:32.128120005Z,2024-11-07T06:04:32.128196001Z,0.000075996,11,3.50028183346636e-1,75.2733,11.3712,504131.8,lightning,1,1.639209900827801e-4,6,11,1,0,14300,832
20241108,2024-11-08T14:25:43.595225930Z,2024-11-08T14:25:43.595345914Z,0.000119984,14,8.588933186474093e-5,120.7176,-11.0036,516342.0,lightning,1,4.099616580608147e-3,14,14,2,0,10056,998
20241108,2024-11-08T15:17:20.921411931Z,2024-11-08T15:17:20.921447932Z,0.000036001,8,6.707045159418156e-1,300.5886,21.6088,505619.8,lightning,1,2.726060068846816e-3,21,8,0,0,10483,1001
20241116,2024-11-16T21:06:02.777641892Z,2024-11-16T21:06:02.778637945Z,0.000996053,16,2.0208862718072515e-5,297.0640,15.6015,513158.7,lightning,1,2.6774401114662734e-3,10,27,8,1,12214,1360
20241120,2024-11-20T15:11:01.490835964Z,2024-11-20T15:11:01.491009950Z,0.000173986,12,8.708021422712775e-1,24.5289,-5.6163,514595.1,lightning,1,4.673992705515941e-3,12,13,0,0,11691,861
20241121,2024-11-21T10:40:02.579655945Z,2024-11-21T10:40:02.579743921Z,0.000087976,13,9.334534494794963e-5,222.7875,-30.0872,516734.6,lightning,1,1.6412016064257027e-3,8,14,1,1,13961,1889
20241122,2024-11-22T14:32:59.774659931Z,2024-11-22T14:32:59.774953901Z,0.000293970,10,2.881778022852679e-1,25.8889,-9.9844,514786.4,lightning,1,4.590771781001557e-3,33,14,2,1,9342,1848
20241123,2024-11-23T14:13:20.817135930Z,2024-11-23T14:13:20.817297935Z,0.000162005,11,9.712477186390948e-1,25.0388,-10.6154,514333.1,lightning,1,4.345827407589542e-3,11,12,2,2,12109,904
20241127,2024-11-27T06:36:57.377239942Z,2024-11-27T06:36:57.377433955Z,0.000194013,11,1.7707216920953006e-4,121.2492,-16.0015,513924.2,lightning,1,3.197200508155069e-3,26,14,1,0,10437,1701
20241130,2024-11-30T22:02:00.581439971Z,2024-11-30T22:02:00.582517921Z,0.001077950,34,1.2247938952173774e-4,21.2450,-6.5593,511681.6,lightning,1,2.950591656421605e-3,7,36,5,1,12855,981
20241203,2024-12-03T14:46:45.319773972Z,2024-12-03T14:46:45.319885969Z,0.000111997,11,8.92289137389373e-2,123.2985,3.6547,510527.4,lightning,1,6.558993525120892e-4,20,11,7,4,8862,1600
20241205,2024-12-05T22:37:36.932039976Z,2024-12-05T22:37:36.932196021Z,0.000156045,11,2.7658436414237647e-1,144.0508,19.6385,499157.2,lightning,1,1.639698877141218e-4,8,12,4,0,12527,930
20241207,2024-12-07T13:40:11.535497963Z,2024-12-07T13:40:11.535523951Z,0.000025988,8,7.459038760897381e-2,162.7307,36.7145,509268.5,lightning,1,1.8185153020244245e-3,28,8,1,0,11058,1840
20241211,2024-12-11T11:03:34.686665952Z,2024-12-11T11:03:34.686807930Z,0.000141978,11,3.635495401563065e-1,268.0499,28.6654,501476.7,lightning,1,6.807686017539546e-3,13,14,1,1,17053,2311
20241213,2024-12-13T18:34:04.876871883Z,2024-12-13T18:34:04.877401888Z,0.000530005,12,1.2121281661040251e-2,194.8761,-16.9823,502038.9,lightning,1,1.3116294811900664e-3,8,19,3,2,12093,1131
20241218,2024-12-18T08:29:22.502065956Z,2024-12-18T08:29:22.502081930Z,0.000015974,8,1.681961663665217e-1,214.3940,42.9325,513784.8,lightning,1,9.837963199737726e-4,15,8,0,0,18501,1267
20241219,2024-12-19T11:30:27.464993953Z,2024-12-19T11:30:27.465061962Z,0.000068009,10,5.06024000334608e-1,215.3257,24.4509,505126.6,lightning,1,1.648683386607655e-4,19,10,1,0,12211,1571
