start,fa,lon,lat,phase,n_core,dur_ms,pi_core_med,pi_bkg_med,pi_med_ratio,acd_core,acd_bkg,det_frac_max,rate_bkg,n_det_hit
2024-06-29T06:05:11.706698,3.078615959361697e-15,121.32427246754136,7.298679034307298,0.706698,33,1.4640,59,38,1.553,0.0000,0.0146,0.394,2984,3
2024-06-30T10:39:41.827104,2.8830859985016545e-24,-87.48726067309964,17.80095405918697,0.827104,35,1.4770,61,30,2.033,0.0000,0.0116,0.486,3534,3
2024-07-01T06:44:35.192968,5.485650594176674e-06,113.70014524927537,-2.041994577895827,0.192968,18,1.0160,50,34,1.485,0.0000,0.0137,0.444,2782,3
2024-07-03T11:05:04.423076,2.2258721817503752e-23,155.52606607306777,-24.138785038074623,0.423077,43,1.2570,16,31,0.516,0.0000,0.0133,0.930,3489,3
2024-07-03T14:37:18.964017,1.1769991926132497e-26,163.26237939449354,4.617370646080411,0.964017,59,2.0630,15,28,0.536,0.0000,0.0142,0.966,3020,2
2024-07-03T16:32:20.699037,2.1437071668403212e-24,-160.44610044814536,28.172353715798906,0.699038,54,1.7010,16,26,0.615,0.0185,0.0103,0.815,4236,3
2024-07-05T00:39:30.411009,2.7429782587191734e-10,9.930199120132945,8.65730550536042,0.411010,21,0.9830,71,45,1.578,0.0000,0.0076,0.524,5720,3
2024-07-11T13:50:52.042299,7.781172173846193e-47,156.43596333101104,22.427903185481952,0.042299,67,1.9670,16,29,0.552,0.0000,0.0158,0.896,3166,3
2024-07-12T02:23:24.497152,3.174641183648688e-25,-119.05748045140916,-18.039632007196435,0.497152,47,1.9130,16,33,0.485,0.0000,0.0126,0.894,3266,3
2024-07-12T04:51:17.229023,3.05747140602369e-15,31.089242116655115,14.613661913537406,0.229023,24,1.4570,80,30,2.683,0.0000,0.0119,0.458,3198,3
2024-07-12T06:00:25.956741,1.5444442046363684e-12,-97.56628138040183,20.109783264699868,0.956742,25,0.6400,99,30,3.300,0.0000,0.0101,0.360,4398,3
2024-07-12T21:09:20.065649,4.980974975359484e-09,163.9371094805013,3.116151759030275,0.065650,13,0.0540,145,36,4.028,0.0000,0.0102,0.385,4236,3
2024-07-13T09:55:44.361445,1.719474346267532e-11,-68.11359450033773,20.516810520642036,0.361446,19,1.4470,115,29,3.966,0.0000,0.0147,0.421,3106,3
2024-07-13T19:06:04.633336,2.5073196230981193e-13,25.484627274301495,6.486076880781805,0.633336,29,1.1630,70,53,1.321,0.0000,0.0080,0.448,5274,3
2024-07-14T14:34:09.569931,3.5498471931641083e-19,95.71765490635552,10.747917203565724,0.569931,49,1.7060,16,38,0.421,0.0000,0.0100,0.796,3958,3
2024-07-14T14:39:46.396073,1.7871564391637422e-08,113.90051846884077,19.52744724395684,0.396073,26,1.5770,58,36,1.625,0.0000,0.0103,0.423,3926,3
2024-07-14T18:17:38.246223,1.785824822528037e-09,153.56071203498468,21.586552175666508,0.246224,26,1.2440,69,35,1.986,0.0385,0.0082,0.423,4309,3
2024-07-14T21:37:45.680312,6.08643613664882e-11,123.42848913932416,12.931651020013202,0.680313,37,1.2680,15,35,0.429,0.0000,0.0096,0.892,4254,3
2024-07-15T05:44:03.244879,1.8889625213438633e-06,1.495195653148749,11.90618648558201,0.244880,219,8.0950,44,33,1.333,0.0000,0.0088,0.361,4676,3
2024-07-15T05:44:03.260610,1.540427928679682e-10,1.4960169319119,11.905747931795652,0.260610,189,6.4660,54,33,1.636,0.0053,0.0088,0.370,4681,3
2024-07-15T05:44:03.340588,8.293450792764465e-11,1.5001932416940331,11.903517828510221,0.340588,105,3.5760,55,32,1.719,0.0095,0.0083,0.410,4691,3
2024-07-15T05:44:03.346495,8.406329642491448e-16,1.500501170454256,11.903353397954138,0.346496,381,11.0020,50,32,1.562,0.0026,0.0085,0.409,4568,3
2024-07-15T05:44:03.357695,2.420557614049616e-11,1.5010873421313102,11.903040388754386,0.357695,288,9.8970,48,32,1.500,0.0000,0.0086,0.372,4613,3
2024-07-16T11:49:24.801470,9.894159759373897e-19,108.26454186327047,2.769364605535251,0.801470,28,1.4880,53,32,1.656,0.0357,0.0087,0.429,3372,3
2024-07-18T02:50:00.239587,9.116454893188467e-13,-97.01114957625713,18.40467713775167,0.239587,48,1.8780,16,32,0.500,0.0000,0.0072,0.812,5126,3
2024-07-18T23:32:13.392619,1.4564664720871694e-14,-122.58235928294842,-16.4846147698199,0.392619,37,1.5440,15,35,0.429,0.0000,0.0121,0.865,3195,3
2024-07-20T05:19:31.509700,1.1345385978179443e-09,-75.35359607056137,27.483549716602703,0.509700,21,1.4060,50,31,1.613,0.0476,0.0124,0.381,3678,3
2024-07-20T08:45:36.494378,4.853680695768032e-17,-83.45401540837088,13.032283475081643,0.494378,28,1.1900,74,30,2.483,0.0000,0.0126,0.357,3502,3
2024-07-20T11:31:02.813174,2.2967332138503305e-10,120.4908447723399,20.297819177018685,0.813174,16,0.5790,76,34,2.250,0.0000,0.0079,0.500,3854,3
2024-07-22T13:45:17.863840,5.6107389773512276e-12,83.53375336141163,24.104685813393527,0.863841,33,1.6360,55,46,1.196,0.0000,0.0087,0.515,4462,3
2024-07-22T21:40:20.386240,6.79242110190782e-35,-75.47688208336994,8.501443577209125,0.386241,46,1.8590,89,33,2.712,0.0000,0.0109,0.391,3640,3
2024-07-23T22:45:06.286870,2.0561274332612821e-19,78.2682729076118,-7.193752615245127,0.286870,27,1.6630,57,30,1.900,0.0000,0.0094,0.519,3636,3
2024-07-24T06:39:32.343596,8.015301579616319e-14,-79.64797539183347,12.6835084815484,0.343597,22,0.9490,78,29,2.690,0.0000,0.0133,0.591,3484,3
2024-07-26T05:36:58.883049,5.0257389936481375e-26,-76.15267305244264,11.664977928722525,0.883049,32,1.5950,99,29,3.431,0.0000,0.0120,0.375,3404,3
2024-07-26T16:50:11.029000,5.746141305917273e-21,88.26376087078377,21.72176211661573,0.029001,69,2.3400,16,34,0.471,0.0145,0.0086,0.913,4220,3
2024-07-31T18:07:48.249042,1.367734660504782e-44,3.6195010374921734,28.191320534566724,0.249043,74,2.0310,16,30,0.533,0.0000,0.0099,0.919,3769,3
2024-08-01T08:34:59.897574,2.086120195373241e-28,113.05260795703367,28.44732162194705,0.897575,32,1.0640,104,42,2.488,0.0000,0.0083,0.375,3870,3
2024-08-01T12:35:37.257046,6.789967330046811e-56,-137.42492817739682,-27.219741777262836,0.257046,132,2.6430,16,31,0.516,0.0000,0.0057,0.886,6177,3
2024-08-02T02:41:35.628547,2.0436688825531945e-08,-91.59408299943152,16.03330973018452,0.628548,15,0.4130,64,31,2.065,0.0000,0.0091,0.400,4512,3
2024-08-02T15:47:38.608435,9.922821770074107e-08,97.99496731883275,0.5450124068091335,0.608436,23,1.4300,69,30,2.300,0.0000,0.0100,0.478,3892,3
2024-08-03T01:28:13.767102,8.22240973084664e-06,-57.19052519116502,4.480918410030775,0.767102,24,1.1770,85,30,2.850,0.0000,0.0105,0.417,3242,3
2024-08-04T01:39:01.884119,5.511633203192526e-52,-87.7193621789666,14.931888025388917,0.884119,58,1.7800,65,31,2.113,0.0000,0.0096,0.362,3864,3
2024-08-06T08:29:56.963050,2.63571837362411e-47,109.38834372125774,27.942674814386084,0.963051,101,2.2440,15,44,0.341,0.0099,0.0097,0.950,4036,3
2024-08-07T07:08:03.639943,9.557636285745e-06,116.0464141152059,28.687795794402934,0.639943,17,0.7320,76,44,1.727,0.0000,0.0113,0.471,3886,3
2024-08-08T23:08:12.599097,4.354721838622854e-19,119.16583175322175,-2.132788565173253,0.599097,31,1.4970,47,34,1.382,0.0000,0.0165,0.419,2575,3
2024-08-09T05:38:35.238781,1.0905110412757581e-24,25.680211923116072,1.2536770337362821,0.238782,39,1.7710,53,56,0.946,0.0000,0.0081,0.410,5108,3
2024-08-09T05:39:39.624300,4.231431960440388e-17,28.895830093232252,3.189959795288894,0.624300,40,1.9420,55,54,1.028,0.0000,0.0087,0.425,4965,3
2024-08-09T17:17:00.245968,5.1098079831954314e-20,-85.77125174552437,27.473848884151952,0.245969,35,1.5640,52,35,1.486,0.0000,0.0117,0.371,3510,3
2024-08-09T23:24:33.799589,5.154814822756194e-10,105.98361119161089,-3.0987218448203415,0.799590,23,1.7130,81,33,2.455,0.0435,0.0120,0.435,2926,3
2024-08-09T23:26:09.084228,9.325257540192673e-11,110.73916157665849,-0.230843275591572,0.084228,19,0.6670,35,34,1.029,0.0000,0.0123,0.421,2847,3
2024-08-11T14:32:06.177765,1.413883229049484e-09,-75.80879686042731,23.524472676888305,0.177766,22,1.6610,51,35,1.457,0.0000,0.0123,0.455,3295,3
2024-08-11T21:22:30.964035,2.858321671633507e-10,-91.68410509717407,19.64384336031634,0.964035,28,1.6540,46,31,1.484,0.0000,0.0108,0.393,4086,3
2024-08-12T11:22:25.042908,2.8939516032603825e-24,-77.82798455521373,4.565608696779959,0.042909,46,1.6540,67,31,2.177,0.0000,0.0083,0.391,5206,3
2024-08-14T13:39:31.620433,1.4855726749484373e-20,-106.10446182655882,15.33245499096944,0.620434,39,1.6340,48,33,1.455,0.0000,0.0086,0.436,4053,3
2024-08-16T14:25:08.492702,2.8132446746757927e-07,-86.06252595836177,28.36758538313727,0.492703,14,0.2290,73,32,2.297,0.0000,0.0103,0.357,3890,3
2024-08-17T09:34:51.160753,4.487030141686541e-25,-78.18342485826558,9.146981609791391,0.160754,28,0.2400,169,31,5.452,0.0000,0.0125,0.357,3832,3
2024-08-17T16:27:24.533271,6.677382435691199e-19,-89.32177215525428,27.505519338442586,0.533271,31,1.7540,86,33,2.606,0.0000,0.0088,0.516,4367,3
2024-08-21T07:27:16.425009,4.514114252644664e-16,-76.0960631666795,8.428523340459847,0.425010,25,0.8640,69,30,2.300,0.0000,0.0103,0.400,3801,3
2024-08-22T01:15:42.522466,2.314614745023592e-13,11.90487030304498,8.694281898362794,0.522466,30,1.4860,80,43,1.872,0.0000,0.0070,0.400,5871,3
2024-08-22T11:00:56.734470,1.9859045990261437e-41,-128.80696700885696,13.002111253061315,0.734470,434,13.5580,20,28,0.714,0.0023,0.0100,0.445,3912,3
2024-08-22T12:58:56.901964,1.5617938403109516e-17,-76.31135196220472,28.04540196340314,0.901965,35,1.6270,79,33,2.394,0.0000,0.0103,0.400,3450,3
2024-08-24T15:15:36.753215,1.2862068258824927e-12,-101.3833567467722,22.68813326645497,0.753216,27,1.4630,58,35,1.657,0.0000,0.0131,0.444,3358,3
2024-08-24T15:19:44.618510,8.079004752567843e-18,-87.24503364315319,17.061111939584848,0.618511,26,1.2340,54,35,1.543,0.0000,0.0128,0.385,2974,3
2024-08-25T06:58:48.553660,1.105438295395951e-12,-92.1494763526579,11.387547061256557,0.553660,32,1.7040,63,30,2.117,0.0312,0.0091,0.406,4580,3
2024-08-26T12:29:15.240817,6.836722147589236e-09,-95.66267168613895,27.75319296955256,0.240818,17,0.7250,58,35,1.657,0.0000,0.0108,0.471,3696,3
2024-08-28T00:19:54.345310,5.2731551271508974e-11,128.4837507467258,9.828263529004566,0.345310,25,1.6210,42,44,0.955,0.0000,0.0118,0.480,3676,3
2024-09-04T13:05:35.438160,2.7577343453095887e-06,122.08089558909587,20.32656506303684,0.438161,11,0.0700,188,34,5.529,0.0000,0.0101,0.455,3997,3
2024-09-06T02:16:49.185095,1.3308658795196377e-19,-95.12113099999732,17.114380851353395,0.185096,36,1.5370,53,32,1.656,0.0000,0.0103,0.361,4556,3
2024-09-07T15:20:27.300197,2.788567980495709e-10,24.837533103796968,0.35737159069711805,0.300197,18,0.5170,68,55,1.245,0.0000,0.0072,0.389,4976,3
2024-09-08T08:17:33.568089,1.0738925939872015e-22,-62.718480547894686,4.162479291585707,0.568090,35,1.1720,78,31,2.516,0.0000,0.0149,0.514,3224,3
2024-09-08T15:41:04.450807,1.6381104325192262e-14,25.45936509227291,7.567981560377887,0.450807,30,1.4950,48,49,0.980,0.0000,0.0071,0.467,5130,3
2024-09-08T18:57:41.552594,1.9960632690179585e-10,-16.64579607721754,11.709373354406138,0.552595,25,1.5730,99,35,2.829,0.0000,0.0078,0.440,4828,3
2024-09-09T17:34:44.358945,2.292137334429212e-11,-10.861068606581398,7.536576377677129,0.358946,31,1.4290,57,55,1.036,0.0000,0.0088,0.355,5042,3
2024-09-09T20:49:28.473450,3.0047462303899587e-13,-58.778050690725394,8.46044936237573,0.473451,23,0.9090,143,36,3.972,0.0000,0.0119,0.391,3201,3
2024-09-09T22:27:58.995070,1.1834700164493359e-33,-79.21476471195825,10.876385338389513,0.995071,43,1.5660,39,35,1.114,0.0000,0.0135,0.419,3176,3
2024-09-10T09:47:18.102483,7.142890794969297e-31,106.12983035126653,10.166617385842693,0.102483,43,1.2500,43,38,1.132,0.0233,0.0092,0.349,3366,3
2024-09-12T17:16:50.773784,2.9934538076331485e-12,87.05215923097882,23.446701045954867,0.773785,29,1.4860,69,33,2.091,0.0000,0.0094,0.414,4570,3
2024-09-15T23:02:49.454968,1.39345592429404e-07,-4.105172417617155,16.53555345706502,0.454969,29,1.6630,48,29,1.655,0.0000,0.0137,0.379,3677,3
2024-09-16T13:32:00.545332,1.4635506110688815e-07,116.91689242688466,22.961946486230843,0.545333,25,1.3100,54,39,1.385,0.0000,0.0086,0.400,4601,3
2024-09-17T00:48:42.678066,3.912163471718577e-12,-67.40092451189253,26.02986890180954,0.678067,24,0.9960,77,34,2.265,0.0000,0.0104,0.417,3330,3
2024-09-17T02:29:00.085474,3.0445747471211185e-09,-80.5003290093329,22.72724231787934,0.085474,18,0.9270,64,33,1.955,0.0000,0.0136,0.444,3351,3
2024-09-17T08:35:08.286707,7.386079601214696e-11,95.8949861331249,20.096225933849247,0.286708,25,1.0250,67,44,1.523,0.0000,0.0117,0.520,3646,3
2024-09-17T19:56:19.658477,4.733197471902903e-13,-72.26007820358268,22.049632050299014,0.658477,25,1.4090,57,37,1.541,0.0000,0.0139,0.440,3138,3
2024-09-19T07:27:53.588510,1.3469283353305505e-17,87.35304562717813,15.520559121604522,0.588510,40,1.7930,46,42,1.107,0.0250,0.0133,0.375,3747,3
2024-09-19T17:04:46.079349,1.1975346320759163e-20,-79.04406257989665,5.86801139222126,0.079349,31,1.3290,58,34,1.706,0.0000,0.0097,0.419,3466,3
2024-09-19T22:22:44.012023,1.974850245215159e-10,-56.90765106701426,27.002503718395396,0.012023,22,1.5130,54,34,1.588,0.0455,0.0113,0.455,3154,3
2024-09-19T22:24:39.461158,1.4226482101577184e-15,-49.64998764297809,25.38580736626821,0.461158,28,1.2970,57,33,1.727,0.0000,0.0115,0.429,3138,3
2024-09-20T00:05:52.329156,1.1818408482452336e-14,-59.66946007248964,20.662681919920118,0.329157,28,1.0770,42,32,1.312,0.0000,0.0146,0.464,3251,3
2024-09-22T02:18:54.589506,1.5428012616535654e-12,-97.24612096227014,16.31686197921396,0.589506,26,0.9900,46,32,1.438,0.0000,0.0091,0.500,3945,3
2024-09-22T16:22:27.636124,4.1140014889898306e-17,-71.87690630422841,15.037416578351204,0.636124,28,1.1910,54,35,1.543,0.0000,0.0095,0.393,3258,3
2024-09-23T18:15:53.269102,5.820780044786312e-11,-108.49749645083673,14.848189872373974,0.269103,23,0.5070,69,31,2.226,0.0000,0.0093,0.435,4070,3
2024-09-24T17:06:39.438398,1.983007369754587e-08,-54.49699032879907,27.923650588217374,0.438398,26,1.4610,85,36,2.375,0.0385,0.0145,0.385,3073,3
2024-09-24T20:32:08.520056,3.4163278752816496e-12,-59.67414027391834,25.92604314948041,0.520057,23,1.2550,48,35,1.371,0.0000,0.0138,0.522,2981,3
2024-09-26T00:11:21.806050,3.185258798069167e-11,-90.73748482088845,14.945344986918887,0.806051,25,1.2620,63,32,1.969,0.0000,0.0102,0.360,3878,3
2024-09-26T16:02:23.390327,3.6857367299790226e-06,-52.783535351696855,27.90622616632523,0.390328,20,1.0210,81,31,2.613,0.0000,0.0101,0.450,3728,3
2024-09-26T16:03:31.420836,1.506171982542771e-11,-48.34222737227597,28.461565281724795,0.420837,23,1.3940,60,31,1.935,0.0000,0.0125,0.391,3707,3
2024-09-26T23:47:44.985608,1.3513909741438414e-08,116.10832787182733,-0.29372585492873593,0.985608,17,0.6420,112,30,3.733,0.0000,0.0142,0.412,3267,3
2024-09-27T00:31:30.934542,1.1540871778142447e-21,-90.49093872225995,8.712206572774827,0.934542,81,2.9390,83,29,2.862,0.0000,0.0092,0.469,4174,3
2024-09-27T21:24:03.788944,7.345712042305909e-25,-84.33358841617934,23.219263930249156,0.788944,36,1.5800,48,37,1.297,0.0000,0.0129,0.417,3150,3
2024-09-28T21:41:03.173889,6.560311272545744e-06,-93.70678622813107,22.52926857512056,0.173889,13,0.1190,86,31,2.774,0.0000,0.0080,0.462,4414,3
2024-09-28T22:41:18.358779,4.032382273213897e-43,111.49744243315425,-4.180891165250616,0.358780,44,1.6110,77,34,2.265,0.0000,0.0178,0.432,2664,3
2024-09-29T00:30:57.157640,2.7356957877661957e-14,125.35723642637974,17.42703428658526,0.157640,30,1.1760,68,36,1.889,0.0000,0.0106,0.500,3314,3
2024-09-30T06:11:50.047944,4.02935192573912e-40,160.31821523226637,9.010798943567906,0.047944,50,1.5350,56,42,1.333,0.0000,0.0122,0.420,3813,3
2024-09-30T09:28:48.496706,7.196744059061816e-12,119.2690546122645,4.076160737470648,0.496706,26,1.4250,41,38,1.092,0.0000,0.0143,0.538,3214,3
2024-10-01T21:03:27.773905,1.8767784072144083e-11,-69.64146194079719,6.50554579035053,0.773906,24,1.3130,71,30,2.367,0.0000,0.0099,0.500,3336,3
2024-10-02T12:42:44.610733,7.095211303752243e-11,-72.06438374432015,21.618521315364184,0.610733,25,1.5830,53,34,1.559,0.0000,0.0132,0.400,3378,3
2024-10-03T22:38:10.298952,3.323003460367996e-19,116.21794360401776,16.776224052231647,0.298953,31,1.4720,62,33,1.879,0.0000,0.0100,0.484,3903,3
2024-10-04T07:13:52.897193,9.160466828017051e-35,103.86408893969025,14.693089250072138,0.897194,45,1.2650,42,40,1.050,0.0222,0.0120,0.400,3342,3
2024-10-04T07:18:26.274747,1.1235256506465964e-42,118.06821988505874,6.985865701871916,0.274747,50,1.4580,70,38,1.842,0.0000,0.0134,0.380,3422,3
2024-10-04T09:51:05.822503,2.889226236710298e-12,-78.05129970885955,5.589992559937068,0.822503,22,0.5890,104,30,3.467,0.0000,0.0109,0.455,3846,3
2024-10-05T12:23:17.740411,6.48970483154975e-06,23.91273674688644,11.703213968054062,0.740411,24,1.7550,46,33,1.394,0.0000,0.0118,0.417,3044,3
2024-10-05T19:49:26.370159,1.6452142964341109e-07,120.40566017351387,4.683702351386961,0.370159,19,1.1570,69,30,2.300,0.0000,0.0117,0.368,3410,3
2024-10-05T23:07:27.047883,5.856511012922419e-15,82.59965437646676,11.369281653088548,0.047883,30,1.5450,103,38,2.724,0.0000,0.0098,0.333,4117,3
2024-10-06T07:55:58.744603,1.3351847992222644e-14,109.91023517122528,-1.8168107232577648,0.744604,23,0.8960,72,35,2.057,0.0000,0.0143,0.391,3081,3
2024-10-09T07:15:08.333184,7.362392372516252e-32,123.0848130547264,-14.589519367245003,0.333184,43,1.6010,59,33,1.788,0.0000,0.0088,0.512,3484,3
2024-10-13T05:50:54.131969,5.066669550678879e-07,-76.58488907065319,8.623071863444258,0.131970,24,1.2660,68,31,2.175,0.0000,0.0135,0.500,3601,3
2024-10-14T05:17:40.134728,4.70661188716117e-28,101.62437637877888,-7.036831626912303,0.134728,32,1.0950,53,36,1.472,0.0000,0.0134,0.438,2797,3
2024-10-14T11:28:10.462071,8.73687968419245e-06,-53.38039485797768,22.40227018374522,0.462071,20,1.0550,45,31,1.452,0.0000,0.0131,0.450,3209,3
2024-10-14T14:49:43.645716,6.885032006768187e-07,-78.42956362118889,11.468939679440103,0.645716,18,0.7610,110,32,3.438,0.0000,0.0125,0.389,2917,3
2024-10-14T15:49:57.925832,2.135114321932604e-09,124.57085936212385,9.260499449264104,0.925832,21,1.0620,76,29,2.621,0.0000,0.0102,0.476,3524,3
2024-10-14T15:50:36.052105,3.1495482735741178e-21,126.5323234325856,10.352757534890825,0.052106,34,1.0610,54,30,1.817,0.0000,0.0125,0.382,3548,3
2024-10-15T04:46:07.671514,4.5065707363385465e-19,-74.97061417471562,8.435922030281041,0.671514,42,1.7760,54,31,1.742,0.0238,0.0112,0.500,3645,3
2024-10-16T19:28:40.816440,7.0574257303583214e-12,28.623128846905566,-4.762384668809189,0.816441,30,1.6780,72,42,1.714,0.0000,0.0074,0.400,5170,3
2024-10-18T20:07:39.748802,1.339141669985993e-06,25.718743234053047,7.140696270238305,0.748802,19,0.5550,68,41,1.659,0.0000,0.0079,0.474,5374,3
2024-10-19T15:39:57.980331,4.818503569429083e-13,112.0913440484503,19.07648364463451,0.980332,23,0.7390,73,33,2.212,0.0000,0.0074,0.391,4310,3
2024-10-19T18:40:37.622931,1.219506756941403e-11,20.66931361945873,-3.8748351599694955,0.622931,32,1.4440,52,48,1.094,0.0000,0.0082,0.469,5132,3
2024-10-20T17:57:03.871109,2.8976716260122267e-08,166.0149337114277,21.666198888368235,0.871109,21,1.3150,63,37,1.703,0.0000,0.0117,0.429,3795,3
2024-10-21T01:32:01.254462,2.0163449064597054e-10,-68.89957616664734,8.549115583413087,0.254462,29,1.4230,53,30,1.767,0.0000,0.0111,0.345,3830,3
2024-10-21T03:24:42.624951,3.459358616339263e-07,-39.4947983264656,28.151505984335557,0.624952,20,0.9990,85,30,2.833,0.0500,0.0111,0.450,3574,3
2024-10-21T08:38:57.108469,4.980736700063514e-08,-30.10531011373655,9.079027572364106,0.108470,22,0.9580,57,33,1.742,0.0000,0.0149,0.500,2714,3
2024-10-21T14:33:00.629415,1.0258902916112668e-14,106.79275539862414,15.807656490709403,0.629415,29,0.9990,56,33,1.697,0.0000,0.0103,0.448,4159,3
2024-10-26T01:24:25.838198,7.417767058831483e-20,-72.27835746011957,22.079952805357344,0.838198,29,1.4300,66,31,2.129,0.0000,0.0099,0.379,3838,3
2024-10-26T23:59:22.250308,2.592603507410786e-10,-72.78085483617222,16.361941009858718,0.250309,23,1.6410,58,33,1.758,0.0000,0.0095,0.435,3666,3
2024-10-27T20:09:00.499210,7.260032862571168e-06,145.93231952220938,-10.297930903861685,0.499210,15,0.2050,79,32,2.431,0.0000,0.0091,0.467,4170,3
2024-10-28T18:44:44.071644,2.867655944021929e-07,149.33262345276316,-4.55124416736646,0.071644,29,1.4500,70,34,2.059,0.0000,0.0096,0.345,4446,3
2024-10-30T05:20:33.560636,1.2416278537276277e-26,122.66884231316698,-15.120599532427262,0.560636,31,1.3820,67,33,2.030,0.0000,0.0132,0.355,2886,3
2024-10-30T20:47:58.840939,5.952757523157214e-07,84.02960555685789,6.125453367996457,0.840940,28,1.7050,58,30,1.933,0.0000,0.0109,0.393,3812,3
2024-10-31T01:42:47.245667,4.852071339402813e-07,20.560273620173962,-0.3474344956405779,0.245668,19,0.6640,79,29,2.724,0.0000,0.0094,0.421,3548,3
2024-11-02T07:59:35.226332,5.016929956082789e-35,106.14535282469758,9.181483490075431,0.226332,41,1.6720,65,37,1.757,0.0000,0.0144,0.366,3085,3
2024-11-03T06:38:07.638466,6.646269817891312e-09,118.36721116009439,8.514289630193458,0.638466,24,1.3400,36,35,1.029,0.0000,0.0145,0.375,2726,3
2024-11-03T23:32:42.851613,7.143799967335061e-16,24.740766463919176,-0.4106598701426059,0.851614,25,0.7510,63,31,2.032,0.0000,0.0111,0.400,3252,3
2024-11-04T04:18:25.200253,5.291340951457979e-06,-66.11252586885765,9.382640831065457,0.200253,21,1.1060,56,30,1.867,0.0000,0.0093,0.571,3374,3
2024-11-04T11:40:17.470670,3.7611587816183716e-14,17.685464934582285,-0.4169024247616624,0.470670,32,1.7030,82,55,1.491,0.0000,0.0076,0.375,5198,3
2024-11-06T00:48:39.443150,4.393368177792141e-34,155.99382926322951,-7.724163718651408,0.443151,41,1.0920,43,33,1.303,0.0244,0.0133,0.366,2930,3
2024-11-12T20:09:55.517158,4.1819299117653785e-06,170.25746507925854,-10.77191545176496,0.517158,17,0.4580,52,33,1.576,0.0000,0.0135,0.588,2973,3
2024-11-13T13:13:34.163172,3.274076024884567e-14,104.13717831450428,2.7825800184295235,0.163173,27,1.8270,67,32,2.094,0.0000,0.0108,0.407,3644,3
2024-11-13T19:46:07.605843,2.6491273244335135e-10,18.08831010297473,-5.023210087803526,0.605843,22,1.0370,71,32,2.219,0.0000,0.0141,0.455,3236,3
2024-11-14T23:59:18.545621,6.058389303453197e-35,108.94181413485073,-4.554797085699524,0.545622,45,1.7710,53,34,1.559,0.0000,0.0162,0.467,2724,3
2024-11-15T16:19:38.452681,7.23973905028351e-17,-108.99062176713645,12.716430953466745,0.452681,33,1.6030,47,35,1.343,0.0303,0.0125,0.455,3090,3
2024-11-17T09:22:54.179502,2.5683221285926286e-09,124.37525870579327,7.931760938778053,0.179503,26,1.0950,48,35,1.386,0.0000,0.0118,0.500,3985,3
2024-11-17T09:30:48.716910,2.3654231965175803e-11,148.15229952783872,-6.239651152757377,0.716911,23,1.3250,73,35,2.086,0.0000,0.0108,0.435,3810,3
2024-11-17T15:31:26.164954,1.4880767921017155e-11,-44.530128279856854,29.123549372408537,0.164954,19,1.3850,58,35,1.657,0.0000,0.0156,0.526,3051,3
2024-11-19T18:49:55.830446,1.8720436165952638e-15,150.26859603696718,-5.201291274893894,0.830447,20,0.4040,67,29,2.328,0.0000,0.0131,0.450,3448,3
2024-11-20T04:34:48.500802,9.1030178497556e-17,9.379659385824512,-0.6198766004140523,0.500803,36,1.7570,57,53,1.085,0.0000,0.0090,0.389,5222,3
2024-11-20T08:37:37.170430,4.144723789956085e-31,128.0454611217768,0.2901421676136245,0.170430,43,1.1560,55,35,1.571,0.0000,0.0109,0.512,3663,3
2024-11-21T08:54:22.097200,4.438245936212793e-06,119.50067802412659,-1.3840401134352633,0.097201,22,1.3400,59,32,1.844,0.0000,0.0097,0.500,3954,3
2024-11-24T06:30:12.103531,5.9615768044928215e-06,142.61296317464982,-5.888696122637511,0.103531,23,1.5080,52,35,1.486,0.0000,0.0122,0.435,3719,3
2024-11-24T12:57:38.126828,5.472231088372233e-09,41.25045605492756,-4.502748172100099,0.126828,23,0.5790,66,33,2.000,0.0000,0.0111,0.435,3068,3
2024-11-25T18:52:18.965719,1.7731655837638255e-13,120.80227060569703,3.010248681062149,0.965720,24,1.2520,59,30,1.983,0.0000,0.0112,0.458,3218,3
2024-11-28T10:26:45.582857,7.770091304477308e-08,-18.918843988489243,26.07003286842079,0.582857,37,2.0130,131,34,3.853,0.0000,0.0158,0.405,3005,3
2024-11-30T13:02:25.005721,2.0313337202082768e-06,20.66959641956214,-16.64288222038885,0.005721,29,1.3290,45,30,1.500,0.0000,0.0068,0.379,6834,3
2024-11-30T15:10:47.485502,2.3784953261271416e-10,110.54569485505556,-13.224811848556724,0.485503,25,1.5890,41,30,1.367,0.0000,0.0114,0.520,3188,3
2024-12-02T05:27:50.195026,2.0228222852145946e-10,119.25225583091319,-15.40641997935087,0.195026,25,1.6920,53,34,1.559,0.0000,0.0118,0.400,3302,3
2024-12-02T05:28:26.244569,2.0476293414713725e-20,121.20156376361156,-16.338536133271944,0.244570,31,1.6930,91,34,2.676,0.0323,0.0095,0.355,3352,3
2024-12-02T05:31:34.410831,2.5066517726768394e-25,131.7119085461796,-20.82683080599841,0.410831,37,1.7100,73,33,2.212,0.0000,0.0098,0.432,3736,3
2024-12-02T12:24:26.098105,1.575749769954766e-11,125.33288484067245,-18.946639142313433,0.098106,22,1.2270,88,30,2.933,0.0000,0.0117,0.591,3754,2
2024-12-02T12:26:01.574245,3.799233637879997e-11,130.61013219350332,-16.600818688528808,0.574246,28,0.9180,68,30,2.283,0.0000,0.0114,0.500,3687,3
2024-12-03T02:15:55.871190,8.789461739740618e-17,116.18780726490483,8.257675493936008,0.871191,38,1.7350,57,37,1.541,0.0000,0.0110,0.395,3468,3
2024-12-04T13:01:40.851734,6.522800394093828e-18,121.42601563094458,-9.706076188570853,0.851735,27,1.5260,101,29,3.483,0.0000,0.0120,0.444,3132,3
2024-12-04T19:44:46.501599,3.113461808335169e-22,68.03804083794596,16.25641135184373,0.501599,36,1.5710,60,39,1.551,0.0000,0.0069,0.361,4402,3
2024-12-05T04:22:12.500481,5.580165283013786e-06,62.074691987795,12.008402970524418,0.500482,15,0.8280,68,33,2.061,0.0000,0.0145,0.467,2871,3
2024-12-08T14:19:05.648746,4.0217242813919913e-17,121.10815493491954,15.869501375575513,0.648746,26,1.5800,69,30,2.300,0.0000,0.0113,0.385,3620,3
2024-12-11T08:17:48.503562,2.082980646656025e-07,124.16025196346074,-18.371522528166064,0.503563,22,1.0510,110,30,3.683,0.0000,0.0125,0.409,3121,3
2024-12-11T08:19:39.247817,6.474813483301199e-08,130.2228859004425,-15.590600982539055,0.247818,26,1.6700,97,30,3.250,0.0000,0.0137,0.385,3150,3
2024-12-11T10:44:54.440241,5.2422494693402195e-27,-87.86207039006747,16.05118055346314,0.440241,39,1.6450,50,31,1.613,0.0000,0.0152,0.333,2995,3
2024-12-12T06:58:13.229048,1.5656341323805316e-22,143.58651690731386,-15.646340941787994,0.229049,25,0.9670,112,29,3.862,0.0000,0.0113,0.440,3044,3
2024-12-12T06:58:30.732937,3.1913001941536554e-16,144.52838937811515,-15.188999074248587,0.732938,26,1.0660,61,30,2.033,0.0000,0.0116,0.423,3064,3
2024-12-16T20:19:48.240725,6.112224182439036e-14,127.31613526702436,-3.9562379091059885,0.240726,27,1.1020,80,31,2.581,0.0000,0.0121,0.444,3592,3
2024-12-17T04:58:48.746109,9.502743242861742e-39,125.17284029597485,-20.680067663105305,0.746109,49,1.8240,62,33,1.879,0.0000,0.0123,0.408,2842,3
2024-12-18T13:32:03.601484,6.67710799968322e-09,29.301436062920825,-0.17716883530276958,0.601484,27,1.6880,95,47,2.021,0.0000,0.0083,0.519,4470,3
2024-12-19T17:53:26.129170,1.8146545026285243e-11,145.70186275786025,-5.541707514944738,0.129170,27,1.4550,55,33,1.667,0.0000,0.0119,0.481,3444,3
2024-12-20T16:28:43.548002,4.638740642162727e-07,149.39351542125098,0.3377496769752196,0.548002,24,1.3600,54,35,1.557,0.0000,0.0113,0.458,3839,3
2024-12-21T18:31:04.851516,2.4693673206495943e-20,143.38227645704762,-16.395810175368563,0.851516,31,1.3760,43,32,1.344,0.0000,0.0118,0.387,3334,3
2024-12-22T18:44:59.836450,1.8073972956027446e-10,126.76076842762926,-13.765234127584579,0.836450,22,1.3100,119,30,3.967,0.0000,0.0127,0.409,3334,3
2024-12-24T17:37:50.392643,3.3517154790377755e-20,125.05058451259977,-11.694064742353513,0.392643,31,1.8050,48,33,1.455,0.0000,0.0115,0.419,2829,3
2024-12-25T08:44:38.490343,1.517928552604055e-14,23.9604018953887,-14.658708010072955,0.490343,39,1.7350,57,36,1.583,0.0000,0.0065,0.410,5684,3
2024-12-27T16:48:16.961239,5.338150141248523e-16,118.72141200061849,-13.098549413244392,0.961239,32,1.7460,51,31,1.661,0.0312,0.0122,0.469,2900,3
2024-12-29T14:03:34.359903,2.2455629604515594e-07,140.46971609417128,-10.274009456824885,0.359904,23,1.0320,72,33,2.182,0.0000,0.0104,0.435,3166,3
2025-01-01T11:37:15.631989,4.1817521491930547e-57,160.17431862305,-12.389934324752755,0.631990,60,1.4440,43,34,1.265,0.0000,0.0102,0.417,3298,3
2025-01-01T21:47:25.375476,1.1494129822121495e-08,114.87130649227092,-21.994227072581154,0.375477,11,0.1240,77,30,2.567,0.0000,0.0143,0.364,2944,3
2025-01-02T12:16:07.700100,3.7604409277376814e-07,-124.61214918684163,-26.67591525498373,0.700100,18,0.7010,68,31,2.210,0.0000,0.0096,0.500,3736,3
2025-01-02T20:28:41.378387,3.8167450781802247e-26,138.04828042753707,-18.16665189683472,0.378388,32,1.8290,82,29,2.828,0.0000,0.0116,0.438,3048,3
2025-01-03T06:21:00.106344,8.852891146966692e-08,21.10524713990279,-1.0841984930550095,0.106345,19,0.9350,45,48,0.938,0.0000,0.0084,0.368,4412,3
2025-01-03T12:03:06.411491,5.2184546462541346e-06,122.13636367186078,-3.519561528274895,0.411492,20,1.2550,90,30,3.000,0.0000,0.0095,0.400,3328,3
2025-01-04T06:36:51.171783,1.3740165674462063e-51,11.02730981474509,-0.3888103472101459,0.171783,160,3.6720,103,54,1.917,0.0000,0.0080,0.431,4799,3
2025-01-04T14:07:08.441255,2.3578494952611518e-07,123.07269267157285,-21.905783088514884,0.441255,18,0.3640,59,33,1.788,0.0000,0.0133,0.389,2976,3
2025-01-04T18:48:36.785479,3.584451313602203e-09,17.71477693395499,-6.946890409334754,0.785479,22,1.6920,72,30,2.417,0.0000,0.0180,0.364,2748,3
2025-01-06T08:48:21.203458,1.2159009274523552e-18,-25.472080164038147,6.019364165790803,0.203458,39,1.8690,51,44,1.159,0.0000,0.0078,0.410,3921,3
2025-01-06T19:52:09.235590,2.9147629809297303e-08,113.40016443353251,-20.048700543849748,0.235590,17,0.3630,39,30,1.300,0.0588,0.0133,0.529,2926,3
2025-01-08T18:57:53.142259,3.605985772882755e-08,153.00872374008932,-0.32334905753659055,0.142259,21,1.3040,47,28,1.679,0.0000,0.0109,0.381,2946,3
2025-01-10T07:28:48.531179,9.179159504546704e-09,160.1213461823253,-13.416471135527757,0.531179,23,1.0880,45,35,1.286,0.0000,0.0127,0.435,3144,3
2025-01-10T09:01:41.433459,7.443483610350418e-07,122.55311855353472,-6.320510749452126,0.433460,24,1.5030,45,35,1.286,0.0000,0.0119,0.500,2730,3
2025-01-10T09:04:04.337496,4.7319798737334674e-07,129.84501794753885,-10.46818866221458,0.337496,20,1.4360,43,34,1.279,0.0000,0.0117,0.400,2771,3
2025-01-10T10:45:38.777983,1.2441162387786966e-18,119.63933513745467,-17.75119468991625,0.777984,25,1.4810,49,33,1.485,0.0000,0.0130,0.440,2737,3
2025-01-10T19:31:42.552096,9.929650200314095e-13,139.4621686146361,5.018146624601433,0.552096,25,1.4970,46,29,1.586,0.0000,0.0120,0.440,2741,3
2025-01-10T21:07:35.655097,4.466386339102276e-06,111.27755384908518,2.9673926454660386,0.655097,17,0.9490,39,30,1.300,0.0000,0.0132,0.471,2958,3
2025-01-11T06:04:09.012042,5.684940613231425e-22,164.14838689230965,-8.240771627936299,0.012043,38,1.8870,41,38,1.092,0.0000,0.0104,0.447,3220,3
2025-01-11T16:15:43.013485,1.6871166824300942e-19,122.82860487149732,-23.196315991724077,0.013485,40,1.8560,53,30,1.767,0.0000,0.0120,0.400,3079,3
2025-01-12T07:57:54.738783,1.1103165811995306e-12,132.2317340350612,-10.508920111403475,0.738784,20,0.9480,47,33,1.439,0.0000,0.0121,0.400,2978,3
2025-01-13T14:43:51.577888,1.2604240596365086e-17,29.65053408881573,-14.51740646856952,0.577888,28,0.8950,48,31,1.548,0.0000,0.0110,0.500,3096,3
2025-01-13T14:48:02.471819,3.9987010161092305e-41,43.53376076418597,-20.679262819768038,0.471820,43,1.5370,64,33,1.939,0.0000,0.0124,0.349,2750,3
2025-01-13T23:24:58.679482,3.540802021724636e-06,35.200233582058466,-7.594073790070491,0.679483,23,1.2180,54,40,1.350,0.0000,0.0094,0.391,4490,3
2025-01-18T19:42:41.591383,1.0022115110810667e-08,27.134485976080253,-20.516437413636677,0.591384,30,1.3580,37,34,1.088,0.0000,0.0051,0.467,6510,3
2025-01-22T02:19:01.216333,2.7419687006285304e-12,120.66978966447195,3.177966344602301,0.216334,24,1.5760,54,34,1.603,0.0000,0.0113,0.417,2884,3
2025-01-22T11:09:43.052576,4.922134451149526e-12,155.6808456372163,-8.388858044629155,0.052576,21,1.3130,44,29,1.517,0.0000,0.0165,0.619,2486,3
2025-01-24T02:58:19.893734,4.130038048480206e-17,124.4177550216288,-12.099594781243203,0.893734,27,1.3850,32,34,0.941,0.0000,0.0129,0.481,2632,3
2025-01-25T01:36:47.911985,7.77703659776941e-38,138.4595934263668,-12.360005244602402,0.911985,38,0.4370,65,33,1.970,0.0000,0.0111,0.474,2875,3
2025-01-26T10:30:37.285961,7.093431004566171e-08,125.01769800799438,-14.125665028780329,0.285961,23,1.0510,60,31,1.935,0.0000,0.0166,0.435,2322,3
2025-01-28T09:23:03.430169,7.449951110605457e-24,123.61943230789797,-15.974134463307626,0.430170,35,1.6150,46,33,1.394,0.0000,0.0117,0.400,2358,3
2025-01-28T09:23:32.324878,6.251997856171874e-28,125.18069016034143,-15.220687906150212,0.324878,44,1.5890,47,32,1.469,0.0000,0.0157,0.409,2357,3
2025-02-01T12:00:00.908481,1.872203083810176e-12,50.11828515228786,-17.823958940658315,0.908482,25,1.3470,43,45,0.956,0.0000,0.0100,0.400,3498,3
2025-02-03T03:59:19.584888,4.790283887131582e-39,53.761670510723846,-19.848511368171334,0.584888,41,0.9760,91,29,3.138,0.0000,0.0106,0.439,2822,3
2025-02-04T12:49:00.794185,4.6516762968352494e-21,26.979416922240738,-12.78189602338044,0.794186,44,1.6000,57,50,1.140,0.0000,0.0083,0.432,4472,3
2025-02-05T03:16:08.274342,2.189964677000481e-47,144.30319689739704,-21.687467361597,0.274342,45,1.5560,50,33,1.515,0.0000,0.0144,0.422,2681,3
2025-02-06T08:20:01.430209,6.0781228265192354e-15,50.3062389346404,-24.467236166154876,0.430210,24,0.6980,41,36,1.139,0.0000,0.0102,0.458,3238,3
2025-02-10T11:10:24.807069,1.5629712743646575e-15,21.941219566624984,-5.799046101792066,0.807069,34,1.5830,60,48,1.250,0.0000,0.0085,0.382,4306,3
2025-02-11T03:16:57.347095,7.505392345580244e-11,123.45290698440301,-12.022399008272313,0.347096,17,1.2200,58,30,1.933,0.0000,0.0113,0.529,2443,3
2025-02-11T18:55:43.434437,1.2153902044445784e-19,121.31974962718749,-17.659787400569744,0.434438,29,1.1200,40,30,1.333,0.0000,0.0110,0.414,2989,3
2025-02-12T19:12:45.430164,4.125621528500071e-07,116.34423956834713,-20.26508734977053,0.430164,18,1.2390,57,32,1.797,0.0000,0.0110,0.389,2942,3
2025-02-12T19:13:26.422242,5.462649475314537e-13,118.69762655422339,-21.16969964826929,0.422243,20,1.6760,59,32,1.844,0.0000,0.0128,0.400,2970,3
2025-02-13T14:29:51.284458,1.999098821131803e-11,156.62577046269286,-9.205777971764164,0.284459,22,1.3890,40,34,1.176,0.0000,0.0106,0.409,3259,3
2025-02-13T17:48:47.442791,8.327249043529319e-06,122.72835486928929,-17.201490056946156,0.442792,21,1.4900,55,31,1.774,0.0000,0.0166,0.429,2916,3
2025-02-14T00:05:13.158874,2.226128694229855e-18,-12.061979338646381,2.7958137822526603,0.158875,22,0.7660,62,28,2.214,0.0000,0.0119,0.409,2738,3
2025-02-14T14:46:06.130430,2.4583402582449584e-21,148.74746460914645,-11.02173167742436,0.130431,23,0.9600,51,34,1.500,0.0000,0.0101,0.478,3332,3
2025-02-15T13:22:37.869273,1.1877546810336157e-25,157.27668936634004,-8.198367435265974,0.869274,38,1.7690,61,35,1.757,0.0000,0.0118,0.395,3504,3
2025-02-15T23:10:54.883958,9.818749377333447e-07,28.583732664859898,-18.273189116887142,0.883959,21,1.4740,58,29,2.000,0.0000,0.0094,0.429,3564,3
2025-02-19T14:27:06.988826,2.0072758309014194e-18,124.6539224277581,-14.63737861960032,0.988827,31,1.9060,82,31,2.645,0.0000,0.0140,0.387,2849,3
2025-02-20T11:22:57.690838,2.1745257201335977e-21,146.59215936958486,-5.638264202886361,0.690839,30,1.4270,59,33,1.788,0.0000,0.0094,0.400,3368,3
2025-02-20T14:43:23.117184,2.418494690102599e-07,117.14639805054722,-16.398131345849844,0.117185,25,1.2160,54,33,1.636,0.0000,0.0116,0.400,2675,3
2025-02-21T19:51:21.803211,1.4789018334801778e-41,37.788531174397825,-19.077113521388046,0.803211,42,1.1470,59,30,1.967,0.0238,0.0125,0.429,2876,3
2025-02-23T19:16:12.255288,7.392872913218331e-36,155.53759541596975,-9.916873035336824,0.255289,36,0.6170,71,31,2.290,0.0000,0.0173,0.361,2370,3
2025-02-25T11:00:44.786969,5.385820040589302e-06,113.09680148054572,-4.144892313336756,0.786969,13,0.3620,118,29,4.069,0.0000,0.0110,0.615,2962,3
2025-02-27T21:44:24.895599,5.455549916750674e-23,55.76221205373325,-23.447702632566337,0.895600,30,1.4140,49,31,1.581,0.0000,0.0088,0.367,3074,3
2025-02-28T21:25:55.456095,6.498924587331917e-40,-75.15540238219084,-0.3024474241865186,0.456096,48,1.5620,35,29,1.207,0.0000,0.0116,0.396,3178,3
2025-03-01T15:12:05.905362,1.5744990554059412e-14,10.045142121025922,1.2894409166813512,0.905362,24,1.1380,36,30,1.200,0.0000,0.0180,0.458,1892,3
2025-03-02T15:36:03.964924,6.648944925051949e-07,26.115136266811167,-14.26844235607814,0.964925,20,1.3850,69,28,2.482,0.0000,0.0127,0.450,2569,3
2025-03-02T20:19:09.750032,4.384217848669121e-56,-72.3608579004933,-0.49199870529523104,0.750033,45,1.1740,37,31,1.194,0.0000,0.0194,0.378,2010,3
2025-03-04T07:53:04.391622,8.611747361898545e-06,102.79245270026772,-0.17267112520360148,0.391623,15,0.8040,40,35,1.143,0.0667,0.0141,0.533,2088,3
2025-03-04T12:51:06.939440,1.9133157686621507e-11,49.97208598860809,-12.533430941546786,0.939440,20,1.4520,48,31,1.565,0.0000,0.0150,0.450,1968,3
2025-03-04T14:28:23.279112,2.682363179452896e-22,26.0773964940686,-12.976681213552398,0.279113,34,1.8620,71,29,2.448,0.0000,0.0154,0.500,2208,3
2025-03-05T16:55:52.843807,1.5095243466102184e-07,118.12299498298181,-10.089775872973448,0.843807,17,0.9330,50,27,1.852,0.0000,0.0166,0.471,2074,3
2025-03-07T03:57:59.922354,1.8374855991206435e-42,177.23945420498157,-18.40444267083329,0.922355,76,2.5360,56,38,1.474,0.0000,0.0111,0.368,2517,3
2025-03-07T08:45:19.138112,1.4584988548048656e-17,91.06438107617255,-12.658645786911459,0.138113,23,0.8730,47,32,1.469,0.0000,0.0116,0.435,2067,3
2025-03-07T10:53:54.957511,7.744824793044357e-16,-178.0156133459869,-16.669200794943727,0.957511,22,0.7030,35,29,1.207,0.0000,0.0153,0.455,2094,3
2025-03-08T18:06:30.672628,2.761179830560771e-06,168.37756286512456,27.853439850375526,0.672629,117,4.8920,38,32,1.188,0.0000,0.0088,0.444,3758,3
2025-03-09T09:54:41.990233,2.686300448984827e-30,-151.47568601660245,-3.6059444037409345,0.990234,30,1.1990,43,28,1.536,0.0000,0.0152,0.400,2110,3
2025-03-10T08:27:43.536668,1.9041271130680997e-21,-153.16992852829267,-12.32400539676056,0.536669,30,1.6360,27,31,0.887,0.0000,0.0128,0.500,2078,3
2025-03-11T15:15:26.404063,1.0055255812370153e-20,111.13075040837842,-4.165302366399949,0.404064,26,1.6040,42,27,1.574,0.0000,0.0163,0.462,2026,3
2025-03-12T15:19:25.536350,1.2718952729170115e-06,64.64671266367482,-21.739528222257793,0.536350,16,0.8750,39,33,1.197,0.0000,0.0122,0.438,2508,3
2025-03-13T12:28:29.919167,1.3089485437996974e-12,129.38615205587712,-9.388058035843706,0.919168,19,0.7070,45,28,1.607,0.0000,0.0185,0.421,1944,3
2025-03-14T04:05:15.638756,1.095679235702115e-19,121.34760487841034,-17.151681575168322,0.638756,29,1.4550,29,34,0.853,0.0000,0.0142,0.448,2248,3
2025-03-14T05:31:57.161810,2.0977377725085864e-11,64.7672652724753,0.46449169483537783,0.161810,22,1.5130,32,31,1.048,0.0000,0.0146,0.364,2024,3
2025-03-16T11:32:04.829210,9.072693429407175e-07,106.91619038510865,-16.562375586152662,0.829210,18,1.6650,38,28,1.357,0.0000,0.0117,0.556,2086,3
2025-03-17T03:58:46.095198,1.9581746277644339e-07,-89.17444546878585,12.439866595233765,0.095199,21,1.4270,53,29,1.828,0.0000,0.0135,0.381,2546,3
2025-03-17T20:57:51.568764,2.7426201090665817e-06,-166.83962669005214,-13.532191085269114,0.568764,22,0.9810,37,39,0.962,0.0000,0.0132,0.727,2886,3
2025-03-18T05:39:33.766014,6.684990611138726e-21,-158.8997705131071,-7.360637669706687,0.766015,26,1.6790,50,29,1.741,0.0000,0.0137,0.423,2038,3
2025-03-18T10:28:34.221890,7.591014240033017e-18,120.77886385550417,-10.79828854744907,0.221890,28,1.8590,43,29,1.483,0.0000,0.0160,0.500,1942,3
2025-03-20T11:51:42.740662,7.488593380983062e-25,-79.11609748266457,2.2960775894488656,0.740662,26,0.7770,62,27,2.315,0.0000,0.0161,0.423,2303,3
2025-03-20T15:46:18.108613,2.4604052849160692e-20,14.384774022584601,-15.91925901997061,0.108614,41,1.4470,36,31,1.161,0.0000,0.0047,0.366,6691,3
2025-03-23T06:46:42.817714,3.4509844300066273e-54,121.66964668853889,-19.428997636188164,0.817714,49,0.6870,33,31,1.065,0.0000,0.0176,0.367,2187,3
2025-03-23T11:38:43.815470,1.9950996000717422e-32,50.923197769044585,-17.945245280400258,0.815470,44,1.4590,42,40,1.062,0.0000,0.0117,0.545,3034,3
2025-03-25T09:53:11.549221,6.770354090787654e-11,-82.40107943186251,0.6684886207201837,0.549221,18,1.1090,51,27,1.889,0.0000,0.0149,0.333,2184,3
2025-03-25T15:33:09.569521,3.3514568655197496e-36,12.313581944495713,0.12796811320246532,0.569522,51,1.3020,99,46,2.152,0.0000,0.0093,0.412,4088,3
2025-03-28T01:39:54.906120,4.8830852545214695e-39,-173.17751478158578,-8.691722267449897,0.906120,37,1.0600,43,31,1.387,0.0000,0.0144,0.459,2052,3
2025-03-28T13:02:57.569651,5.108492275720274e-06,26.042715251231773,-1.383800840973216,0.569651,21,0.9990,48,44,1.091,0.0000,0.0065,0.476,3626,3
2025-03-29T02:54:53.907992,3.108000466255762e-13,18.709471458298644,-11.97794617599292,0.907992,24,1.4520,38,25,1.540,0.0000,0.0081,0.458,2834,3
2025-03-30T11:53:33.380957,1.593308869307349e-26,22.25132092837846,-5.200420423009859,0.380957,34,1.5400,53,45,1.178,0.0294,0.0076,0.412,3738,3
2025-03-30T23:08:31.588524,1.386348524436446e-32,-163.0537438542447,-12.060230605399822,0.588524,31,1.1130,73,29,2.517,0.0000,0.0161,0.355,2178,3
2025-03-31T01:15:27.755353,7.307724274955802e-18,-87.78559733981288,29.040559596665727,0.755353,23,1.0620,47,32,1.469,0.0000,0.0104,0.348,2898,3
2025-03-31T12:09:17.077212,4.235240746554946e-90,13.82531295097985,-3.623775712250188,0.077212,87,1.8990,95,46,2.065,0.0000,0.0073,0.379,3922,3
2025-04-03T19:16:03.844503,1.8668835910441207e-34,-135.79074568196467,-13.452557244969144,0.844504,41,1.7700,68,34,2.000,0.0000,0.0104,0.439,3319,3
2025-04-04T15:44:03.407831,3.292885237859628e-34,142.78688004705708,-13.902011654570224,0.407831,45,1.4900,79,32,2.469,0.0000,0.0094,0.378,4146,3
2025-04-04T19:27:08.824075,2.5316944756858203e-19,-159.09378784876043,-19.17323604473105,0.824076,29,1.4610,51,35,1.457,0.0000,0.0132,0.414,2958,3
2025-04-07T03:24:47.136902,2.1985390658687e-15,-76.37819553483948,-0.28469117207589006,0.136902,27,1.4840,57,30,1.900,0.0000,0.0100,0.370,3692,3
2025-04-07T17:28:51.208339,1.9857040424844385e-16,-40.70677543956458,27.850630989518038,0.208340,50,2.0600,16,33,0.485,0.0000,0.0092,0.920,3574,3
2025-04-09T04:47:07.129913,6.028010488865631e-27,81.95183518234523,7.899990075302654,0.129914,34,1.1720,58,39,1.500,0.0000,0.0110,0.441,3739,3
2025-04-09T16:50:33.477602,1.1687277483791394e-06,64.51139741971335,-0.836872171850818,0.477602,28,1.4500,43,29,1.500,0.0000,0.0094,0.393,3558,3
2025-04-10T22:46:09.796355,6.417511398809433e-11,150.99548146851424,3.32012658857789,0.796355,48,2.0980,16,33,0.485,0.0000,0.0129,0.917,2706,3
2025-04-16T11:18:03.007476,8.290967059846508e-13,-79.77031776684426,1.913424484956139,0.007477,29,1.1990,92,32,2.875,0.0000,0.0103,0.379,4074,3
2025-04-16T11:18:22.520184,6.668024503460722e-16,-78.79440319636188,2.501184535538231,0.520184,32,1.1870,97,32,3.031,0.0000,0.0101,0.469,4056,3
2025-04-18T10:09:52.971960,7.062450221911432e-26,-79.07626117595446,0.7386940186210561,0.971960,40,1.4750,48,29,1.672,0.0250,0.0083,0.400,4621,3
2025-04-18T15:47:26.194752,2.8003120553803075e-07,8.877127371859167,2.5714681979626697,0.194753,21,0.5480,101,30,3.367,0.0000,0.0116,0.333,3452,3
2025-04-18T15:47:59.740859,8.215579837103849e-20,10.551043405534232,1.5627075384849656,0.740859,26,0.9900,103,30,3.433,0.0000,0.0088,0.346,3480,3
2025-04-20T18:41:20.760643,6.219143499991603e-26,126.50871753932472,-4.46689017125891,0.760644,45,1.6680,72,30,2.400,0.0000,0.0142,0.400,3232,3
2025-04-21T15:09:41.029659,5.24642513057231e-07,48.12757651173449,-22.130742233287066,0.029660,28,1.5600,95,31,3.081,0.0000,0.0101,0.429,3775,3
2025-04-22T13:35:05.985834,6.79831614293183e-18,22.51106464455889,-2.4607136101215086,0.985835,28,1.5080,69,31,2.242,0.0000,0.0102,0.464,3237,3
2025-04-23T07:22:19.250279,5.519311377207296e-09,111.75825506877682,-3.2673887480850223,0.250279,22,0.8320,75,35,2.143,0.0000,0.0113,0.455,3178,3
2025-04-25T04:41:05.293377,4.723473874956028e-07,149.31396822245406,-9.194462152119984,0.293377,22,1.3910,57,35,1.643,0.0000,0.0088,0.409,3696,3
2025-04-26T04:43:40.311987,1.1581079768794013e-41,101.57214634229939,12.237210777709802,0.311987,49,1.4720,61,36,1.694,0.0000,0.0098,0.367,3362,3
2025-04-26T20:14:55.947687,3.067225968170562e-06,76.59729488368284,5.339057403090351,0.947687,15,0.6200,150,34,4.412,0.0000,0.0074,0.533,4306,3
2025-04-27T04:56:57.455837,3.522155535567525e-14,86.12000411089454,14.512208008716435,0.455837,25,1.5660,50,35,1.429,0.0000,0.0106,0.520,3195,3
2025-04-27T17:18:03.181748,1.9023859877001445e-14,122.37602785560473,9.565299340079346,0.181748,18,0.3950,93,30,3.117,0.0000,0.0075,0.389,3890,3
2025-04-27T18:54:07.611272,7.962918053064904e-14,94.86635358192336,7.992679390003103,0.611272,31,1.5380,75,32,2.344,0.0000,0.0098,0.387,4028,3
2025-04-27T18:56:27.505897,4.4449477327409087e-13,102.08081528134875,11.990083918088192,0.505898,30,1.4740,66,32,2.062,0.0000,0.0073,0.533,3994,3
2025-04-28T01:55:52.406318,1.600725310622711e-07,118.70817988423137,17.300765028693526,0.406319,25,1.4180,50,43,1.163,0.0000,0.0089,0.520,3772,3
2025-04-28T23:13:42.925985,4.275473917588784e-20,-150.09167771893667,-12.352859401062583,0.925985,35,1.5420,46,37,1.243,0.0286,0.0089,0.514,3696,3
2025-04-30T13:04:02.852010,1.4514970546279967e-26,142.27899230371094,-3.003495318140712,0.852011,38,1.3780,47,29,1.638,0.0000,0.0113,0.553,3504,3
2025-05-02T22:36:13.625189,6.199598954747716e-07,-166.63727496790284,-13.821609886368279,0.625189,25,1.5490,37,40,0.925,0.0400,0.0122,0.400,3454,3
2025-05-02T23:57:05.879721,2.893454110498203e-35,119.24864960072829,14.329461332410155,0.879722,46,1.9430,58,37,1.568,0.0000,0.0110,0.500,3605,3
2025-05-03T04:12:50.475308,3.670496880689873e-35,-82.1457385071206,9.019450759846618,0.475308,48,1.8120,108,30,3.617,0.0208,0.0097,0.354,3952,3
2025-05-03T21:08:48.329762,4.350994044430148e-20,-168.6744461077584,-5.068806351459406,0.329763,29,0.8210,71,37,1.919,0.0000,0.0099,0.448,3448,3
2025-05-04T02:50:57.385188,3.9833105094594604e-13,-67.02263237594256,9.812033790384257,0.385189,31,1.5480,62,33,1.879,0.0000,0.0104,0.387,3236,3
2025-05-04T09:06:51.904534,7.802495439386871e-32,157.72743054513333,-11.437221036855401,0.904534,35,0.9830,75,34,2.206,0.0000,0.0119,0.400,2806,3
2025-05-05T02:10:34.049510,2.3631889055471697e-06,94.68679509706895,1.794533893640919,0.049510,64,2.7300,34,30,1.150,0.0000,0.0096,0.516,3744,3
2025-05-05T17:57:01.930004,4.78532311236568e-20,126.23170904949627,29.126376212083354,0.930004,38,1.6170,85,33,2.576,0.0000,0.0100,0.395,4155,3
2025-05-05T19:08:00.890260,1.8228931632532285e-16,12.527905751449161,-3.2583729647337503,0.890261,34,1.7640,68,40,1.712,0.0294,0.0064,0.412,5242,3
2025-05-06T02:32:21.282920,3.7100164154019663e-20,105.34701256446844,-10.93441257291376,0.282920,36,1.7110,47,34,1.382,0.0000,0.0129,0.389,2994,3
2025-05-07T01:07:25.660297,1.7688134225518568e-40,111.13245399938441,-6.447254310714242,0.660297,42,1.8990,65,35,1.871,0.0000,0.0135,0.357,2928,3
2025-05-07T07:36:56.751895,1.5907865957166125e-11,17.13578225755313,-9.283912434735527,0.751896,41,1.7080,16,33,0.485,0.0000,0.0095,0.829,3250,3
2025-05-08T02:52:57.246147,1.666331914759922e-23,57.11813891292929,4.491112153307561,0.246148,32,0.7230,37,33,1.121,0.0000,0.0121,0.406,3176,3
2025-05-08T18:16:20.045323,5.5260507323420844e-15,8.478524871245938,-0.6804180195864626,0.045324,32,1.4880,86,47,1.840,0.0000,0.0075,0.406,5318,3
2025-05-08T18:17:16.200277,1.3504543283213042e-07,11.277828174487352,1.0120666984586466,0.200277,21,0.9030,127,46,2.761,0.0000,0.0072,0.381,5238,3
2025-05-09T04:52:00.794196,1.0460953041877282e-36,43.854610990885654,-8.885189504924359,0.794196,37,1.7860,69,34,2.029,0.0000,0.0150,0.405,2824,3
2025-05-09T15:16:09.946711,6.313228130543357e-07,44.423798134941954,-2.192479931896587,0.946712,23,0.8600,49,35,1.400,0.0000,0.0074,0.391,4797,3
2025-05-10T21:20:06.115175,1.441052285470562e-16,157.19519637676055,-15.094436993917437,0.115175,26,1.1040,57,37,1.541,0.0000,0.0087,0.385,3374,3
2025-05-11T20:05:19.806183,5.765384963637864e-15,-162.894172875941,-25.06935851767723,0.806183,58,2.3180,16,40,0.412,0.0000,0.0106,0.862,3500,3
2025-05-11T21:24:53.027547,4.814451801130687e-10,116.05926708132435,2.046924722577613,0.027547,24,1.6080,47,33,1.424,0.0000,0.0080,0.417,3458,3
2025-05-13T21:47:10.255475,2.1692636629228698e-09,72.74814562248152,14.065641207905973,0.255476,27,1.6420,47,30,1.567,0.0000,0.0123,0.444,3612,3
2025-05-14T09:07:57.570075,3.878810745410122e-09,-94.17756872255536,10.789379864529888,0.570075,28,0.8730,46,31,1.500,0.0000,0.0112,0.429,3766,3
2025-05-15T02:09:54.549663,4.598429930170702e-21,-162.5387320749209,-4.26682458469827,0.549663,32,1.7280,47,32,1.469,0.0312,0.0111,0.375,3152,3
2025-05-15T02:09:55.073017,8.831037057832557e-32,-162.51245618995787,-4.251173571822853,0.073017,39,1.5450,53,32,1.656,0.0000,0.0115,0.410,3127,3
2025-05-15T07:46:21.394497,7.18521208671204e-06,-78.0819266924488,9.473733233888911,0.394498,15,0.3910,64,29,2.207,0.0000,0.0106,0.467,3460,3
2025-05-15T13:40:16.831281,7.292614339741885e-06,59.74450451977995,15.86942425017246,0.831282,27,1.2520,54,39,1.385,0.0000,0.0100,0.444,4270,3
2025-05-16T23:34:01.739179,3.1521677338253116e-13,-108.25508136204955,11.498855720490432,0.739180,20,1.0190,101,30,3.383,0.0000,0.0101,0.400,3948,3
2025-05-17T20:32:33.277772,5.3684646687132645e-09,-76.36689700877605,7.837491323045571,0.277772,28,1.3440,56,33,1.697,0.0000,0.0104,0.500,3404,3
2025-05-18T07:48:33.098540,1.8061937813104504e-48,101.96407845441344,2.8095145566151447,0.098540,54,1.4250,53,33,1.621,0.0000,0.0128,0.352,3327,3
2025-05-18T13:23:54.985632,6.1910310754201865e-09,-176.6575573171381,4.448886142354462,0.985632,38,1.7130,17,34,0.500,0.0000,0.0087,0.947,4080,2
2025-05-18T22:08:43.469417,1.0574690740564307e-22,-159.71463171061748,-18.62745665683421,0.469418,27,1.3630,72,34,2.118,0.0000,0.0109,0.370,3074,3
2025-05-19T07:08:26.001617,1.9170783057513465e-19,-95.33760847075172,8.30618693122929,0.001617,29,1.2920,55,28,1.964,0.0000,0.0083,0.379,4574,3
2025-05-19T13:47:17.589828,1.2626549501206951e-24,-161.12082021167777,-11.176055145089649,0.589828,35,1.9720,74,34,2.176,0.0000,0.0084,0.343,4236,3
2025-05-19T18:24:34.729624,1.6336444897904102e-33,83.2570398681962,12.836892707740656,0.729624,43,1.6900,63,31,2.032,0.0000,0.0100,0.465,3807,3
2025-05-20T11:31:41.509952,3.1243274826946183e-12,30.48742227449886,2.8235507951625913,0.509953,32,1.3910,83,44,1.898,0.0000,0.0087,0.500,4938,3
2025-05-20T19:16:21.639652,2.027830654976262e-13,-159.62184522789724,-27.069798471395725,0.639652,43,2.0020,16,36,0.444,0.0000,0.0112,0.907,3404,3
2025-05-21T06:57:34.036871,1.0907039782755316e-17,100.3363376548553,6.767237004377983,0.036872,30,1.7750,57,35,1.629,0.0000,0.0073,0.367,3562,3
2025-05-23T18:45:41.152574,1.5365896953560571e-27,-94.38306042998998,7.026497756342865,0.152574,45,1.7170,50,32,1.562,0.0000,0.0104,0.444,3664,3
2025-05-24T14:59:44.110724,1.1855004895068878e-22,142.40461786249782,-10.397567783516832,0.110724,34,1.9220,49,32,1.531,0.0000,0.0064,0.382,4156,3
2025-05-25T13:25:53.777740,3.1488835075244285e-09,121.52383227277436,9.92629341073197,0.777740,28,1.2240,58,32,1.828,0.0000,0.0083,0.464,4468,3
2025-05-27T21:16:00.767940,1.6962820207226231e-10,-178.0373750593546,-1.8747683793758096,0.767940,21,0.7060,56,34,1.647,0.0000,0.0146,0.381,2774,3
2025-05-28T12:29:58.678315,5.869761145092838e-06,104.88264683701263,14.353415247545914,0.678316,19,1.1020,52,35,1.486,0.0000,0.0090,0.368,3792,3
2025-05-30T20:53:17.284750,2.448530975144807e-08,-78.43195972817375,27.273399238555974,0.284751,43,1.9370,15,33,0.455,0.0000,0.0109,0.860,3592,3
2025-05-31T19:31:22.429654,8.306400510424494e-06,-62.7893903969299,26.915885216377514,0.429655,18,0.7860,93,33,2.833,0.0000,0.0100,0.333,3342,3
2025-06-07T08:36:46.482742,9.154207143020917e-07,121.91058455642356,-1.7444581005873723,0.482742,21,0.8700,52,32,1.625,0.0000,0.0077,0.476,3949,3
2025-06-08T10:43:55.344500,2.8632790655597466e-98,137.43849594967818,-25.386780274695454,0.344500,1873,30.3730,21,31,0.677,0.0016,0.0087,0.384,4592,3
2025-06-08T14:26:43.385598,1.624432293407466e-30,-167.65737046867307,-5.461354308142954,0.385598,44,1.5620,96,29,3.328,0.0000,0.0097,0.364,3674,3
2025-06-09T09:59:35.458582,1.5278508334804617e-38,-76.51053988474843,11.003539050681463,0.458583,45,1.2030,103,32,3.219,0.0000,0.0112,0.356,3570,3
2025-06-09T16:17:22.186996,4.6551543778040467e-10,154.05595385760222,-6.960378048793793,0.186997,20,0.6170,52,31,1.677,0.0000,0.0106,0.350,3252,3
2025-06-10T14:06:48.003821,1.3588220515678231e-43,1.2856030173972504,6.303902085757634,0.003822,41,1.5030,132,30,4.400,0.0000,0.0122,0.415,3355,3
2025-06-12T09:06:53.387861,5.951267317574969e-20,-82.54066103538082,12.198352520473541,0.387862,31,1.2110,66,31,2.129,0.0000,0.0087,0.484,3670,3
2025-06-12T14:53:16.612989,1.7707713309942682e-07,34.247800115867435,-22.48500338659374,0.612989,126,3.6610,68,44,1.545,0.0000,0.0035,0.421,10915,3
2025-06-12T14:53:16.618871,8.910461700383951e-08,34.248147053644665,-22.48512189792376,0.618872,262,7.6000,65,44,1.477,0.0000,0.0036,0.439,10886,3
2025-06-12T14:53:16.684621,9.77210173575533e-08,34.2520295357163,-22.486448124539272,0.684622,93,2.6800,61,45,1.356,0.0000,0.0033,0.495,11074,3
2025-06-12T14:53:17.439633,1.3484488817757888e-06,34.29661832659898,-22.5016629438783,0.439634,118,2.7560,48,44,1.102,0.0000,0.0030,0.449,11580,3
2025-06-13T00:18:40.163558,1.796301351402747e-10,-166.02648201230105,4.4879683897583496,0.163559,21,0.9200,69,33,2.091,0.0000,0.0106,0.429,3965,3
2025-06-13T17:31:11.336966,1.3048308993022223e-11,158.95374018376728,19.797653204520458,0.336967,21,1.1890,50,31,1.613,0.0000,0.0128,0.381,3096,3
2025-06-14T17:37:19.830247,4.706990735727653e-09,121.26964001332547,6.292209294748897,0.830248,20,1.1870,73,30,2.433,0.0000,0.0099,0.450,3488,3
2025-06-17T01:35:29.569682,2.1464683284329687e-07,-149.57477483703394,-25.080089717371877,0.569682,25,1.3540,47,36,1.306,0.0000,0.0083,0.440,4170,3
2025-06-18T11:12:11.197239,7.548333618618795e-16,-11.856776834963853,5.948099922666343,0.197240,20,0.4730,123,31,3.984,0.0000,0.0112,0.500,3158,3
2025-06-19T09:25:20.835009,8.758327990488517e-06,-85.61191018801183,28.347336359641893,0.835009,14,0.2760,116,33,3.515,0.0000,0.0098,0.571,3880,3
2025-06-20T02:14:54.276033,5.887464583772133e-12,162.87194128493155,-20.264694440890324,0.276034,46,1.8310,16,33,0.485,0.0000,0.0106,0.935,3768,3
2025-06-21T09:13:47.037147,6.312398126761243e-09,116.06168400850412,-27.80941524079107,0.037148,87,3.4110,25,31,0.806,0.0000,0.0079,0.425,4412,3
2025-06-21T09:13:47.041063,5.35643280609973e-79,116.06193773276269,-27.809377155236696,0.041064,973,22.3870,21,32,0.656,0.0031,0.0082,0.346,4104,3
2025-06-21T19:29:59.566152,5.6464167143954856e-08,80.8045155032618,23.336312849859063,0.566153,24,1.2140,83,37,2.243,0.0000,0.0077,0.375,4568,3
2025-06-22T16:48:25.802563,4.7154310853665855e-06,-171.7045516227863,24.713679519808505,0.802564,24,1.3820,39,31,1.274,0.0000,0.0067,0.458,4604,3
2025-06-24T15:37:25.306405,2.1333814309412498e-11,179.668495047051,27.294840502832315,0.306405,23,0.7140,109,32,3.406,0.0000,0.0089,0.391,4562,3
2025-06-24T18:39:20.376947,2.011604406982307e-28,83.00406365433409,26.173872151170315,0.376948,47,1.3530,85,38,2.237,0.0000,0.0073,0.404,4740,3
2025-06-27T10:02:10.124161,8.958629836551557e-10,-81.69965428839427,16.81526856863732,0.124162,23,1.2190,70,30,2.333,0.0000,0.0087,0.348,3547,3
2025-06-28T01:39:08.258424,3.282589257205136e-12,-88.33003708581782,10.54326641287167,0.258425,32,1.6110,61,32,1.906,0.0000,0.0067,0.375,4409,3
2025-06-29T15:19:30.145070,3.3712692439791596e-17,173.59843830583853,20.453680220277885,0.145071,38,1.7340,52,32,1.625,0.0000,0.0079,0.579,4488,3
2025-06-30T15:14:00.520478,3.5394463723648587e-25,86.14771786149407,24.902171580312995,0.520479,41,1.6230,147,40,3.675,0.0000,0.0080,0.415,4436,3
2025-07-01T06:01:58.912930,1.7658085129672191e-06,-76.86495188223988,25.783300437039568,0.912931,12,0.0740,130,32,4.062,0.0000,0.0098,0.500,3840,3
2025-07-01T18:34:47.461073,6.77819698142445e-11,-0.6189349979534029,14.734957842416064,0.461073,21,0.8950,61,44,1.386,0.0000,0.0083,0.333,4580,3
2025-07-02T04:05:08.152970,9.092243775519731e-19,176.032503155526,-5.370490483169,0.152971,34,1.7390,49,33,1.500,0.0000,0.0104,0.382,2897,3
2025-07-02T07:59:01.277781,6.5236837039089305e-06,-92.63379020287586,19.217896664952146,0.277782,24,0.9250,70,30,2.333,0.0000,0.0081,0.458,4054,3
2025-07-02T15:28:11.732212,3.034966981490887e-17,15.809221577864818,2.386218480697811,0.732213,36,1.3110,55,49,1.122,0.0000,0.0070,0.556,5524,3
2025-07-04T08:16:27.082866,4.13950601792241e-09,-157.6867088711807,29.02441670264034,0.082867,79,2.8230,40,33,1.212,0.0000,0.0051,0.595,5056,3
2025-07-04T08:16:27.300283,1.0553451202018756e-09,-157.67224954031244,29.02381423052083,0.300283,67,2.2530,43,33,1.303,0.0000,0.0048,0.612,5068,3
2025-07-04T08:16:27.324164,4.087261554397258e-18,-157.67066157788685,29.023748065419763,0.324165,346,9.7230,46,33,1.394,0.0000,0.0049,0.523,4950,3
2025-07-05T09:56:54.114609,3.9315294508691975e-07,124.12854445879799,23.108623045121597,0.114609,21,1.2310,54,40,1.350,0.0476,0.0099,0.381,3426,3
2025-07-07T12:10:09.867565,6.633866245778236e-11,105.34172274913732,28.738936857978384,0.867566,29,1.3310,66,35,1.886,0.0000,0.0068,0.414,4609,3
2025-07-08T06:14:50.451339,2.448508099719675e-19,-99.53885870918826,14.863935080660516,0.451339,33,1.5760,57,31,1.839,0.0000,0.0085,0.394,4219,3
2025-07-09T03:09:08.258646,2.1875421013984207e-19,-82.34297489585695,23.509916486537882,0.258646,31,1.7740,57,36,1.583,0.0323,0.0116,0.355,3140,3
2025-07-09T04:52:44.190526,2.5031935228014737e-07,-84.53888100982962,14.240294982023771,0.190526,21,0.5880,45,33,1.364,0.0000,0.0103,0.429,3191,3
2025-07-09T18:48:52.500844,2.507005366417948e-17,-78.53621215734438,6.704600924288908,0.500844,22,0.8530,67,35,1.929,0.0000,0.0105,0.364,3272,3
2025-07-10T03:35:08.376525,1.3325216501089568e-19,-55.573012840569106,5.8670375173448575,0.376526,29,0.9460,66,30,2.200,0.0000,0.0113,0.414,3588,3
2025-07-11T03:47:10.410953,2.1233862567302965e-17,-74.00870740993336,10.130041839937535,0.410954,30,1.4480,42,30,1.417,0.0000,0.0095,0.500,3428,3
2025-07-11T19:22:57.836946,2.81674799345179e-09,-84.37326446099992,15.399586561312809,0.836946,25,1.5390,43,34,1.265,0.0000,0.0099,0.400,3451,3
2025-07-12T05:05:15.681146,4.2330596834227556e-10,128.89480737152581,16.194228857971478,0.681146,21,1.8040,56,35,1.600,0.0000,0.0114,0.381,2946,3
2025-07-12T06:44:10.547430,5.158293098800324e-19,110.63474986920946,19.084181208068017,0.547431,35,1.9510,69,40,1.725,0.0000,0.0107,0.343,3359,3
2025-07-13T08:39:47.149887,3.7191159494274675e-19,89.62440856914242,24.30832127409221,0.149887,40,1.2030,61,40,1.538,0.0000,0.0076,0.425,4134,3
2025-07-13T12:12:13.321955,5.980972190593353e-07,111.49934030737752,23.053589032412585,0.321955,28,1.2120,39,39,1.000,0.0000,0.0093,0.464,4122,3
2025-07-20T18:52:01.808633,6.093919034622181e-16,-13.638968603576501,11.739542324964184,0.808633,29,1.6690,111,29,3.828,0.0000,0.0080,0.448,3504,3
2025-07-20T20:16:08.353540,2.565705070435699e-13,-83.26791157042662,27.650742981587975,0.353540,26,0.7410,115,33,3.485,0.0000,0.0085,0.462,3744,3
2025-07-22T12:13:29.192595,8.061820212933649e-13,-77.2953364707826,4.092572657741207,0.192595,25,1.5720,54,32,1.688,0.0000,0.0082,0.480,3772,3
2025-07-22T20:49:59.512102,4.731141734474012e-34,-86.61927767974298,23.179720000224144,0.512102,42,1.3240,55,34,1.632,0.0000,0.0075,0.381,3994,3
2025-07-22T20:51:18.887800,2.2136335639302905e-10,-81.94001507253249,21.57140073648079,0.887801,24,1.2470,62,36,1.736,0.0000,0.0112,0.375,2952,3
2025-07-24T16:03:49.349416,4.224556513637067e-12,-125.16464564389923,16.818438197375343,0.349417,25,1.1990,55,29,1.897,0.0000,0.0085,0.600,4152,3
2025-07-24T23:04:31.544108,1.949270340142963e-33,-104.40294709577435,10.327716783662456,0.544109,42,1.4310,62,34,1.824,0.0000,0.0115,0.333,3604,3
2025-07-25T16:40:37.075609,2.262326396430107e-06,-51.80206533949291,25.077936196968427,0.075610,28,1.8640,54,35,1.557,0.0000,0.0109,0.464,2938,3
2025-07-26T15:14:03.306676,4.801007807752327e-20,-53.3725828387789,28.112585948266194,0.306677,36,1.8790,53,34,1.574,0.0000,0.0103,0.389,3114,3
2025-07-29T14:24:51.981163,4.353479279971912e-19,-44.3953875737308,24.57816206609187,0.981164,42,1.5620,16,33,0.500,0.0000,0.0129,0.881,3030,3
2025-07-29T17:43:28.791176,7.128655214420502e-12,-77.3806123015775,18.734651232377313,0.791177,25,0.9700,108,35,3.086,0.0000,0.0131,0.480,2862,3
2025-08-01T11:38:47.047194,6.122289882060057e-33,-87.75141056932092,25.985522324823275,0.047194,48,1.9500,95,34,2.809,0.0000,0.0091,0.354,3852,3
2025-08-01T16:09:19.260403,5.482497182409802e-12,132.13389999145772,-5.587781512775406,0.260404,23,0.9230,58,29,2.000,0.0000,0.0096,0.391,3695,3
2025-08-03T08:44:37.914429,3.7395748148816144e-06,-91.6554645099934,14.321116121756612,0.914429,16,0.5940,87,30,2.900,0.0000,0.0095,0.500,4282,3
2025-08-03T16:40:24.509267,5.394594568132116e-39,117.05418106871758,-1.4899676719860295,0.509268,46,1.8200,98,29,3.397,0.0000,0.0095,0.348,3517,3
2025-08-05T09:17:35.951914,9.057674306830176e-12,-99.74999710275586,20.51028112634557,0.951914,26,1.5220,70,32,2.188,0.0000,0.0082,0.346,4248,3
2025-08-06T14:50:37.114856,1.0735933737968133e-09,-81.70736967045406,14.45778041176878,0.114856,18,0.7630,53,32,1.656,0.0000,0.0149,0.611,3190,3
2025-08-07T04:46:43.252260,4.459751098426088e-08,-75.70981931687226,6.446413245075362,0.252261,15,0.2190,117,31,3.774,0.0000,0.0075,0.333,3717,3
2025-08-08T15:25:30.420756,4.3828770575066745e-16,-84.75744885837649,3.953275285475441,0.420757,32,1.7090,52,33,1.576,0.0000,0.0083,0.469,3998,3
2025-08-09T09:57:29.044152,1.1619236617010525e-61,161.34094908651792,-9.459982997510911,0.044152,61,1.7160,69,34,2.029,0.0000,0.0100,0.361,2940,3
2025-08-10T13:40:56.173774,1.6875670707356085e-10,147.41472577376942,16.86646917471557,0.173774,22,1.0650,77,30,2.567,0.0000,0.0098,0.455,3531,3
2025-08-15T05:50:32.410964,1.3964533806161463e-10,20.85986766535767,-1.6153026983529295,0.410964,47,1.9850,16,30,0.533,0.0000,0.0103,0.957,3506,2
2025-08-17T04:11:46.384629,2.7002919284252283e-25,-84.32704572059016,27.17302436702585,0.384629,35,1.5090,74,35,2.114,0.0000,0.0092,0.371,3643,3
2025-08-18T09:38:44.812093,5.0936065799958374e-11,-88.44054780086839,13.874688917972975,0.812093,21,1.2560,76,30,2.533,0.0000,0.0065,0.476,3936,3
2025-08-22T21:27:38.176294,8.431587374421069e-22,-46.62644220130488,21.671585730246292,0.176295,80,2.7240,16,30,0.533,0.0125,0.0072,0.887,4048,3
2025-08-23T19:58:30.858103,2.977469269199046e-24,-54.37770092843668,11.940359988984412,0.858104,42,1.7570,64,35,1.829,0.0000,0.0093,0.381,3552,3
2025-08-24T20:14:25.081323,2.796296595161483e-37,-60.40391426753503,14.488107443569374,0.081324,43,1.8860,44,36,1.222,0.0000,0.0104,0.442,3210,3
2025-08-24T21:52:40.034277,1.5848868513366038e-19,-80.94936359808348,16.513180740307977,0.034278,30,1.5350,94,36,2.625,0.0000,0.0117,0.367,3240,3
2025-08-25T20:25:49.454948,7.220286579345724e-17,-80.59707285148977,9.583615400236283,0.454948,27,1.0780,43,36,1.194,0.0000,0.0105,0.481,3196,3
2025-08-25T20:26:53.798983,2.570695073149215e-10,-77.26897180803999,11.412791453693243,0.798984,26,1.8300,80,36,2.236,0.0000,0.0090,0.423,3158,3
2025-08-25T20:29:00.339326,4.3570520410745614e-24,-70.58470055034158,14.872145191283582,0.339326,29,0.7980,63,36,1.750,0.0000,0.0094,0.414,3194,3
2025-08-26T19:50:01.720037,2.2562786664529493e-07,95.71844203648755,-6.670762541645406,0.720038,19,0.9500,48,31,1.548,0.0000,0.0090,0.421,3852,3
2025-08-26T22:53:04.124957,1.874125647697007e-35,13.275828777536093,12.592723818019465,0.124958,45,1.7370,55,30,1.833,0.0000,0.0092,0.378,3746,3
2025-08-27T03:38:34.454557,8.98806151102234e-32,-78.5679708652727,20.68709226439305,0.454557,43,1.4100,94,32,2.938,0.0000,0.0070,0.372,3495,3
2025-08-27T22:37:55.291612,9.559706924856304e-37,-106.38307688939341,19.757953657898167,0.291612,49,1.5970,56,34,1.647,0.0000,0.0086,0.408,3893,3
2025-08-28T05:35:54.661671,6.626026885441345e-11,-94.45802786836033,11.456519440302532,0.661672,22,1.1660,77,30,2.567,0.0000,0.0104,0.409,4272,3
2025-08-28T05:36:03.843172,7.594063763686802e-22,-93.98044699387013,11.19825816634629,0.843172,33,1.1450,60,30,2.000,0.0000,0.0074,0.394,4070,3
2025-08-28T21:22:31.890236,4.2111315926262847e-16,-66.29112322180005,27.370230934411936,0.890236,24,1.4590,53,36,1.486,0.0000,0.0103,0.417,3294,3
2025-08-28T23:05:17.582170,4.7966436849726937e-17,-68.10086511509546,29.100433017236035,0.582170,33,1.8290,49,36,1.361,0.0000,0.0094,0.364,3446,3
2025-08-29T02:34:48.652544,2.1297541063722568e-13,-60.756118593131376,13.973628709112472,0.652545,31,1.7580,51,31,1.645,0.0000,0.0124,0.452,3431,3
2025-08-29T04:17:40.100539,2.8991480346393663e-35,-67.29976801166342,3.792312390025034,0.100539,52,1.9000,102,30,3.417,0.0000,0.0098,0.346,3606,3
2025-08-29T13:52:47.926267,1.1882223218319737e-23,123.88820729051581,15.094987898755114,0.926268,43,1.8170,99,36,2.750,0.0000,0.0070,0.419,4492,3
2025-08-29T19:53:13.896480,3.91611267125246e-13,-76.92051841258804,20.51289882338928,0.896481,21,1.0810,59,37,1.595,0.0000,0.0125,0.429,3269,3
2025-08-29T19:58:59.382560,2.666927635463639e-13,-56.019487045643956,26.70815627833693,0.382560,21,0.9700,60,36,1.667,0.0000,0.0116,0.476,3148,3
2025-08-30T02:43:28.564809,2.3096066797746737e-16,-90.66585588634676,22.149135590846974,0.564809,26,0.7140,70,33,2.121,0.0000,0.0092,0.346,3650,3
2025-08-30T04:28:31.101593,6.60801965042325e-08,-88.82565610079565,9.922072210700255,0.101594,26,1.2000,58,30,1.950,0.0000,0.0079,0.500,4121,3
2025-08-30T20:14:57.750378,2.689828933879006e-10,-60.627465883962515,27.825926723014877,0.750378,22,0.8430,46,37,1.257,0.0000,0.0097,0.409,3258,3
2025-08-31T05:46:43.758386,6.0858353204941e-20,115.13400481104023,16.84134916232256,0.758386,31,1.1770,53,36,1.472,0.0000,0.0121,0.516,3388,3
2025-08-31T10:31:17.512852,9.654939973402104e-08,21.121473707734037,6.328239838518787,0.512852,37,1.6970,61,51,1.196,0.0000,0.0074,0.351,5088,3
2025-08-31T22:12:09.167890,4.1691028042708465e-09,-72.85452471674911,28.98164547590867,0.167890,29,1.8630,46,32,1.438,0.0000,0.0090,0.552,3844,3
2025-09-01T07:49:19.398533,3.248551490293637e-11,120.63755883856079,28.496258188646767,0.398534,26,0.9690,44,42,1.060,0.0000,0.0098,0.385,3783,3
2025-09-04T02:25:08.468286,6.101719950025866e-42,-97.25668119806465,11.653752606476177,0.468287,50,1.4210,53,31,1.710,0.0000,0.0095,0.400,3642,3
2025-09-04T12:16:39.670270,4.882119654901469e-41,144.01250552532798,-5.756086058290153,0.670270,43,1.6620,78,32,2.438,0.0000,0.0083,0.372,4102,3
2025-09-04T14:42:16.504176,3.2384154535676726e-20,-72.60349045421943,6.04039109608443,0.504176,29,1.5520,84,34,2.471,0.0345,0.0111,0.483,3196,3
2025-09-06T04:02:29.380415,7.650932238277921e-07,111.99986033434021,22.15596195441322,0.380416,27,1.4710,49,36,1.361,0.0000,0.0103,0.370,3706,3
2025-09-06T04:03:12.438984,4.84530261935745e-07,114.55154627950895,23.019662498915277,0.438985,30,1.3600,56,36,1.556,0.0000,0.0093,0.533,3696,3
2025-09-06T09:05:19.844058,2.0252873065685216e-07,83.87117127491514,28.993279156287297,0.844059,28,1.7660,56,42,1.345,0.0000,0.0075,0.571,4406,3
2025-09-06T20:26:34.563292,1.2582072142986858e-11,-79.03991884644083,28.063189996934522,0.563293,28,1.6370,63,34,1.853,0.0000,0.0087,0.393,3785,3
2025-09-08T00:08:39.126841,8.404225400439302e-12,-90.71022427047168,11.199115373552868,0.126841,33,1.5360,56,33,1.697,0.0000,0.0092,0.364,3419,3
2025-09-08T11:32:01.928924,8.726305135108568e-28,110.56095469636965,2.9113516994180104,0.928924,38,1.6250,55,32,1.734,0.0000,0.0106,0.474,3634,3
2025-09-08T12:28:56.928799,3.818960632410115e-07,-56.35697837173146,11.97134414140785,0.928800,21,1.2780,83,33,2.515,0.0000,0.0101,0.619,3403,3
2025-09-08T13:15:24.627807,2.0770788790028803e-11,105.17254213643471,-8.59831158873336,0.627807,22,1.3420,62,31,2.000,0.0000,0.0095,0.409,3536,3
2025-09-08T16:19:15.156327,1.6533440037464465e-16,25.34705530554443,9.348526700180187,0.156327,27,1.5630,68,33,2.061,0.0000,0.0116,0.370,2934,3
2025-09-08T21:00:25.019403,7.811994984360357e-20,-81.00209228298034,23.655347434898047,0.019404,29,1.7040,66,32,2.062,0.0000,0.0109,0.379,3537,3
2025-09-09T11:51:25.661375,3.389620974511153e-23,114.98840475202647,-6.303949565646735,0.661376,36,1.7100,45,33,1.364,0.0000,0.0102,0.389,3318,3
2025-09-09T14:24:42.242496,4.9002241212083006e-08,-77.30769321229961,19.02804563697302,0.242496,19,0.6330,48,33,1.455,0.0000,0.0093,0.474,3446,3
2025-09-09T19:34:29.718865,3.727129502296621e-21,-79.28081278805135,26.74241061509535,0.718866,29,1.3101,74,36,2.056,0.0345,0.0083,0.448,3312,3
2025-09-09T21:14:27.987879,1.4447202183778315e-14,-92.7636089051531,23.907351129041206,0.987880,21,0.9820,98,36,2.722,0.0000,0.0115,0.381,3253,3
2025-09-10T21:34:37.948049,7.351025480974448e-44,-83.44091455740134,15.987953775475985,0.948049,40,1.0300,53,35,1.529,0.0000,0.0119,0.375,2858,3
2025-09-11T13:13:01.580870,1.4227271454469023e-11,-85.22110159248996,14.02460164215536,0.580871,29,1.7260,51,31,1.645,0.0000,0.0084,0.517,3652,3
2025-09-11T20:08:53.893211,1.641720045745289e-33,-79.88054353188528,20.43260097115874,0.893211,39,1.0920,63,36,1.750,0.0000,0.0133,0.385,2970,3
2025-09-12T15:46:04.393392,2.513926930218828e-25,26.491301160265422,-2.6021269304055634,0.393393,31,1.4850,82,33,2.485,0.0000,0.0126,0.419,3008,3
2025-09-13T14:19:06.278984,1.1023311734906124e-10,27.430504851567388,5.129643943350747,0.278984,27,1.7200,83,31,2.677,0.0000,0.0126,0.407,3246,3
2025-09-14T12:16:35.656944,3.9277981273751445e-07,-100.49095529107367,10.208189486642354,0.656945,17,0.3451,62,30,2.067,0.0000,0.0106,0.412,3870,3
2025-09-14T16:56:34.887287,7.308313760688779e-08,152.4595594804541,-9.141250120912678,0.887288,21,0.8970,58,30,1.933,0.0000,0.0094,0.476,3418,3
2025-09-16T09:30:12.555944,7.223198475341348e-30,-75.9889261833155,8.472053892172072,0.555944,44,1.7419,114,31,3.694,0.0000,0.0102,0.409,3694,3
2025-09-19T07:00:54.645940,2.6348151326501915e-13,-53.60364682202844,11.638993981767314,0.645940,25,1.5900,66,35,1.886,0.0000,0.0103,0.480,3215,3
2025-09-22T16:23:51.137449,5.937030370693201e-06,-81.78348111274016,11.301970302351716,0.137450,18,0.6720,86,32,2.688,0.0000,0.0124,0.500,3222,3
2025-09-22T16:23:55.673519,4.76836145847042e-37,-81.5472633189909,11.173990100767222,0.673519,40,1.4060,90,32,2.828,0.0000,0.0084,0.375,3198,3
2025-09-24T01:43:27.941928,1.4563247091116852e-09,-11.876741461946153,10.246300313698566,0.941928,31,1.4940,63,36,1.750,0.0323,0.0091,0.452,4838,3
2025-09-29T22:59:28.803714,8.196994913098901e-06,143.83166786662974,1.9058031727684628,0.803715,23,1.0620,47,35,1.343,0.0000,0.0082,0.435,4065,3
2025-09-30T02:10:02.378781,7.65115564507406e-10,84.32029606546672,7.853845427640883,0.378781,28,1.5840,48,31,1.565,0.0000,0.0088,0.393,3572,3
2025-10-01T13:09:45.161208,6.813989398556827e-16,140.25247780441106,18.60700472539697,0.161209,27,1.8570,51,30,1.700,0.0000,0.0098,0.370,3572,3
2025-10-03T23:44:39.635915,1.5729391173229613e-21,63.922745932158406,20.676638356605018,0.635916,37,1.7360,57,32,1.781,0.0000,0.0081,0.405,3788,3
2025-10-04T00:51:36.703422,5.284275553253845e-25,-70.9293686962054,10.588364328315958,0.703422,34,1.8190,91,33,2.758,0.0000,0.0118,0.412,3520,3
2025-10-04T18:57:11.936612,7.412993611149554e-12,86.60360316583758,29.069747619100575,0.936612,29,1.2440,69,36,1.917,0.0000,0.0070,0.345,4816,3
2025-10-05T09:47:43.869929,4.9051469961930884e-06,-71.7404541337195,9.340689399080608,0.869929,24,0.9610,75,30,2.517,0.0000,0.0115,0.500,3523,3
2025-10-06T07:38:02.064624,5.479546446538739e-40,139.20624225325665,-6.612351024538504,0.064624,40,1.1510,93,32,2.906,0.0000,0.0092,0.375,2986,3
2025-10-07T14:40:17.679054,1.2349518032415156e-30,94.9318811511549,25.46596016241597,0.679054,42,1.3750,98,37,2.649,0.0000,0.0059,0.429,4516,3
2025-10-07T19:20:58.766686,1.486022352500286e-64,-13.820301648682658,11.575438446842849,0.766686,64,0.5150,115,44,2.614,0.0000,0.0077,0.406,4230,3
2025-10-08T08:53:39.119946,1.6689670940976086e-06,-78.25816932782693,8.516951142326505,0.119946,20,1.1180,70,30,2.350,0.0000,0.0107,0.350,3654,3
2025-10-08T20:05:00.883251,1.137094534355663e-21,85.38496001007182,19.973804122772627,0.883251,28,1.6800,88,33,2.667,0.0000,0.0095,0.357,3878,3
2025-10-10T05:23:10.476005,9.112583033640101e-11,152.63037477062514,-2.1119678769645436,0.476006,25,1.6560,58,29,2.000,0.0000,0.0081,0.360,3591,3
2025-10-10T12:13:13.370755,1.0589086924406262e-26,128.7800647290604,28.49390845203598,0.370756,42,1.5670,70,33,2.136,0.0000,0.0070,0.381,4442,3
2025-10-10T19:09:39.334352,6.318105166933268e-06,130.01916888588482,-2.4488801902818564,0.334352,23,1.3920,78,33,2.364,0.0000,0.0114,0.435,3727,3
2025-10-11T19:19:21.235836,4.827085164320403e-35,105.89974180103022,5.499521125149784,0.235836,48,1.7290,110,31,3.548,0.0000,0.0102,0.417,3903,3
2025-10-12T17:52:39.582018,1.483203635318447e-06,107.86559582305563,12.18563903862689,0.582019,19,0.9250,85,33,2.576,0.0000,0.0109,0.368,4069,3
2025-10-13T03:26:44.479301,4.175474175440382e-06,-65.79533283677739,23.12464358767644,0.479302,16,0.2580,44,32,1.375,0.0000,0.0112,0.500,3431,3
2025-10-13T04:22:45.717878,1.6186463669359752e-10,126.91767344359323,-12.297065810570658,0.717879,23,1.0850,93,30,3.100,0.0000,0.0072,0.522,3560,3
2025-10-13T06:08:43.457387,2.6123960779709137e-18,129.58280682162382,3.70012340052562,0.457388,29,1.4730,43,32,1.344,0.0000,0.0104,0.379,3170,3
2025-10-13T18:13:22.440580,1.0042503390233174e-11,117.11720499288238,0.5390704917787438,0.440580,21,1.0440,134,32,4.188,0.0000,0.0086,0.381,3938,3
2025-10-13T19:00:55.089649,1.9375243661954065e-12,-78.19604497795838,-2.3109084145379057,0.089650,31,1.4060,49,37,1.324,0.0000,0.0088,0.355,4068,3
2025-10-14T04:38:25.448746,6.5525517217788026e-12,120.89090806393568,-9.648287710224285,0.448746,23,0.6000,141,30,4.700,0.0000,0.0119,0.435,3306,3
2025-10-14T06:17:16.986546,1.499925565349081e-17,102.03354888188788,-6.288145420492163,0.986547,34,1.2700,52,32,1.625,0.0294,0.0096,0.441,3334,3
2025-10-14T12:10:59.364054,2.732909480253671e-19,-119.79555213708471,-18.53421933142663,0.364055,67,2.4630,17,35,0.486,0.0000,0.0090,0.836,3877,3
2025-10-14T16:52:58.071138,6.922283931930316e-13,138.2578260610418,-3.8643999721974427,0.071138,26,1.3970,92,33,2.788,0.0000,0.0088,0.346,4031,3
2025-10-16T14:59:19.882552,1.624194907487572e-08,-15.676979176696904,10.098564586578707,0.882552,74,2.3550,52,41,1.268,0.0000,0.0067,0.419,6079,3
2025-10-17T14:25:57.599587,5.948533950138011e-19,169.14893796907657,-11.914992166005833,0.599588,32,1.3900,60,34,1.779,0.0000,0.0072,0.469,4258,3
2025-10-17T20:13:37.783022,2.5849919056791065e-06,-69.3757642305485,23.821755601119076,0.783023,23,0.9860,34,32,1.062,0.0000,0.0086,0.565,3890,3
2025-10-18T02:20:33.401389,9.307687102221415e-12,125.73516273006442,-10.229856633722639,0.401389,24,1.7060,67,33,2.045,0.0000,0.0130,0.542,2880,3
2025-10-18T12:10:33.038370,5.76433804152007e-13,2.6310304734881296,4.7038189714375065,0.038370,31,1.7660,91,54,1.685,0.0000,0.0061,0.452,5528,3
2025-10-19T15:14:31.094083,1.5075211202769812e-09,-137.83384442377496,-28.572556506026242,0.094083,26,1.1690,47,33,1.439,0.0000,0.0069,0.346,4284,3
2025-10-22T15:23:20.874822,9.306804154117741e-06,75.39675757497439,10.983828709876802,0.874822,14,0.2010,136,30,4.550,0.0000,0.0070,0.357,3927,3
2025-10-24T00:21:17.302985,9.775188447690886e-17,77.3469722422719,-24.245139230086455,0.302985,49,2.0130,16,34,0.471,0.0000,0.0092,0.878,3408,3
2025-10-28T20:52:09.013779,5.453190244640934e-10,135.08749367112713,-7.165924609319401,0.013780,27,1.5870,42,33,1.273,0.0000,0.0097,0.444,2876,3
2025-10-29T20:12:56.222420,1.444316855921743e-18,-58.316865131343405,15.184547321706686,0.222421,32,1.6460,49,30,1.650,0.0000,0.0094,0.531,3578,3
2025-10-30T00:43:05.602985,1.0282834910989538e-09,150.15319282632993,27.359010860485853,0.602986,57,2.6900,16,36,0.444,0.0000,0.0100,0.895,3460,3
2025-10-30T19:46:29.629235,8.584521935427581e-33,147.81682609849997,-1.3714169284710018,0.629236,36,1.6600,74,33,2.242,0.0000,0.0130,0.444,2882,3
2025-10-31T07:46:04.571096,2.3319747402272005e-15,119.58706639642959,14.267550822932314,0.571096,36,1.3920,53,35,1.514,0.0000,0.0104,0.389,4476,3
2025-10-31T20:00:45.869719,6.268758132532832e-07,137.71271659811686,-0.9077177838267269,0.869720,29,1.6519,38,32,1.188,0.0000,0.0136,0.448,2944,3
2025-11-03T07:09:38.693324,2.4486891316359974e-15,168.71991019501695,-17.553053783283975,0.693325,31,0.9820,78,38,2.053,0.0000,0.0120,0.419,3284,3
2025-11-04T06:29:43.634864,3.5462056471558817e-22,-27.138577880611365,8.650661952526917,0.634865,70,2.4830,17,40,0.425,0.0000,0.0073,0.857,3982,3
2025-11-04T09:43:04.220697,2.117287760865698e-13,-78.18270176385555,7.738504757737033,0.220698,27,1.6590,78,34,2.294,0.0370,0.0110,0.407,3278,3
2025-11-05T17:52:41.905067,1.3871639318815838e-10,120.06001077966222,-8.44747541694392,0.905068,19,0.7810,111,29,3.828,0.0000,0.0075,0.421,3647,3
2025-11-06T03:43:43.828503,7.754570927543855e-07,0.18683316846368442,8.431879803148608,0.828503,25,1.3740,68,45,1.511,0.0000,0.0060,0.360,4818,3
2025-11-08T07:21:51.535740,1.2329525599232352e-11,-82.21305760399788,1.8133048620331018,0.535740,35,1.5700,40,29,1.379,0.0000,0.0066,0.543,5456,3
2025-11-10T03:50:53.137979,2.0082523278870533e-19,148.15648546015444,-7.895019059661955,0.137980,36,1.6780,54,37,1.473,0.0000,0.0097,0.444,3540,3
2025-11-10T15:57:08.560290,9.367073332002671e-30,140.47924398890268,6.595747762283885,0.560291,35,1.5520,60,29,2.069,0.0286,0.0111,0.457,3326,3
2025-11-17T00:25:39.806321,6.2630884866814776e-15,109.78730799103951,13.359761669887238,0.806322,23,1.7900,100,38,2.632,0.0435,0.0115,0.348,3446,3
2025-11-19T09:51:16.629491,1.2553144112542313e-08,146.35911587130803,-5.409580580109601,0.629492,27,1.2040,73,31,2.355,0.0000,0.0072,0.519,3312,3
2025-11-20T12:30:38.473688,1.642696971156681e-31,-81.16330375779287,5.177729199551644,0.473688,41,1.2440,59,34,1.735,0.0000,0.0100,0.439,3091,3
2025-11-23T09:55:46.867856,3.296755862855579e-11,-72.53536918288792,9.94332598177292,0.867856,21,1.3880,51,33,1.545,0.0000,0.0114,0.381,2932,3
2025-11-23T15:36:12.878623,2.740982953523138e-10,24.389078408140666,-7.982696337955392,0.878623,29,1.1640,72,42,1.714,0.0000,0.0073,0.379,5132,3
2025-11-23T22:55:08.264451,1.8531004592122999e-10,101.68383677232914,2.9627561103483626,0.264452,27,1.7910,43,35,1.229,0.0000,0.0116,0.444,3141,3
2025-11-25T05:13:01.980792,1.1216852240995683e-15,-91.55269676710428,29.04232929302086,0.980793,30,1.3360,73,31,2.371,0.0000,0.0065,0.433,4062,3
2025-11-26T06:37:20.943543,5.426447192983753e-14,143.3315207602638,-6.171207921645934,0.943544,24,1.6520,71,30,2.383,0.0000,0.0093,0.542,3390,3
2025-11-26T06:37:48.365588,2.734695113093034e-12,144.71336374617235,-5.358296898866781,0.365588,21,1.5230,160,30,5.333,0.0000,0.0085,0.476,3479,3
2025-11-26T12:58:12.988887,1.0848449650831768e-14,22.933796229482322,-17.490551353615388,0.988887,39,1.7150,68,42,1.619,0.0000,0.0056,0.410,6289,3
2025-11-29T09:07:14.102719,4.588500001681491e-09,120.57142932843315,13.811779795240057,0.102719,24,0.9560,80,31,2.581,0.0000,0.0080,0.417,3616,3
2025-11-30T04:15:52.401665,7.565723768452911e-18,139.85163196102891,-11.572273889393363,0.401666,20,0.7190,130,31,4.194,0.0000,0.0076,0.350,3274,3
2025-12-01T02:13:23.579024,9.941703993495232e-29,13.583698232560172,-4.563652440048358,0.579024,38,1.1770,76,32,2.375,0.0000,0.0092,0.368,3200,3
2025-12-01T06:14:26.437524,8.613413891047393e-16,127.85635117688194,2.2193021790678755,0.437525,24,0.9930,53,31,1.710,0.0000,0.0107,0.417,3135,3
2025-12-04T13:26:29.544318,7.209137403405465e-10,4.924939651404672,7.230623997694572,0.544318,29,1.3650,68,40,1.700,0.0000,0.0049,0.345,5252,3
2025-12-05T00:04:37.215425,1.9071355994407712e-20,50.43322657595111,-20.2423841096156,0.215425,29,1.2410,86,32,2.688,0.0000,0.0085,0.345,3460,3
2025-12-05T14:28:46.159413,1.8750773284084284e-09,161.72528721743663,-7.221295764465988,0.159414,19,0.2760,135,33,4.091,0.0000,0.0066,0.526,4488,3
2025-12-06T13:04:30.057024,2.493546753638721e-17,172.02970112705194,-5.119616783199447,0.057024,29,0.7770,85,35,2.429,0.0000,0.0061,0.414,4291,3
2025-12-06T14:09:44.965847,5.423947445357623e-07,36.700786190004614,27.72388171686933,0.965847,22,1.2300,60,35,1.714,0.0000,0.0069,0.409,4402,3
2025-12-06T17:06:56.797176,1.4006063048157213e-08,-69.36859908819252,5.359151829544623,0.797176,21,1.0280,75,31,2.419,0.0000,0.0091,0.381,3786,3
2025-12-06T17:35:43.111438,2.258445920697847e-15,34.78345268635168,25.489384560056944,0.111439,34,1.7390,56,31,1.823,0.0000,0.0084,0.559,3732,3
2025-12-06T17:36:44.165162,4.886072780751384e-70,38.54181699538118,24.48264259324446,0.165163,67,0.9600,98,32,3.062,0.0149,0.0109,0.418,3664,3
2025-12-08T13:31:15.043655,4.269048050511313e-26,147.65059146302008,-3.495203790676893,0.043656,40,1.6810,66,33,2.015,0.0000,0.0066,0.400,4379,3
2025-12-09T03:17:04.622873,9.675253697575626e-07,123.53919089090937,7.0499276815212735,0.622873,14,0.6670,64,33,1.955,0.0000,0.0106,0.500,3120,3
2025-12-09T13:43:39.296948,9.246122478679369e-10,132.57877793882935,-0.9379480865059862,0.296948,23,0.5650,79,32,2.469,0.0000,0.0079,0.435,4248,3
2025-12-11T12:35:55.236656,9.98870443597642e-09,140.33971076083006,-3.7572304104778023,0.236656,22,0.8300,52,32,1.641,0.0000,0.0081,0.409,4276,3
2025-12-12T09:32:14.924969,4.029222915565607e-12,168.06071845466144,2.81264327577645,0.924969,27,1.7830,64,33,1.939,0.0000,0.0055,0.407,4636,3
2025-12-14T21:11:36.627843,1.8944386923719315e-06,-47.15879304156147,14.332984731857316,0.627844,27,1.2750,17,30,0.567,0.0000,0.0093,0.815,3552,3
2025-12-15T02:06:36.058551,2.639929245774636e-15,-108.1398658372262,7.161171787244437,0.058551,25,1.7740,68,33,2.061,0.0000,0.0107,0.480,3304,3
2025-12-17T18:57:18.212415,3.209748316153643e-14,25.753762077665247,-16.99341693623687,0.212416,35,1.4570,43,29,1.483,0.0000,0.0050,0.371,5762,3
2025-12-18T00:23:12.775485,1.4400710279089339e-08,78.26509121151174,-6.122940145123909,0.775486,14,0.4670,153,36,4.250,0.0000,0.0109,0.429,3620,3
2025-12-18T17:36:17.036804,4.170553710332247e-06,46.7379891514497,-20.03583538676672,0.036804,16,1.0340,81,34,2.397,0.0000,0.0087,0.375,3276,3
2025-12-18T23:06:09.742498,2.4438698959800723e-28,110.44998307256667,4.834881409179074,0.742499,37,1.4750,61,30,2.033,0.0000,0.0091,0.378,3801,3
2025-12-21T02:41:43.883387,9.380197351324465e-07,21.78710876770186,-5.7118939051382025,0.883388,26,1.1899,54,48,1.135,0.0000,0.0051,0.423,5126,3
2025-12-21T10:10:07.141713,9.285242263286351e-08,128.1809079597046,-15.754867471606168,0.141713,18,0.7540,111,31,3.581,0.0556,0.0076,0.389,4064,3
2025-12-23T07:12:16.272213,7.348272208739018e-12,120.59111955696207,4.398787112353501,0.272214,24,1.5600,67,36,1.875,0.0000,0.0086,0.542,3604,3
2025-12-24T13:03:34.163088,4.942055779417356e-13,-162.0736858927719,-7.512327526609883,0.163089,23,1.4680,83,29,2.862,0.0000,0.0077,0.478,3552,3
2025-12-25T06:11:55.571385,3.239445963337526e-11,151.0075942376716,-11.63776104810581,0.571386,33,1.4820,46,37,1.243,0.0000,0.0081,0.394,3254,3
2025-12-25T14:52:36.503355,1.2360325522313978e-46,157.31119126055327,-10.381879448244302,0.503355,62,2.0460,48,32,1.516,0.0000,0.0101,0.339,3128,3
2025-12-26T18:25:52.406935,1.7209775824319595e-07,114.2152719993846,-0.3320000767060422,0.406936,24,1.4890,41,30,1.367,0.0000,0.0069,0.333,3486,3
2025-12-27T13:05:24.486266,1.4369842524121069e-09,25.17597354756466,-8.694433254038556,0.486266,23,1.3960,49,33,1.485,0.0000,0.0106,0.435,3118,3
2025-12-27T20:07:14.906433,2.5493342123773214e-08,49.9453974022975,-16.323092278995006,0.906434,23,1.0980,67,38,1.763,0.0000,0.0064,0.478,4594,3
2025-12-28T13:11:18.937816,2.2547610625809492e-07,-9.29666830622071,5.3837974002636075,0.937817,22,1.5360,42,34,1.250,0.0000,0.0097,0.455,2829,3
2025-12-31T12:26:48.926307,1.2865239952914013e-22,17.05259810979472,-14.272629349383836,0.926308,37,1.3750,78,31,2.516,0.0000,0.0064,0.432,4842,3
2026-01-03T10:23:04.863712,1.8418518430475113e-40,140.95519342977266,-19.16998854756024,0.863712,55,1.6440,69,33,2.091,0.0000,0.0080,0.364,3442,3
2026-01-03T10:26:24.406912,9.100043836244912e-24,151.86486506023553,-14.122600903014948,0.406912,34,1.8400,57,33,1.742,0.0000,0.0095,0.382,3154,3
2026-01-03T12:03:53.459038,5.243838905471787e-52,128.9543633737905,-13.198047528429496,0.459038,56,2.0250,70,32,2.203,0.0179,0.0103,0.357,3170,3
2026-01-06T09:32:08.921576,5.261900641953612e-24,148.99786850403962,-11.615877589946496,0.921576,38,1.5360,52,32,1.625,0.0000,0.0095,0.368,3198,3
2026-01-06T21:48:28.693116,4.917994386282846e-27,172.37532941848852,-5.281731009035765,0.693116,38,1.6380,62,35,1.786,0.0000,0.0075,0.553,4280,3
2026-01-08T09:58:41.967907,7.496936416691786e-06,124.72746385991883,-13.033643093335339,0.967907,12,0.1310,100,30,3.333,0.0000,0.0091,0.417,3416,3
2026-01-09T08:31:56.429861,8.042009765135241e-17,127.13195732261188,-18.527458383981806,0.429861,28,1.5910,71,31,2.290,0.0000,0.0088,0.571,3532,3
2026-01-10T10:34:30.196636,1.9678075918674432e-09,128.74780451841448,1.7873325838727638,0.196636,25,1.6830,41,29,1.414,0.0000,0.0074,0.440,3467,3
2026-01-10T16:58:34.600537,3.395590394321543e-30,19.143350198775224,-4.6679401677046295,0.600537,45,1.6100,105,48,2.188,0.0000,0.0057,0.422,5002,3
2026-01-12T07:37:25.823355,7.170083968043118e-11,123.87681151995265,-16.550801309560423,0.823356,32,1.6610,58,34,1.721,0.0000,0.0077,0.375,2864,3
2026-01-14T01:51:45.730983,7.897191124560157e-10,-114.0168557051845,8.89800130567921,0.730983,20,1.3060,46,34,1.368,0.0000,0.0096,0.450,3239,3
2026-01-16T23:51:16.920722,4.785043882878557e-06,20.778503007297246,18.82535695327639,0.920722,27,1.6630,17,30,0.567,0.0000,0.0079,0.704,3656,3
2026-01-17T00:59:07.001209,6.549498693785487e-08,-111.54836500492974,14.318186103791493,0.001209,19,0.9260,73,33,2.212,0.0000,0.0077,0.421,3694,3
2026-01-17T05:30:00.887072,6.121492301269776e-26,112.66481192057653,-19.493803288957128,0.887072,35,1.0000,55,34,1.618,0.0000,0.0102,0.400,3099,3
2026-01-21T23:34:12.095044,1.926099922299081e-09,27.499467498300678,-0.6404104486617108,0.095044,16,0.4950,66,29,2.293,0.0625,0.0081,0.438,3524,3
2026-01-22T06:38:54.077076,6.329002996963408e-14,60.64222559267578,-18.69376791961387,0.077077,27,1.4900,49,34,1.441,0.0000,0.0077,0.370,3749,3
2026-01-23T14:25:30.424337,1.8439523783342165e-24,170.8641871571131,-10.364667106039532,0.424337,38,1.3150,95,33,2.894,0.0000,0.0073,0.447,4380,3
2026-01-25T09:56:54.374996,9.678336131601768e-24,-152.09423161348695,-1.2767107638760762,0.374996,60,1.7530,16,35,0.457,0.0000,0.0072,1.000,3865,1
2026-01-27T21:53:34.992461,2.1750009234355014e-08,48.17109719951799,-19.693110996740835,0.992461,18,0.7510,98,30,3.283,0.0000,0.0076,0.500,3870,3
2026-01-30T19:16:48.448348,1.7832348577116528e-31,52.89746912233215,-14.011695975522054,0.448349,42,1.5240,83,31,2.677,0.0000,0.0102,0.452,3536,3
2026-02-01T13:13:13.647450,1.6354878192630751e-18,120.41453225355572,-8.72281604012407,0.647451,65,2.6790,16,30,0.533,0.0154,0.0084,0.877,3824,3
2026-02-01T21:51:06.319832,2.1243353588462191e-13,117.79391702187723,-17.533879668375832,0.319833,28,1.5790,85,29,2.931,0.0000,0.0080,0.357,3676,3
2026-02-02T14:56:19.534285,1.234534865487163e-06,62.63046696150333,4.5435892821973205,0.534285,32,1.8240,63,33,1.909,0.0000,0.0103,0.375,3106,3
2026-02-03T03:08:08.675929,8.523509210589152e-15,72.1208887886536,4.409954073578774,0.675929,26,1.3930,60,40,1.500,0.0000,0.0081,0.423,4054,3
2026-02-03T11:56:22.780990,1.7090946808389414e-10,102.13744133397542,4.045517087796214,0.780990,25,1.1020,75,35,2.143,0.0000,0.0109,0.520,3210,3
2026-02-05T12:33:57.652590,1.1279180156715318e-06,112.39752683115451,-14.27093460255799,0.652591,17,0.9110,34,33,1.030,0.0000,0.0084,0.471,3373,3
2026-02-05T20:56:46.213356,5.081467931845431e-07,56.37108075411934,-28.800361483486338,0.213356,21,1.4810,75,32,2.344,0.0000,0.0070,0.381,3809,3
2026-02-07T09:49:01.724290,3.0083792190550376e-27,145.92120444064412,-16.976111488142784,0.724290,34,1.1370,88,34,2.603,0.0000,0.0077,0.412,3776,3
2026-02-07T20:54:53.787844,2.2721242607784426e-20,-65.48499461358973,4.622332581973108,0.787844,27,0.6080,108,29,3.724,0.0000,0.0106,0.481,3598,3
2026-02-10T08:54:52.565658,2.773370154047803e-07,145.24244018242143,-19.9443177411097,0.565659,21,1.1860,46,31,1.484,0.0476,0.0079,0.429,4151,3
2026-02-10T15:18:36.814729,2.5686289303401318e-17,33.555336060930955,-14.116806083077696,0.814730,26,1.4941,58,34,1.721,0.0000,0.0081,0.423,3324,3
2026-02-10T19:10:51.472747,1.2722911549874394e-15,121.09369812625665,-3.552228194403444,0.472748,25,1.0380,78,29,2.690,0.0000,0.0084,0.400,3566,3
2026-02-11T05:51:37.417869,5.3594432314850764e-08,173.91405362817125,-15.50969871265497,0.417870,19,0.8931,66,39,1.692,0.0000,0.0106,0.526,3552,3
2026-02-12T09:25:39.867852,3.514825628977566e-14,136.71369929926163,-24.416933523296187,0.867853,22,1.0550,59,32,1.859,0.0000,0.0077,0.500,3877,3
2026-02-13T03:01:30.455864,3.8472884377331055e-08,-168.99077043439544,-9.861309468844722,0.455864,17,0.6930,70,39,1.795,0.0000,0.0094,0.353,3498,3
2026-02-13T14:56:42.934718,3.123081535359593e-08,150.5346310920087,-10.724544094793355,0.934718,25,1.6400,54,30,1.800,0.0400,0.0086,0.400,3358,3
2026-02-13T19:04:44.631933,6.455766056718298e-09,-73.71176017677581,0.4749991701895138,0.631934,24,1.7730,36,34,1.074,0.0000,0.0127,0.625,2992,3
2026-02-14T06:31:43.555163,5.228051501682676e-16,139.84054975807157,-14.627044831547673,0.555163,38,1.8460,53,36,1.472,0.0000,0.0115,0.368,3074,3
2026-02-15T13:04:30.969021,2.2644036085404128e-06,4.514560097351943,-0.05430718090741743,0.969021,13,0.3320,63,30,2.100,0.0000,0.0085,0.462,3467,3
2026-02-15T15:23:11.040498,2.392044981832404e-21,127.0921965120305,-11.770075555308638,0.040498,59,2.1190,16,30,0.533,0.0000,0.0095,0.898,3435,3
2026-02-16T17:20:39.015640,4.098082734941163e-15,112.96178193990399,0.6548137850934993,0.015640,24,0.6720,73,29,2.534,0.0000,0.0085,0.333,3576,3
2026-02-17T00:49:28.179386,1.4223208036735698e-25,-137.75012058350376,-21.489049322338293,0.179386,39,1.7610,52,38,1.368,0.0000,0.0095,0.359,3528,3
2026-02-17T01:26:51.533540,6.641855635226524e-16,-5.534367211582861,3.720190854145624,0.533540,78,2.4780,16,40,0.400,0.0000,0.0060,0.821,5448,3
2026-02-17T12:30:49.757954,1.8466883490042498e-07,136.60059699102385,-20.378478385578447,0.757954,17,0.5040,96,31,3.097,0.0000,0.0096,0.412,3631,3
2026-02-18T05:52:54.315891,1.965324655797391e-81,134.55303394492853,-20.42948529490113,0.315892,80,1.6460,69,36,1.917,0.0000,0.0081,0.338,3270,3
2026-02-18T11:04:52.689099,8.365061376756517e-43,141.46733703529117,-23.57977952763047,0.689099,44,0.9380,72,34,2.118,0.0000,0.0100,0.409,3462,3
2026-02-23T02:30:00.041934,1.296811999010757e-08,-127.9947443460158,-24.75551610895476,0.041934,25,1.6040,70,29,2.414,0.0000,0.0061,0.400,4635,3
2026-02-23T07:23:27.037752,9.169029098182641e-10,167.70454801843186,-21.603277192155637,0.037753,27,1.0390,45,34,1.324,0.0370,0.0108,0.519,3319,3
2026-02-25T09:06:41.545087,1.1052541315695903e-21,42.423216143222525,-23.227231673447463,0.545088,34,1.0180,77,34,2.279,0.0000,0.0103,0.441,3407,3
2026-02-25T09:36:32.823723,2.194568784638031e-06,151.2113168407014,-7.267999692629795,0.823724,20,0.8900,50,32,1.578,0.0000,0.0106,0.500,2970,3
2026-02-25T15:55:51.974792,2.458834658408674e-18,25.677876135799632,-20.451602443173783,0.974792,41,1.4820,54,37,1.459,0.0000,0.0038,0.463,7878,3
2026-02-26T22:08:22.974906,6.894340503517531e-16,170.34676723835835,-13.243294024050995,0.974906,33,1.3829,64,35,1.829,0.0000,0.0088,0.394,4024,3
2026-02-27T08:18:33.141249,1.3154212357241073e-07,128.3659746552168,-20.217094956533522,0.141249,18,0.3020,45,35,1.300,0.0556,0.0080,0.444,3073,3
2026-02-27T12:31:25.942942,5.907195251600345e-19,-79.62259412806904,2.698083870929397,0.942942,28,1.3210,60,32,1.875,0.0000,0.0089,0.393,3371,3
2026-02-28T00:39:39.566752,6.638903520519964e-60,-80.6781324531544,-0.08792854861898865,0.566753,65,1.3600,46,34,1.353,0.0000,0.0089,0.354,3414,3
2026-03-01T11:21:07.418906,9.22340505236931e-07,-77.59303480470246,3.4165427900196805,0.418907,14,0.5030,91,29,3.155,0.0000,0.0086,0.429,3875,3
2026-03-02T23:30:01.762857,1.835719251327334e-30,-130.15091338406748,-21.669572483700076,0.762857,43,1.7180,58,36,1.611,0.0000,0.0097,0.349,3301,3
2026-03-03T05:24:43.971221,1.664768656395012e-11,12.461327516209185,-4.21921891397844,0.971221,27,1.6789,93,35,2.657,0.0000,0.0110,0.407,2855,3
2026-03-03T22:21:14.248279,6.248520247981118e-28,-70.02318491623029,2.448687387072542,0.248280,38,1.5700,58,36,1.611,0.0000,0.0075,0.421,3251,3
2026-03-06T05:00:06.247918,2.849709962580194e-28,119.7306541956946,-22.96424547614134,0.247918,61,2.0270,16,35,0.451,0.0000,0.0116,0.902,3262,3
2026-03-07T00:31:07.742851,7.924178166979744e-64,-149.4860686169425,-10.798882183606608,0.742851,59,1.2440,57,35,1.629,0.0000,0.0106,0.424,2934,3
2026-03-09T21:55:55.236508,3.089513291758198e-26,-137.90959798154225,-13.785052314110835,0.236508,33,1.3030,57,35,1.629,0.0000,0.0096,0.485,3118,3
2026-03-10T00:30:31.772027,3.755712707695926e-07,33.46293922536817,-2.607673544646995,0.772027,21,1.2160,47,34,1.382,0.0000,0.0107,0.381,3078,3
2026-03-12T15:31:28.969452,1.6555103470181277e-18,155.52925124396583,-6.15889218312924,0.969452,35,1.8589,88,34,2.588,0.0000,0.0068,0.343,4690,3
2026-03-12T23:39:06.765573,1.5036866955510594e-20,41.64104530392523,-11.622505539221757,0.765574,29,0.9530,76,30,2.533,0.0000,0.0089,0.414,3862,3
2026-03-13T08:56:22.260653,8.652968028718977e-10,175.56468486228604,26.256178523126113,0.260653,41,1.3970,16,33,0.485,0.0000,0.0052,0.878,4348,3
2026-03-15T21:55:21.523678,9.263481794083776e-14,-129.64223813005881,13.642950739475749,0.523678,30,1.6370,50,33,1.515,0.0000,0.0105,0.567,3004,3
2026-03-16T22:13:17.129970,3.0083492675759944e-06,-125.51195715593218,20.38660255680903,0.129970,25,1.4860,17,33,0.515,0.0000,0.0070,0.840,3640,3
2026-03-18T14:06:52.753620,3.6958130641317956e-09,-115.71187561434945,-25.258187098217817,0.753621,17,0.5970,76,30,2.533,0.0000,0.0077,0.529,4638,3
2026-03-18T23:15:54.844693,1.607222424390632e-08,-19.070482945532092,0.6427829467051581,0.844693,21,0.9040,72,31,2.323,0.0000,0.0081,0.524,3500,3
2026-03-19T10:49:51.920876,1.6402640214557993e-11,-141.53074158239218,-24.103124987613533,0.920876,27,1.8400,66,34,1.941,0.0000,0.0066,0.519,4351,3
2026-03-19T10:51:04.612407,2.689978308771803e-16,-137.0770724429655,-25.334544730911396,0.612408,38,1.6890,54,35,1.557,0.0000,0.0086,0.395,4386,3
2026-03-19T10:52:11.181086,3.5519213902730164e-09,-132.91930288052086,-26.32535054345136,0.181086,25,1.0020,59,33,1.788,0.0400,0.0059,0.400,4599,3
2026-03-19T18:47:05.234597,1.059790265769881e-14,70.17487643197727,-14.11583264189446,0.234597,28,1.3510,64,31,2.081,0.0000,0.0103,0.393,3348,3
2026-03-19T20:26:17.188718,7.528165920337398e-13,52.969297598503694,-17.693903641513685,0.188718,23,1.3170,70,31,2.258,0.0000,0.0076,0.478,3618,3
2026-03-20T16:03:32.100315,2.400703108326289e-11,170.61264293633204,-29.097928106975594,0.100316,36,1.4850,16,31,0.516,0.0000,0.0067,0.861,4085,3
2026-03-21T08:34:15.924338,1.4594324502683008e-06,-0.7683733176861551,-3.23627874651544,0.924339,21,0.8510,76,46,1.652,0.0000,0.0066,0.476,5524,3
2026-03-22T02:22:34.165507,3.3300880959765077e-52,94.75325099296485,1.2188565777854174,0.165507,64,2.0210,70,32,2.188,0.0000,0.0080,0.469,3632,3
2026-03-22T08:16:46.748407,1.3904673736950331e-08,-122.71162317509828,-24.55687678562351,0.748407,27,1.6680,58,32,1.812,0.0000,0.0072,0.407,4711,3
2026-03-22T08:16:59.216877,2.357846619587863e-08,-121.9484593725036,-24.7697217197515,0.216878,20,0.8420,89,32,2.797,0.0000,0.0054,0.350,4710,3
2026-03-22T08:17:43.354287,1.3831783285137452e-26,-119.2250604604085,-25.487066765681554,0.354287,49,1.7100,67,32,2.094,0.0000,0.0066,0.408,4816,3
2026-03-22T15:03:58.623336,2.682784096914646e-24,-146.3588397492634,-21.405222714585634,0.623336,34,1.6160,105,30,3.517,0.0000,0.0067,0.353,3928,3
2026-03-22T19:20:50.582337,1.1705419536513299e-17,17.921124854927864,-2.8323134935143877,0.582338,27,1.5100,59,31,1.903,0.0000,0.0081,0.333,3207,3
2026-03-22T19:23:43.527764,3.7148944754853055e-07,26.64952393002678,-7.973089984083044,0.527765,16,0.5300,106,30,3.533,0.0000,0.0073,0.438,4180,3
2026-03-24T04:20:41.925114,1.4889508787074562e-10,31.72798724611135,-8.781876801115748,0.925115,31,1.5420,59,33,1.788,0.0000,0.0058,0.355,5948,3
2026-03-25T12:39:25.432949,2.723530935661107e-20,-99.96525143081818,-7.292369771589127,0.432949,28,1.2580,74,32,2.312,0.0000,0.0064,0.429,3616,3
2026-03-27T09:07:59.982833,1.0032528498635502e-12,132.4294727000792,0.11364391450794098,0.982834,27,1.3940,48,34,1.412,0.0370,0.0079,0.407,3563,3
2026-03-27T12:23:38.503991,2.4602304848883934e-39,88.5640979300627,-3.241765683360269,0.503991,44,1.5980,53,33,1.621,0.0000,0.0099,0.386,3042,3
2026-03-27T22:01:42.086513,1.5267226830334995e-16,-69.6142327915318,2.7232698839985554,0.086514,27,1.2930,52,33,1.576,0.0741,0.0124,0.370,2892,3
2026-03-28T09:20:48.365199,1.4844659518914513e-10,119.93758676700652,1.1843837284013945,0.365200,26,1.6569,50,35,1.443,0.0000,0.0093,0.500,3342,3
2026-03-28T11:03:26.096957,3.2682148061618754e-12,112.5363036339609,-9.07180763432327,0.096957,26,1.3910,70,34,2.059,0.0000,0.0104,0.385,3177,3
2026-03-28T19:36:59.554486,5.706887448053845e-22,95.56504471872876,-22.910154838009298,0.554487,80,2.8240,16,31,0.516,0.0000,0.0088,0.950,3672,3
2026-03-28T20:37:56.239273,1.311746529927947e-08,-56.42230353722459,3.2044715676147355,0.239273,22,1.2800,49,36,1.375,0.0000,0.0113,0.409,2692,3
2026-03-29T16:12:22.664175,3.8740433610982067e-28,43.13084145200557,-17.034280960310642,0.664176,39,1.6730,54,31,1.742,0.0000,0.0085,0.487,3706,3
2026-03-29T20:50:11.292025,8.038172663263468e-14,-70.57399340890177,5.248784378928477,0.292025,28,1.6830,55,34,1.632,0.0000,0.0099,0.464,2832,3
2026-03-29T20:50:17.092845,8.457547258462413e-30,-70.28206903185382,5.076113482042816,0.092846,37,1.2210,57,33,1.727,0.0270,0.0109,0.486,2850,3
2026-03-30T03:30:28.061734,8.878615531171237e-15,-130.40011589716565,-16.791578808132,0.061735,24,1.7450,94,35,2.700,0.0000,0.0091,0.458,3732,3
2026-03-30T15:50:34.907890,6.345471987122259e-16,-86.2149907864188,29.061047527836827,0.907890,24,1.1540,46,32,1.438,0.0000,0.0062,0.417,4006,3
2026-03-31T08:21:15.514190,8.950297513015682e-23,104.00812477978805,6.248858783161887,0.514190,33,1.4150,59,35,1.686,0.0000,0.0089,0.455,3273,3
2026-03-31T14:52:16.116198,2.394739517485067e-41,15.493060839789687,0.05901801641224877,0.116198,48,1.7390,63,34,1.868,0.0000,0.0098,0.458,2795,3
2026-03-31T14:59:03.663797,7.163992847911281e-47,36.143658547320335,-11.927504539594239,0.663797,53,1.3880,44,33,1.333,0.0000,0.0096,0.491,3031,3
2026-04-01T15:10:36.743014,5.405943827760875e-32,19.75914592727034,-8.806708726031713,0.743015,40,0.8970,93,31,3.000,0.0000,0.0104,0.375,3325,3
2026-04-02T08:47:09.264360,7.029469790501097e-59,79.96403308930216,7.763593992038286,0.264360,60,1.9010,91,33,2.758,0.0000,0.0089,0.383,3380,3
2026-04-02T09:27:32.306128,7.392742091914627e-12,-138.51804202383272,-20.571352623457617,0.306128,23,0.9660,68,32,2.125,0.0000,0.0077,0.435,3644,3
2026-04-03T13:57:43.041559,2.465517978167213e-17,14.710204793108247,-3.9446818773535646,0.041560,28,1.5060,46,33,1.394,0.0000,0.0105,0.429,2813,3
2026-04-03T17:51:52.443195,1.1419560724244537e-07,108.40450014689361,-10.524351500566652,0.443196,25,1.7580,61,30,2.033,0.0400,0.0098,0.400,3254,3
2026-04-03T19:31:58.552676,5.824813516652296e-13,93.5138158859953,-4.890343670941511,0.552676,25,1.3960,65,31,2.097,0.0000,0.0091,0.400,3586,3
2026-04-03T19:35:49.616787,4.186055424349539e-18,105.08479877505339,2.0711496722174254,0.616787,29,1.6750,56,31,1.806,0.0000,0.0088,0.414,3576,3
2026-04-07T15:30:44.340250,6.420350748659981e-19,112.48337727485213,-11.879577813846286,0.340250,22,0.2220,58,29,2.017,0.0000,0.0091,0.409,3504,3
2026-04-07T17:14:30.133741,6.296152444756814e-09,108.68825798459076,0.2742353863919863,0.133741,26,1.2260,58,29,2.000,0.0000,0.0086,0.423,3604,3
2026-04-08T12:35:26.001699,1.6021970280432475e-76,166.8653869549595,-2.8948427499076885,0.001700,77,1.0600,78,29,2.690,0.0000,0.0085,0.390,3601,3
2026-04-13T15:21:03.226393,4.938172399301323e-26,94.60015028181047,0.7200965175746568,0.226394,37,1.4700,57,31,1.839,0.0541,0.0073,0.432,4023,3
2026-04-17T02:30:02.357891,6.5641073748958214e-43,79.60084085280421,0.642004374304188,0.357892,45,1.7140,52,34,1.529,0.0000,0.0103,0.378,2916,3
2026-04-17T18:51:02.157486,7.89948898706452e-06,-129.62370594314936,-19.65018870672938,0.157487,23,1.2700,38,40,0.950,0.0000,0.0075,0.478,3467,3
2026-04-18T08:40:49.849774,2.5529565785065864e-11,-137.4003088174308,26.549985691011745,0.849774,70,2.9860,16,30,0.533,0.0000,0.0104,0.900,4000,3
2026-04-19T03:05:26.354134,1.278646439347337e-27,84.94254552912463,-14.581236794998974,0.354135,33,1.8760,105,30,3.500,0.0000,0.0087,0.364,3580,3
2026-04-20T08:42:38.639962,4.558868461448009e-06,120.99196858211083,-12.187421750455353,0.639962,22,1.3560,60,31,1.952,0.0455,0.0104,0.545,3113,3
2026-04-20T10:22:28.300978,1.8667692941475374e-20,105.3491513356492,-7.13661768695859,0.300978,20,0.0910,88,32,2.750,0.0000,0.0098,0.450,3060,3
2026-04-20T22:33:31.854719,2.2434774062583858e-38,113.33875094838987,-0.8229662114757913,0.854720,36,1.3540,87,32,2.734,0.0000,0.0059,0.361,3543,3
2026-04-23T13:31:33.773135,5.313256476671261e-18,-132.3978489900065,0.3247049568037198,0.773135,29,1.6080,56,34,1.647,0.0000,0.0098,0.448,3681,3
2026-04-24T08:02:02.628051,4.846045009924467e-09,112.08580086145878,-7.064609085715162,0.628052,31,1.6140,93,29,3.207,0.0000,0.0073,0.452,3438,3
2026-04-25T05:01:52.178592,6.534216227676051e-18,151.6601555135685,-6.56958075341349,0.178593,27,0.9159,56,32,1.750,0.0000,0.0122,0.556,3198,3
2026-04-26T11:48:25.478872,6.674577213662857e-08,59.16950890456959,3.6582725938454623,0.478872,19,0.8230,127,38,3.342,0.0000,0.0072,0.368,4542,3
2026-04-28T12:08:57.652239,1.23134306356557e-10,19.438031224849624,-7.301359147753188,0.652240,26,1.3510,75,48,1.573,0.0000,0.0066,0.385,5026,3
2026-04-28T12:11:34.270444,1.412486278373567e-23,27.322498810198475,-2.638115215023784,0.270445,44,1.9370,80,46,1.750,0.0000,0.0062,0.409,4896,3
2026-04-29T15:42:55.117875,3.2994511236760535e-14,-20.014367942009983,5.054897859914552,0.117876,32,1.6450,45,45,1.000,0.0000,0.0056,0.500,4632,3
2026-04-29T19:37:36.013296,3.847008855169308e-12,75.49595109018681,8.469677564157053,0.013296,27,1.3120,55,30,1.833,0.0000,0.0082,0.444,3782,3
2026-04-30T11:55:06.536062,1.3101529432846674e-14,-145.5996964912266,-7.008880253263347,0.536062,32,1.5770,63,33,1.909,0.0000,0.0083,0.375,4278,3
2026-04-30T13:38:57.820279,4.403815120989157e-12,-148.18115837608713,-18.401917687208236,0.820279,28,1.7640,73,35,2.086,0.0000,0.0074,0.536,4190,3
2026-04-30T18:18:25.064903,2.144595603330464e-36,102.78982977151539,0.6119439826322036,0.064903,44,1.4560,94,31,3.032,0.0000,0.0075,0.409,3744,3
2026-05-02T05:39:51.954228,6.634577695323887e-06,-112.20686333077988,17.71305936895056,0.954229,39,1.8120,27,29,0.931,0.0000,0.0076,0.769,4544,3
2026-05-02T05:39:51.975592,2.5267699246794483e-10,-112.20567855032623,17.712530498611788,0.975593,102,3.7610,25,29,0.862,0.0098,0.0073,0.716,4513,3
2026-05-04T09:31:19.403077,1.2668980698849282e-08,-148.66639689725747,-1.2366470582976832,0.403077,49,1.9620,47,37,1.270,0.0000,0.0077,0.388,4538,3
2026-05-04T09:31:19.421249,1.5615441839120855e-08,-148.66548953160333,-1.2371950887747425,0.421250,72,2.7010,52,37,1.419,0.0000,0.0075,0.389,4522,3
2026-05-04T10:18:37.826999,8.038907668127799e-17,15.547377411214876,-0.8355073299046534,0.826999,38,1.6570,88,45,1.956,0.0000,0.0054,0.368,5206,3
2026-05-04T15:51:35.698861,9.84334645350374e-25,90.41243136692304,11.64816376201893,0.698861,34,1.2950,61,33,1.864,0.0000,0.0084,0.441,3514,3
2026-05-06T09:08:53.434403,1.493789516808194e-15,20.535487769952233,0.17185973889902426,0.434403,35,1.6030,51,53,0.962,0.0000,0.0053,0.514,4944,3
2026-05-06T11:45:50.392601,8.953415773297259e-17,-160.05933320044488,-19.61332202741778,0.392601,28,1.4420,76,35,2.171,0.0000,0.0064,0.500,4352,3
2026-05-07T19:05:13.648495,2.3013413523116812e-11,-133.24028853155747,3.3048452483392188,0.648495,20,0.6920,46,35,1.314,0.0500,0.0090,0.550,2992,3
2026-05-08T01:26:50.612298,9.032881937447787e-14,110.04784308748502,-7.3748193418063845,0.612298,24,1.4160,47,33,1.424,0.0000,0.0109,0.417,2842,3
2026-05-08T17:27:31.177371,1.4482842588563767e-10,-163.41798169833024,-20.394253550157394,0.177372,28,1.8270,54,35,1.557,0.0000,0.0074,0.393,3244,3
2026-05-09T03:26:26.402257,4.3177456707412134e-30,103.13125309067959,9.494119629440894,0.402257,42,1.8360,70,38,1.855,0.0238,0.0121,0.452,3276,3
2026-05-10T20:45:44.102796,2.099708234948802e-06,41.702404673297224,-22.63510786509833,0.102797,43,1.8910,16,32,0.500,0.0000,0.0059,0.884,3662,3
2026-05-12T11:13:58.753947,1.0241549123929324e-15,114.94497033822371,5.284044196985935,0.753948,26,1.8000,52,36,1.444,0.0000,0.0082,0.385,3584,3
2026-05-14T12:34:03.832607,1.1944970546302268e-19,-83.69053251280633,3.8031352203528566,0.832608,33,1.5330,44,34,1.294,0.0000,0.0083,0.424,3438,3
2026-05-14T12:34:56.291615,3.7877863324980344e-37,-81.05057925158532,5.371567087547142,0.291615,41,1.8410,53,35,1.514,0.0000,0.0104,0.415,3417,3
2026-05-15T11:09:18.125262,2.7943830598668807e-29,-73.13870248570363,1.7185219979409478,0.125262,43,1.0239,48,36,1.333,0.0000,0.0087,0.442,3396,3
2026-05-15T14:36:15.528913,4.471110142504352e-09,-80.18517203762421,22.757746682045674,0.528913,24,1.6440,47,37,1.270,0.0000,0.0083,0.458,3325,3
2026-05-16T08:55:38.688955,2.525657268557647e-08,128.62322028936967,1.080507764671551,0.688955,22,1.1070,69,32,2.172,0.0000,0.0086,0.364,4054,3
2026-05-17T07:36:14.284699,1.661288954774266e-07,155.28900997599604,-6.490096604859496,0.284699,23,1.1480,60,34,1.765,0.0000,0.0074,0.391,4108,3
2026-05-17T21:15:26.400601,8.238701881328002e-07,112.03919637402582,-1.4021652734745764,0.400601,52,2.5550,16,30,0.533,0.0000,0.0088,0.865,3566,3
2026-05-17T22:52:47.506395,3.8236650262072537e-45,88.7262651175433,-0.5565523979888904,0.506396,55,1.1700,54,33,1.636,0.0000,0.0065,0.418,3853,3
2026-05-20T21:06:03.398919,1.5924816476028755e-11,-89.70424840469975,2.6357038807429554,0.398920,30,1.8280,85,32,2.656,0.0000,0.0091,0.367,3528,3
2026-05-21T09:18:27.292581,6.833157187265174e-18,-77.88360372491077,7.622941263990809,0.292582,36,1.9880,75,34,2.206,0.0000,0.0108,0.528,3253,3
2026-05-21T12:42:54.340249,1.2678192882082437e-06,-92.08278467943096,23.664074356666518,0.340249,22,0.5750,48,32,1.500,0.0000,0.0037,0.455,7954,3
2026-05-21T19:40:04.629965,1.5386641353438042e-19,-82.81880159409212,6.866432867215699,0.629965,27,1.2310,85,32,2.656,0.0000,0.0104,0.407,3315,3
2026-05-21T22:15:51.032380,1.0570954308389426e-22,91.57827866424316,11.6170536132473,0.032381,46,1.8160,74,35,2.114,0.0000,0.0080,0.522,4060,3
2026-05-23T13:15:03.736818,4.2188032637374785e-20,-92.14856590837569,28.24599465802123,0.736818,33,1.7920,52,34,1.529,0.0000,0.0068,0.394,4072,3
2026-05-23T14:58:34.230587,1.0573699308062393e-36,-90.50495543690185,28.535096025767537,0.230587,46,1.4610,49,36,1.361,0.0000,0.0085,0.457,3756,3
2026-05-24T11:23:04.053601,3.352192476856101e-11,-171.30384219799072,-13.641656163709145,0.053602,32,1.5890,16,31,0.516,0.0000,0.0065,0.750,3512,3
2026-05-24T11:46:30.253935,9.297216778201528e-16,-96.89568189018064,24.419505101627678,0.253936,39,1.8840,44,32,1.375,0.0000,0.0065,0.462,4896,3
2026-05-24T13:32:17.445327,3.6913430604593857e-32,-87.05562663113061,29.121520521880395,0.445328,98,2.9670,16,35,0.457,0.0000,0.0085,0.878,3642,3
2026-05-25T06:03:49.373961,5.2594786286176316e-11,104.85275383089883,2.111619846006158,0.373962,23,1.5481,65,32,2.031,0.0000,0.0090,0.391,3703,3
2026-05-25T12:03:47.017744,1.271331860588032e-28,-92.37272883708677,27.755602150008556,0.017744,39,1.4560,63,34,1.853,0.0000,0.0081,0.487,3896,3
2026-05-25T18:15:21.636659,2.8020513885399107e-10,114.13116341850998,6.65198893505892,0.636659,26,1.7180,77,31,2.484,0.0000,0.0078,0.423,3668,3
2026-05-25T18:58:53.669071,2.515269379085314e-15,-92.84297122635975,2.1076944663517625,0.669072,24,1.4010,54,33,1.652,0.0000,0.0095,0.417,3116,3
2026-05-25T19:57:42.468019,4.6237523018790424e-08,106.5278703882069,15.828552274757364,0.468019,19,0.7050,98,33,2.970,0.0000,0.0074,0.421,3942,3
2026-05-26T20:08:18.354422,5.4684466069896344e-18,87.38704702928327,11.518458556164664,0.354423,28,1.6750,65,37,1.757,0.0000,0.0069,0.357,4180,3
2026-05-27T01:39:26.210200,2.520292124202448e-09,156.86795929213366,2.560480713677556,0.210200,37,1.5810,16,36,0.444,0.0000,0.0078,0.865,4460,3
2026-05-27T14:18:00.189104,2.287460850744846e-06,-95.75575110703895,26.552684801044236,0.189104,34,1.1260,35,26,1.346,0.0000,0.0033,0.353,9694,3
2026-05-28T06:00:43.711732,1.5102622408891311e-06,-78.1148823092797,7.872390942548242,0.711733,26,0.8610,84,32,2.625,0.0000,0.0070,0.385,3782,3
2026-05-28T09:24:18.145071,4.490951435918707e-15,-95.41263236609007,22.808780722794722,0.145071,40,1.7290,52,33,1.576,0.0000,0.0084,0.375,3995,3
2026-05-28T16:21:41.803194,7.315563310449931e-15,-85.1287989706405,7.812936255310016,0.803195,24,1.4220,53,35,1.529,0.0000,0.0084,0.417,3152,3
2026-05-28T17:16:07.780107,1.3236450806643461e-06,100.4849532131905,2.9141295626179278,0.780107,21,1.1540,42,30,1.400,0.0000,0.0084,0.381,3920,3
2026-05-31T17:58:03.927716,2.2840233336892033e-17,75.14477109604518,6.884493130147355,0.927716,37,1.8330,71,37,1.919,0.0000,0.0075,0.459,4214,3
2026-06-01T22:11:50.248606,1.4693213108832346e-20,177.67236391062198,-3.929083607251362,0.248606,58,1.9610,16,36,0.444,0.0000,0.0063,0.897,3880,3
2026-06-02T23:46:07.161688,3.1537967778054402e-24,92.26351211270918,22.166074855496586,0.161689,33,1.2610,67,36,1.861,0.0303,0.0097,0.424,3760,3
2026-06-04T04:23:24.969219,3.2452870100490984e-36,-91.55045612498256,14.311891722509108,0.969219,51,1.5570,79,31,2.548,0.0000,0.0081,0.353,4115,3
2026-06-05T19:51:45.947405,4.19320251470481e-09,-173.28598512840517,-5.318346929029565,0.947406,28,1.6330,56,37,1.527,0.0000,0.0112,0.429,3666,3
2026-06-06T19:48:19.423713,4.319121824836108e-08,123.5123162002598,22.224264922821387,0.423714,30,1.2550,45,38,1.197,0.0000,0.0090,0.400,4058,3
2026-06-06T23:06:54.505401,1.5985764251089077e-11,90.38945421883804,15.403317960668542,0.505401,22,1.2570,69,33,2.091,0.0000,0.0084,0.364,3588,3
2026-06-07T23:23:27.718647,2.2193537346509597e-10,90.24929975168352,9.895098548327814,0.718647,17,1.0040,72,33,2.182,0.0000,0.0093,0.353,3539,3
2026-06-08T13:24:54.212168,4.0834517038985144e-10,116.0804381762646,20.52623899817801,0.212169,26,1.2590,83,35,2.371,0.0000,0.0093,0.423,3614,3
2026-06-09T02:13:11.066412,4.679884387340568e-11,-103.65369489331138,10.004285411693377,0.066413,16,0.5561,107,30,3.583,0.0000,0.0075,0.438,4186,3
2026-06-09T16:41:56.080853,4.06225710483134e-08,24.21756268250561,4.3918664898880655,0.080854,30,1.6510,64,50,1.290,0.0000,0.0072,0.467,4936,3
2026-06-11T02:48:05.294085,3.68495676818937e-09,-97.01122525410811,22.687507535368322,0.294086,30,1.6520,43,32,1.344,0.0000,0.0072,0.367,4139,3
2026-06-11T21:02:15.644285,4.1940999504474377e-50,96.0394793379395,10.408066955226193,0.644285,58,1.8409,73,32,2.297,0.0000,0.0094,0.362,3600,3
2026-06-12T16:14:46.064347,2.6757774749630553e-29,125.64145017626214,24.70875936862775,0.064348,39,1.7720,74,33,2.242,0.0000,0.0068,0.410,4653,3
2026-06-12T17:57:06.127273,5.7504875660783104e-11,120.01318508618805,17.80470137329075,0.127273,24,1.1140,65,34,1.912,0.0000,0.0077,0.458,4150,3
2026-06-14T21:02:49.587485,3.0995991018684493e-07,-75.39408960942532,6.277190414005917,0.587485,24,1.6040,68,34,2.015,0.0000,0.0096,0.458,3445,3
2026-06-15T00:58:57.367056,3.267716789387648e-06,24.69296925252852,4.5949536006684735,0.367056,13,0.4270,101,30,3.367,0.0000,0.0074,0.538,3512,3
2026-06-15T07:24:43.219169,7.260897610767649e-17,-79.47731858303588,7.713856984103585,0.219169,30,1.4220,46,31,1.484,0.0000,0.0104,0.433,3414,3
2026-06-16T05:52:26.475265,5.178435942030642e-19,-93.30840845696792,21.20662965622983,0.475266,34,1.8400,42,33,1.273,0.0000,0.0082,0.441,3712,3
2026-06-16T07:41:25.060720,2.300673269778036e-18,-79.60881252186684,1.4677405872995501,0.060721,30,1.0200,95,27,3.519,0.0000,0.0064,0.400,4548,3
2026-06-16T17:14:21.812268,1.3927519466452322e-06,106.35617541464379,15.805815257737493,0.812269,28,1.5680,61,33,1.848,0.0000,0.0073,0.429,4358,3
2026-06-17T02:45:12.643451,2.1745082800365004e-11,-79.22560822258761,27.71202118407231,0.643452,24,1.3060,50,35,1.429,0.0000,0.0087,0.375,3548,3
2026-06-18T02:56:33.272888,1.9571557046216604e-20,-97.20433661448286,28.618435759003003,0.272888,33,1.2230,48,36,1.333,0.0000,0.0073,0.364,3898,3
2026-06-18T07:36:06.809917,1.0720638122867721e-32,145.3157252671398,24.67712776385518,0.809918,41,1.9260,52,36,1.444,0.0000,0.0095,0.366,3148,3
2026-06-18T10:47:33.374234,7.148957439013462e-22,87.53146849139334,22.039765984699507,0.374234,42,1.8480,50,40,1.250,0.0000,0.0082,0.405,4370,3
2026-06-19T05:59:12.539942,6.965544829452738e-11,115.7695909771127,4.755913808434208,0.539943,20,0.7850,68,34,2.015,0.0000,0.0106,0.450,3077,3
2026-06-20T06:42:02.148033,2.27190619729785e-33,-147.5491028379193,24.922375079932205,0.148034,69,2.1820,17,34,0.500,0.0000,0.0091,0.928,3942,3
2026-06-21T09:52:16.633473,1.6339292338295264e-11,87.390591951034,24.340072668558538,0.633474,31,1.6030,83,42,1.976,0.0000,0.0078,0.419,4221,3
2026-06-24T14:12:28.404133,8.326466996748866e-15,105.16320374144102,10.625636103593907,0.404133,29,1.6840,44,34,1.294,0.0000,0.0072,0.448,3814,3
2026-06-24T23:42:27.774960,1.8616313546087956e-13,-81.67312644249883,26.010034299912988,0.774961,29,1.4080,52,37,1.405,0.0000,0.0085,0.379,3408,3
2026-06-25T12:55:25.906199,2.734537746483341e-26,139.3621064215748,-1.2158172724377367,0.906200,43,1.4850,50,35,1.429,0.0000,0.0073,0.488,3861,3
2026-06-26T15:38:03.381514,2.537565175994315e-10,-76.10011390278486,8.47432013162311,0.381514,21,1.2180,83,36,2.306,0.0000,0.0084,0.429,3216,3
2026-06-28T03:33:40.047719,1.5872212256680813e-12,-171.18792222537706,27.59895846245289,0.047719,29,1.6940,58,33,1.758,0.0000,0.0061,0.345,3773,3
2026-06-28T11:54:48.787304,3.200661365459758e-43,122.17089804113866,4.739589555573281,0.787305,49,1.0310,46,36,1.278,0.0000,0.0072,0.388,3742,3
2026-06-30T10:30:56.584235,5.364688554333351e-06,81.52570592066422,24.79464777519725,0.584235,17,0.3910,78,41,1.902,0.0000,0.0100,0.471,3636,3
2026-06-30T10:43:52.754500,1.498909738534068e-35,124.29481403109932,5.480755604729971,0.754501,42,1.9650,54,36,1.514,0.0000,0.0081,0.405,3658,3
2026-06-30T21:45:04.602639,1.2116127358981812e-29,-106.72091242399232,27.96041572539796,0.602639,43,1.7540,55,32,1.719,0.0000,0.0072,0.395,4120,3
2026-07-01T17:24:18.006519,1.8825377540994806e-24,13.973101995926845,5.954884518539162,0.006519,32,1.0690,54,33,1.652,0.0000,0.0090,0.344,3124,3
2026-07-02T09:22:09.643261,3.661927199424408e-41,91.25850489044247,22.869164388326435,0.643261,51,1.3970,60,40,1.500,0.0000,0.0077,0.353,3712,3
2026-07-03T13:58:28.763060,9.740945527861564e-10,-95.22453709513374,11.853542391742545,0.763061,26,0.8121,120,30,4.017,0.0000,0.0071,0.385,4070,3
2026-07-04T02:59:38.746111,7.336454701791922e-16,87.31808552821023,21.13412620602284,0.746112,31,1.1300,42,38,1.105,0.0000,0.0080,0.484,4126,3
2026-07-04T06:33:34.358826,4.629443000746045e-13,115.15157118303314,24.182456389973023,0.358827,27,1.4700,46,43,1.070,0.0370,0.0085,0.444,3641,3
2026-07-05T18:01:46.561706,8.667428172068608e-08,-80.0749463135554,26.99103014082602,0.561706,20,0.9040,57,36,1.597,0.0000,0.0093,0.450,3263,3
2026-07-07T09:57:23.311785,2.2542980080674894e-08,-73.23346655610528,6.523763928644494,0.311786,22,0.8170,48,31,1.548,0.0000,0.0082,0.455,3736,3
2026-07-07T13:52:46.451020,3.835964357636823e-16,24.515923881719377,5.725327494828198,0.451020,27,0.7730,76,34,2.235,0.0000,0.0100,0.407,2892,3
2026-07-09T05:51:06.539381,2.0920212098127265e-09,42.34054618195182,28.699631750605253,0.539382,39,1.5390,17,35,0.486,0.0000,0.0085,0.769,4096,3
2026-07-09T15:37:25.944213,9.938067236406798e-12,-85.76066064579314,28.707637979077084,0.944214,27,1.7190,58,35,1.657,0.0000,0.0080,0.481,3522,3
2026-07-12T00:14:17.701003,4.768589896554563e-15,153.0309411353074,24.293286046213023,0.701003,25,1.1900,105,34,3.088,0.0000,0.0060,0.400,4253,3
2026-07-12T06:12:00.339253,1.065908868549471e-12,-53.92021669178823,5.633438275965606,0.339253,73,3.1080,16,33,0.485,0.0137,0.0089,0.890,3664,3
2026-07-13T19:33:12.126600,1.06466474300701e-06,140.8893957574955,24.966862481866247,0.126600,24,1.1250,69,36,1.931,0.0000,0.0092,0.500,3270,3
2026-07-17T05:39:51.183288,1.03220099531843e-10,-85.53421331411768,3.8355097165483056,0.183289,24,1.7850,80,31,2.581,0.0000,0.0083,0.542,3928,3
2026-07-17T16:56:11.147553,1.521546534487758e-26,96.0691769855738,0.5717094120568277,0.147554,35,0.9690,53,32,1.656,0.0000,0.0084,0.371,3887,3
2026-07-19T02:01:37.212436,2.6952745621213782e-06,128.03823895696576,0.3185486979699546,0.212437,16,0.4400,59,34,1.750,0.0000,0.0079,0.438,3732,3
2026-07-19T20:54:56.864823,1.7591983324663147e-08,87.88877401837296,27.38317135960541,0.864824,22,0.8660,64,36,1.778,0.0000,0.0068,0.409,4754,3
2026-07-20T04:44:58.583334,1.5516048710626437e-62,-84.98160788783962,8.409529598144152,0.583334,96,2.5139,103,32,3.234,0.0000,0.0084,0.438,3890,3
2026-07-25T00:04:00.723653,2.3399584524391397e-13,105.55692498552894,5.09894628716495,0.723653,28,1.3800,72,32,2.250,0.0000,0.0075,0.393,3954,3
2026-07-25T17:18:22.687592,1.2646102976598075e-20,80.34050885740588,22.935672270180987,0.687592,38,1.8950,47,38,1.250,0.0263,0.0076,0.421,4685,3
2026-07-25T22:28:29.835500,7.091851524753796e-08,81.25754734693942,23.288486986097812,0.835500,22,1.0940,54,32,1.688,0.0000,0.0079,0.545,4380,3
2026-07-26T04:32:13.287428,6.478554364807044e-22,-107.35738487545753,17.135859127242398,0.287428,34,1.6330,67,30,2.250,0.0000,0.0074,0.382,4523,3
2026-07-26T18:57:16.536540,1.2488634878671325e-08,8.772556011174897,5.732418351661039,0.536541,27,1.1360,71,49,1.449,0.0000,0.0056,0.481,5756,3
2026-07-28T10:26:46.036997,2.9656970084128736e-20,-68.26726938468335,1.2625433691749903,0.036997,29,1.0550,93,30,3.100,0.0345,0.0070,0.483,3596,3
2026-07-29T09:51:42.475010,1.42613395198534e-17,113.9889842858006,-0.918093368240824,0.475011,31,1.8740,73,35,2.086,0.0000,0.0131,0.613,2865,3
2026-07-30T16:36:28.554691,2.307302805932076e-11,16.980135923091847,6.554664995305215,0.554691,39,1.8870,73,53,1.377,0.0000,0.0056,0.410,5468,3
2026-08-01T12:42:56.870472,5.629525969710383e-06,-177.8136737698927,22.44409861735829,0.870472,20,0.8700,75,34,2.206,0.0000,0.0070,0.500,4570,3
2026-08-02T08:16:26.291646,3.054068711449472e-13,-78.66614054426384,5.186256108245955,0.291646,29,1.5050,79,30,2.633,0.0000,0.0083,0.552,3681,3
2026-08-02T13:59:19.656072,4.005813100614818e-12,26.186638931017253,1.63840065011942,0.656072,27,1.4010,48,48,1.000,0.0000,0.0055,0.519,5220,3
2026-08-05T22:56:28.097670,7.677743930879753e-13,-86.08345946707333,22.994043688582305,0.097671,31,1.5030,59,37,1.595,0.0000,0.0095,0.387,3436,3
2026-08-06T01:01:22.988680,2.023184114000678e-11,-7.33671714653434,10.682101892527797,0.988680,18,0.3470,126,31,4.081,0.0000,0.0091,0.389,3518,3
2026-08-06T05:52:36.357160,1.4643605390764391e-08,-79.59773025873919,9.650162796284732,0.357161,32,1.8120,79,30,2.633,0.0312,0.0096,0.375,3652,3
2026-08-07T21:46:36.280548,5.00415088123541e-23,-79.78155092401563,23.90435049245474,0.280549,36,1.8940,53,37,1.432,0.0000,0.0100,0.389,3496,3
2026-08-08T05:44:01.255259,1.5559373795807358e-33,132.99473737930887,14.311657198261354,0.255260,45,1.0450,55,34,1.618,0.0222,0.0100,0.422,3009,3
2026-08-08T20:13:44.364118,9.712955125335033e-41,-96.14558710838861,10.766747581330337,0.364119,46,1.2870,48,35,1.371,0.0000,0.0065,0.413,3698,3
2026-08-08T22:29:41.339922,2.0939979393235597e-14,18.51715151546554,5.908989874155918,0.339922,29,1.5320,66,31,2.129,0.0000,0.0076,0.517,3759,3
2026-08-09T04:56:10.225795,1.6563701443724446e-09,-83.40452595382298,7.703125199591093,0.225796,30,1.3870,86,30,2.883,0.0333,0.0079,0.600,3932,3
2026-08-10T06:49:46.833805,3.0485989861552427e-16,-107.78965385777299,1.195669300505148,0.833805,32,1.7150,51,31,1.645,0.0000,0.0066,0.469,3806,3
2026-08-10T20:51:02.458904,3.0589162338239223e-15,-79.60720586451602,25.89943509139653,0.458905,26,1.5520,86,37,2.338,0.0000,0.0104,0.577,3542,3
2026-08-11T21:00:17.960897,6.449396483142424e-20,-104.19815688808737,21.742169108632755,0.960897,36,1.7680,63,34,1.853,0.0000,0.0077,0.389,3808,3
2026-08-11T21:32:22.823634,1.4440492849888892e-20,12.052369507689988,5.455133849550014,0.823634,29,1.4949,65,32,2.031,0.0000,0.0088,0.379,3392,3
2026-08-12T19:37:07.388752,7.488150089156829e-09,-88.02121944148219,22.483634905360567,0.388753,26,1.3490,70,36,1.958,0.0000,0.0064,0.500,3617,3
2026-08-13T04:14:43.228915,5.561544683096985e-31,-92.17096261957938,2.3156158337677994,0.228916,36,1.8540,57,31,1.839,0.0000,0.0086,0.417,3674,3
2026-08-13T05:15:08.848006,6.701096834405755e-08,112.6520113876804,18.164686521049884,0.848006,27,1.6390,59,36,1.639,0.0000,0.0085,0.407,3458,3
2026-08-13T06:51:46.775321,2.8491608014119304e-21,87.13653723976795,17.810310896588085,0.775321,38,1.9150,64,39,1.654,0.0000,0.0061,0.447,3858,3
2026-08-14T17:12:34.795378,2.3528594056846004e-06,27.307043849063003,19.310033953201682,0.795378,27,1.3040,18,33,0.545,0.0000,0.0088,0.852,3230,2
2026-08-15T02:34:06.046949,1.3453169283031732e-14,163.87124390364232,25.94509973192555,0.046949,39,2.1230,59,34,1.735,0.0000,0.0078,0.385,3087,3
2026-08-16T01:07:19.025610,2.4980167924031854e-12,166.92670490128168,22.826101752221525,0.025610,23,1.5440,49,32,1.531,0.0435,0.0081,0.391,3201,3
2026-08-16T01:34:32.359421,2.9802145383284386e-14,-92.20781197563144,12.349883875824277,0.359421,29,1.0910,54,33,1.636,0.0000,0.0078,0.379,3380,3
2026-08-18T20:11:12.634015,4.865960929600817e-10,54.92990637287565,-26.49562996906562,0.634016,107,4.2560,28,32,0.875,0.0000,0.0053,0.393,4134,3
2026-08-19T16:25:49.347422,1.562127796082964e-23,-59.473719350700634,28.667115351389004,0.347422,34,1.5630,55,32,1.719,0.0000,0.0063,0.441,3719,3
2026-08-20T13:07:43.819760,2.506570083552295e-35,-81.5839676419785,7.42863377994851,0.819761,48,1.8670,80,33,2.439,0.0000,0.0109,0.396,3592,3
2026-08-20T17:03:57.955350,5.132716700407454e-35,18.79105932480713,3.2413277289373807,0.955351,42,1.7210,70,34,2.059,0.0000,0.0102,0.429,2899,3
2026-08-21T16:52:13.962415,9.88616304073513e-07,-79.82306267460895,28.74731630102957,0.962416,22,0.8680,58,37,1.581,0.0000,0.0079,0.364,3545,3
2026-08-22T05:55:11.755019,8.273109191742422e-17,114.07413202446254,27.07415056593116,0.755019,35,1.3290,80,42,1.905,0.0000,0.0066,0.543,3946,3
2026-08-22T17:16:32.165530,1.5406980881378346e-13,-46.7784153371133,24.153216651548952,0.165531,23,1.3780,68,35,1.943,0.0000,0.0071,0.348,2966,3
2026-08-23T15:42:07.770130,6.287710573209898e-06,-74.00501715626974,28.915314351362547,0.770131,20,1.4100,42,36,1.167,0.0000,0.0083,0.350,3544,3
2026-08-24T22:04:00.125343,3.51701405938176e-12,110.96285470623538,6.658151160624114,0.125343,17,0.6780,68,32,2.125,0.0000,0.0072,0.471,3599,3
2026-08-24T23:48:40.549292,2.883204700399969e-08,111.17936285608806,19.327912554305563,0.549292,22,1.2760,56,36,1.569,0.0455,0.0076,0.500,3864,3
