date,start,stop,duration,count,false_positive_per_year,longitude,latitude,altitude,tier,associated,coincidence_probability,neighbors_10min,n,n_acd,n_acd_multi,n_bg,n_acd_bg,n,n_acd,n_acd_multi,n_bg,n_acd_bg,det_share_max
20170703,2017-07-03T11:00:00.000097990Z,2017-07-03T11:00:00.008868008Z,0.008770018,24,2.616765527539987e-8,123.1144,11.4318,541195.6,direct,0,7.556777395295467e-4,20,140,8,2,902,57,140,8,2,902,57,0.100
20170703,2017-07-03T11:00:00.027590006Z,2017-07-03T11:00:00.030797988Z,0.003207982,22,5.776429534282021e-7,123.1156,11.4329,541195.5,direct,0,7.556777313334973e-4,20,49,2,0,854,56,49,2,0,854,56,0.122
20170703,2017-07-03T11:00:00.046436011Z,2017-07-03T11:00:00.050781995Z,0.004345984,20,3.916659460441816e-6,123.1165,11.4337,541195.4,direct,0,7.556777313334973e-4,20,64,3,1,855,50,64,3,1,855,50,0.125
20170703,2017-07-03T11:00:00.055224001Z,2017-07-03T11:00:00.058162003Z,0.002938002,19,3.262714308770519e-6,123.1168,11.4341,541195.3,direct,0,7.556777395295467e-4,20,45,6,0,859,44,45,6,0,859,44,0.156
20170703,2017-07-03T11:00:00.059639990Z,2017-07-03T11:00:00.062824010Z,0.003184020,23,1.863329965914442e-8,123.1170,11.4343,541195.3,direct,0,7.556777395295467e-4,20,53,5,5,864,46,53,5,5,864,46,0.151
20170707,2017-07-07T14:04:01.984637975Z,2017-07-07T14:04:01.984957993Z,0.000320018,13,4.54670862986124e-7,178.4677,30.8275,538515.6,direct,0,1.4644373985738873e-3,30,17,6,1,10389,1067,17,6,1,10389,1067,0.235
20170709,2017-07-09T01:59:36.458579987Z,2017-07-09T01:59:36.458983987Z,0.000404000,10,1.870266832361786e-6,199.9813,-8.7264,548335.4,direct,0,0e0,33,14,1,0,8456,1572,14,1,0,8456,1572,0.214
20170709,2017-07-09T14:49:49.642601996Z,2017-07-09T14:49:49.644081979Z,0.001479983,22,2.352564623587917e-6,23.9062,9.7159,544691.2,direct,0,4.917629702483403e-4,17,27,2,2,10156,1047,27,2,2,10156,1047,0.185
20170712,2017-07-12T20:42:18.864825993Z,2017-07-12T20:42:18.864899992Z,0.000073999,13,2.097452186830021e-6,271.4158,6.6381,546391.3,direct,0,4.918656667486272e-4,28,13,4,2,9634,1764,13,4,2,9634,1764,0.231
20170713,2017-07-13T09:49:10.618211984Z,2017-07-13T09:49:10.618227988Z,0.000016004,10,9.004330263915617e-6,167.0645,42.4270,543935.9,direct,0,0e0,21,10,2,2,16206,814,10,2,2,16206,814,0.200
20170714,2017-07-14T07:45:10.053292006Z,2017-07-14T07:45:10.054010003Z,0.000717997,17,1.5544162827309546e-8,109.1937,17.8309,546194.3,direct,0,5.737234652897303e-4,10,25,0,0,14801,1280,25,0,0,14801,1280,0.160
20170716,2017-07-16T20:54:58.032995998Z,2017-07-16T20:54:58.034330010Z,0.001334012,13,6.596030717102463e-7,68.3648,-12.0507,538826.8,direct,0,0e0,27,25,5,4,8421,1507,25,5,4,8421,1507,0.280
20170717,2017-07-17T14:11:41.576621979Z,2017-07-17T14:11:41.577986001Z,0.001364022,20,2.509820414041635e-6,128.9560,19.6921,538086.2,direct,1,2.368989722153922e-3,2,39,1,1,18550,1167,39,1,1,18550,1167,0.179
20170718,2017-07-18T22:08:14.657897979Z,2017-07-18T22:08:14.658089995Z,0.000192016,15,4.533896832064456e-7,26.7917,-2.9584,537045.6,direct,0,1.2294214654536514e-3,7,17,0,0,12166,741,17,0,0,12166,741,0.176
20170720,2017-07-20T08:37:33.524923980Z,2017-07-20T08:37:33.525235980Z,0.000312000,10,9.933637100206634e-6,106.2082,41.2493,549575.7,direct,0,8.196049504139005e-5,30,18,1,0,13584,713,18,1,0,13584,713,0.111
20170724,2017-07-24T01:06:24.930731981Z,2017-07-24T01:06:24.931043982Z,0.000312001,10,4.059766591314575e-6,86.8960,-30.6015,549249.4,direct,0,0e0,25,18,2,0,17089,3128,18,2,0,17089,3128,0.111
20170729,2017-07-29T13:19:47.788447976Z,2017-07-29T13:19:47.789421975Z,0.000973999,18,1.0225134896787356e-7,278.3502,10.4514,543533.2,direct,1,2.5378853618555856e-3,11,31,2,1,14231,897,31,2,1,14231,897,0.097
20170730,2017-07-30T21:48:13.636129975Z,2017-07-30T21:48:13.637839972Z,0.001709997,20,7.696175520273013e-8,303.3294,7.2838,542777.6,direct,0,4.0984488156708466e-4,6,33,4,3,12085,1476,33,4,3,12085,1476,0.152
20170730,2017-07-30T23:21:40.442011982Z,2017-07-30T23:21:40.443383991Z,0.001372009,37,1.2883313029789425e-8,274.0536,12.2016,543486.9,direct,0,6.792038046061798e-3,9,49,5,2,14524,2027,49,5,2,14524,2027,0.122
20170803,2017-08-03T21:07:09.325281977Z,2017-08-03T21:07:09.325513988Z,0.000232011,16,1.15067454403227e-6,276.6530,17.0679,546049.1,direct,1,3.281599868863208e-4,12,18,4,1,15110,1832,18,4,1,15110,1832,0.278
20170804,2017-08-04T23:31:37.148761987Z,2017-08-04T23:31:37.150370001Z,0.001608014,29,3.526844318166319e-7,83.6210,10.2332,539712.5,direct,0,9.835409638554217e-4,4,45,4,1,20195,1402,45,4,1,20195,1402,0.133
20170808,2017-08-08T07:43:48.104348003Z,2017-08-08T07:43:48.105627983Z,0.001279980,20,1.890536462273672e-7,106.3921,1.3919,546511.3,direct,0,1.639386542086714e-3,8,32,5,2,14341,1412,32,5,2,14341,1412,0.156
20170808,2017-08-08T12:28:14.463521987Z,2017-08-08T12:28:14.464389979Z,0.000867992,17,5.3171640617267014e-8,29.2907,5.7804,546276.0,direct,0,1.0661749118924678e-3,8,25,1,0,12515,2005,25,1,0,12515,2005,0.160
20170809,2017-08-09T18:35:54.853305995Z,2017-08-09T18:35:54.854765981Z,0.001459986,21,2.2307291651002746e-7,276.1666,17.2208,547138.9,direct,0,3.579369059913122e-3,15,40,8,2,15442,1874,40,8,2,15442,1874,0.100
20170813,2017-08-13T00:27:46.333815991Z,2017-08-13T00:27:46.334531992Z,0.000716001,17,9.107373238929448e-8,161.8006,21.4221,547166.5,direct,1,4.0980247520695025e-4,7,23,1,0,13640,1502,23,1,0,13640,1502,0.130
20170815,2017-08-15T07:33:16.908431977Z,2017-08-15T07:33:16.909087985Z,0.000656008,23,1.85251046496898e-7,263.2991,16.1680,536712.2,direct,1,4.91886231456438e-3,9,27,6,1,15482,2293,27,6,1,15482,2293,0.148
20170818,2017-08-18T15:38:09.053261995Z,2017-08-18T15:38:09.053889989Z,0.000627994,15,4.7813230655140273e-8,267.2733,13.8557,545044.1,direct,1,5.002335415129907e-3,11,23,0,0,15537,1727,23,0,0,15537,1727,0.130
20170821,2017-08-21T11:13:44.307669997Z,2017-08-21T11:13:44.307729989Z,0.000059992,9,6.701040669711519e-7,140.5951,-9.0884,540871.5,direct,0,0e0,3,10,0,0,12537,1601,10,0,0,12537,1601,0.300
20170822,2017-08-22T04:54:17.534939974Z,2017-08-22T04:54:17.535579979Z,0.000640005,20,8.970156892974562e-8,263.1525,19.8593,537185.0,direct,0,6.236135062699779e-3,8,22,11,2,17040,2609,22,11,2,17040,2609,0.136
20170825,2017-08-25T11:17:08.048729985Z,2017-08-25T11:17:08.049111992Z,0.000382007,22,1.635856479539275e-8,272.4818,25.9233,540807.5,direct,1,6.0689634947955085e-3,13,24,1,0,19002,2888,24,1,0,19002,2888,0.125
20170828,2017-08-28T08:34:51.421038001Z,2017-08-28T08:34:51.421884Z,0.000845999,25,8.683522245954794e-7,140.4916,-4.7669,543355.0,direct,0,6.472369174657815e-3,9,27,3,2,12339,2299,27,3,2,12339,2299,0.185
20170829,2017-08-29T10:45:37.870419979Z,2017-08-29T10:45:37.871975988Z,0.001556009,35,6.205277820290413e-8,272.5606,12.1662,539288.1,direct,1,5.189335144660274e-3,6,43,4,0,14551,1434,43,4,0,14551,1434,0.116
20170830,2017-08-30T08:18:18.937649965Z,2017-08-30T08:18:18.937659978Z,0.000010013,8,3.8235142794293954e-6,137.5606,0.6463,543028.7,direct,0,5.770143758708303e-4,17,8,5,2,8396,1671,8,5,2,8396,1671,0.125
20170831,2017-08-31T16:46:51.973199963Z,2017-08-31T16:46:51.974123984Z,0.000924021,17,2.3843604856417938e-8,162.8499,16.2790,538090.2,direct,0,7.377229653307106e-4,8,24,1,0,13739,1028,24,1,0,13739,1028,0.208
20170831,2017-08-31T16:48:54.808069974Z,2017-08-31T16:48:54.809079974Z,0.001010000,16,5.8727928374223304e-8,168.3273,11.1586,538424.3,direct,1,9.01634562740759e-4,6,25,1,0,13436,1197,25,1,0,13436,1197,0.160
20170904,2017-09-04T06:35:16.003632009Z,2017-09-04T06:35:16.004512012Z,0.000880003,19,1.575702507296767e-8,286.3246,21.2184,536910.3,direct,1,3.803717834603721e-3,9,27,2,0,16306,2462,27,2,0,16306,2462,0.148
20170904,2017-09-04T20:17:24.367641985Z,2017-09-04T20:17:24.369017988Z,0.001376003,36,6.285876784694932e-7,289.6696,7.5539,544517.5,direct,0,1.6402266535529874e-3,11,40,4,0,15763,1207,40,4,0,15763,1207,0.125
20170915,2017-09-15T02:36:11.297807991Z,2017-09-15T02:36:11.299493998Z,0.001686007,19,2.3912934892010075e-8,115.5731,-4.6068,547370.3,direct,0,2.4588148512417015e-4,5,36,10,3,13549,5113,36,10,3,13549,5113,0.139
20170916,2017-09-16T16:50:38.168307989Z,2017-09-16T16:50:38.168626010Z,0.000318021,17,8.686007257280702e-7,266.6720,9.3325,546642.6,direct,0,2.6615934185722483e-3,14,20,1,0,14547,2237,20,1,0,14547,2237,0.200
20170916,2017-09-16T23:50:33.182870Z,2017-09-16T23:50:33.183027982Z,0.000157982,16,5.400004432938451e-7,313.7889,14.4431,538156.0,direct,0,8.234838128022293e-5,12,17,1,0,12368,1934,17,1,0,12368,1934,0.118
20170923,2017-09-23T12:35:05.208333998Z,2017-09-23T12:35:05.209257990Z,0.000923992,19,2.0638004288738418e-8,288.4101,11.0784,544381.9,direct,0,4.264727342021146e-3,8,25,6,0,14816,1734,25,6,0,14816,1734,0.160
20170925,2017-09-25T17:40:54.313835978Z,2017-09-25T17:40:54.315083980Z,0.001248002,18,3.428260307834792e-7,351.6075,12.7852,542593.2,direct,1,4.977558462421113e-3,12,32,6,0,12548,1747,32,6,0,12548,1747,0.156
20170926,2017-09-26T02:36:50.895089983Z,2017-09-26T02:36:50.895355969Z,0.000265986,15,1.3162781044907823e-6,67.3731,16.2959,543808.0,direct,1,1.639594787312515e-4,5,17,0,0,15863,1126,17,0,0,15863,1126,0.176
20170926,2017-09-26T22:22:37.970905989Z,2017-09-26T22:22:37.972075968Z,0.001169979,16,6.687649008355871e-7,287.3727,0.0687,542209.0,direct,1,2.474903532497336e-3,3,31,7,4,13369,2113,31,7,4,13369,2113,0.161
20171003,2017-10-03T15:41:59.797645986Z,2017-10-03T15:41:59.798521965Z,0.000875979,16,7.275837826492433e-6,160.6233,-3.2990,538277.9,direct,0,1.3940457913285795e-3,15,26,6,3,12366,1806,26,6,3,12366,1806,0.154
20171003,2017-10-03T17:17:28.444519996Z,2017-10-03T17:17:28.446149975Z,0.001629979,19,7.134083410253246e-7,136.6086,-3.0352,538163.1,direct,0,1.1474469305794606e-3,6,36,4,0,12144,1971,36,4,0,12144,1971,0.111
20171004,2017-10-04T14:41:45.766595989Z,2017-10-04T14:41:45.768089979Z,0.001493990,18,4.9760887331501126e-8,340.6033,11.3956,546120.9,direct,0,2.4588148512417015e-4,11,30,1,0,12642,1827,30,1,0,12642,1827,0.100
20171005,2017-10-05T04:58:12.357779979Z,2017-10-05T04:58:12.358439981Z,0.000660002,22,1.6558265973590703e-6,117.0079,16.2076,546929.2,direct,0,9.317707040406523e-3,3,27,1,0,19744,928,27,1,0,19744,928,0.185
20171006,2017-10-06T18:32:00.533711999Z,2017-10-06T18:32:00.534819990Z,0.001107991,21,2.4167817118834864e-7,118.8256,15.6224,537824.4,direct,1,6.556839603311204e-4,2,29,1,0,17245,2199,29,1,0,17245,2199,0.172
20171007,2017-10-07T16:50:45.252767980Z,2017-10-07T16:50:45.254000008Z,0.001232028,18,4.899605075672414e-8,149.0741,23.9699,539213.6,direct,0,1.31306710925334e-3,6,32,9,1,13502,2337,32,9,1,13502,2337,0.125
20171011,2017-10-11T04:06:19.016889989Z,2017-10-11T04:06:19.018130004Z,0.001240015,18,3.644931878373878e-7,104.0777,5.0375,546818.7,direct,1,1.5008613474305386e-3,6,32,0,0,14764,747,32,0,0,14764,747,0.156
20171013,2017-10-13T12:31:52.316147983Z,2017-10-13T12:31:52.317052006Z,0.000904023,19,3.457599298445924e-6,141.7153,-5.7530,537783.3,direct,0,2.6235952135070894e-3,4,22,4,2,12521,2198,22,4,2,12521,2198,0.182
20171015,2017-10-15T03:23:02.580983996Z,2017-10-15T03:23:02.582407981Z,0.001423985,23,5.975169843684309e-7,72.6474,19.3422,544905.1,direct,1,2.868856511761331e-3,5,30,3,1,14143,1601,30,3,1,14143,1601,0.100
20171016,2017-10-16T02:37:39.212729990Z,2017-10-16T02:37:39.214435994Z,0.001706004,25,1.2397906087505856e-8,290.8157,10.2487,536058.1,direct,0,3.610354093926727e-3,3,38,11,5,15625,2407,38,11,5,15625,2407,0.132
20171030,2017-10-30T18:33:54.243425995Z,2017-10-30T18:33:54.244652003Z,0.001226008,22,1.509692234581762e-7,112.2313,12.4424,537044.4,direct,0,1.06584446356856e-3,5,35,1,0,18692,1583,35,1,0,18692,1583,0.114
20171101,2017-11-01T12:44:49.505073994Z,2017-11-01T12:44:49.506540Z,0.001466006,34,1.8426743505282653e-6,17.9756,-3.5229,546171.1,direct,0,3.4424478157528073e-3,5,43,7,0,16690,1244,43,7,0,16690,1244,0.140
20171101,2017-11-01T12:45:26.907885968Z,2017-11-01T12:45:26.908255964Z,0.000369996,20,2.6875991019343477e-7,19.5400,-1.9123,545804.2,direct,0,3.3610067699368904e-3,5,22,3,0,16205,1172,22,3,0,16205,1172,0.182
20171104,2017-11-04T10:41:11.504957973Z,2017-11-04T10:41:11.505865991Z,0.000908018,16,3.2945565185342455e-8,30.0520,-3.5142,547044.0,direct,1,2.3768543562003113e-3,7,27,8,2,15599,1129,27,8,2,15599,1129,0.111
20171105,2017-11-05T00:14:43.344431996Z,2017-11-05T00:14:43.345729976Z,0.001297980,23,7.968440790714975e-7,11.1099,-4.0641,537223.3,direct,0,1.3951480288500943e-3,16,32,3,1,13818,1078,32,3,1,13818,1078,0.156
20171105,2017-11-05T01:43:15.355901986Z,2017-11-05T01:43:15.356987982Z,0.001085996,20,4.1715162899082174e-8,329.3840,13.5236,535643.2,direct,0,8.196049504139005e-5,9,27,7,2,13158,2084,27,7,2,13158,2084,0.148
20171107,2017-11-07T15:45:19.007735997Z,2017-11-07T15:45:19.009007990Z,0.001271993,24,3.0681418181904975e-6,109.4627,7.0265,535880.0,direct,0,4.426762322760429e-3,7,32,3,1,16236,1126,32,3,1,16236,1126,0.188
20171109,2017-11-09T15:27:51.733523964Z,2017-11-09T15:27:51.734091967Z,0.000568003,18,1.1351728616717855e-6,104.8700,3.4197,536101.5,direct,1,1.3113679206622408e-3,6,25,3,2,15062,1728,25,3,2,15062,1728,0.160
20171127,2017-11-27T18:58:24.838009983Z,2017-11-27T18:58:24.839331984Z,0.001322001,20,1.2016322580810876e-8,292.0084,6.1033,544407.2,direct,1,1.8858481517908367e-3,5,33,7,3,13151,979,33,7,3,13151,979,0.212
20171202,2017-12-02T05:35:29.454209983Z,2017-12-02T05:35:29.455437988Z,0.001228005,23,3.787390966841243e-6,124.3882,-12.6409,547120.3,direct,0,2.545521703139087e-3,22,27,2,0,10634,1167,27,2,0,10634,1167,0.185
20171211,2017-12-11T15:57:07.813259959Z,2017-12-11T15:57:07.813709974Z,0.000450015,20,3.660914476953137e-7,64.0813,-9.3293,538673.8,direct,1,1.639209900827801e-4,0,25,2,1,24886,1755,25,2,1,24886,1755,0.120
20171223,2017-12-23T00:42:07.382581979Z,2017-12-23T00:42:07.383169978Z,0.000587999,14,2.606409484107455e-6,65.4913,-14.5518,545559.6,direct,0,2.4588148512417015e-4,7,23,2,0,14894,2225,23,2,0,14894,2225,0.130
20171225,2017-12-25T00:49:45.984115958Z,2017-12-25T00:49:45.985465973Z,0.001350015,19,1.292672584555464e-8,164.6794,-35.6543,556670.6,direct,0,7.4490334972543235e-3,7,42,5,1,24584,2281,42,5,1,24584,2281,0.119
20171228,2017-12-28T18:55:03.119435995Z,2017-12-28T18:55:03.120918005Z,0.001482010,24,4.824439930329615e-6,103.3412,-4.0975,538859.9,direct,1,4.924926579788542e-3,8,34,0,0,14815,1286,34,0,0,14815,1286,0.118
20171230,2017-12-30T01:45:58.256962001Z,2017-12-30T01:45:58.258125990Z,0.001163989,25,4.959563878314517e-7,147.2341,-18.3373,550708.1,direct,0,4.918684206212606e-4,9,37,3,1,15445,3308,37,3,1,15445,3308,0.135
20171231,2017-12-31T16:47:02.923377960Z,2017-12-31T16:47:02.924941956Z,0.001563996,22,2.2436120563903696e-8,104.8726,6.7688,535943.1,direct,0,2.241518900090157e-3,5,40,1,0,16233,1152,40,1,0,16233,1152,0.125
20180102,2018-01-02T14:53:02.607111990Z,2018-01-02T14:53:02.607571989Z,0.000459999,17,6.018464017587526e-7,121.8621,5.9341,535696.0,direct,1,8.196049504139005e-5,3,26,0,0,18977,1120,26,0,0,18977,1120,0.154
20180105,2018-01-05T09:43:14.710413962Z,2018-01-05T09:43:14.710441976Z,0.000028014,11,7.580722245611315e-6,194.4923,-6.3649,537048.5,direct,0,0e0,7,11,3,2,14171,2461,11,3,2,14171,2461,0.182
20180125,2018-01-25T16:46:03.078336Z,2018-01-25T16:46:03.079582005Z,0.001246005,29,4.378984970259849e-7,117.2754,-12.3193,539144.7,direct,0,4.917629702483403e-4,10,38,8,3,13816,2455,38,8,3,13816,2455,0.158
20180128,2018-01-28T14:39:30.561807990Z,2018-01-28T14:39:30.562623977Z,0.000815987,13,2.1559863593485053e-6,122.0815,-18.9431,539855.8,direct,1,3.614196516678961e-3,16,27,6,1,15657,2761,27,6,1,15657,2761,0.148
20180205,2018-02-05T18:10:08.906195968Z,2018-02-05T18:10:08.907091975Z,0.000896007,23,9.203204129625492e-6,18.4279,-17.6108,540498.4,direct,0,3.0686766494549627e-3,1,31,1,1,19741,1995,31,1,1,19741,1995,0.129
20180212,2018-02-12T12:18:33.096083998Z,2018-02-12T12:18:33.096643984Z,0.000559986,22,2.893343260573589e-8,65.8039,-15.0170,543012.4,direct,1,2.45967355134825e-4,1,29,6,1,29049,2962,29,6,1,29049,2962,0.138
20180214,2018-02-14T22:34:06.685393989Z,2018-02-14T22:34:06.686325967Z,0.000931978,19,4.380505434469691e-8,118.7409,-22.2924,550733.1,direct,1,1.6566422096549462e-3,9,33,1,0,18707,1835,33,1,0,18707,1835,0.121
20180218,2018-02-18T20:19:57.843235969Z,2018-02-18T20:19:57.844543963Z,0.001307994,24,1.6484536209720434e-7,124.7408,-20.6156,548160.1,direct,0,1.559875387263339e-3,10,35,1,0,18159,1020,35,1,0,18159,1020,0.171
20180220,2018-02-20T16:42:48.179473996Z,2018-02-20T16:42:48.180065989Z,0.000591993,18,4.626259763806982e-7,145.6222,-2.0498,540331.5,direct,0,3.8705070977788705e-3,5,28,5,3,21298,1685,28,5,3,21298,1685,0.179
20180221,2018-02-21T16:35:49.921173959Z,2018-02-21T16:35:49.921805977Z,0.000632018,19,5.4176439221934463e-8,148.0343,-8.6134,541704.9,direct,1,1.1622173838209983e-3,4,25,4,3,19910,1936,25,4,3,19910,1936,0.120
20180228,2018-02-28T15:26:49.479363977Z,2018-02-28T15:26:49.480307996Z,0.000944019,21,2.6506413546855795e-8,113.7467,-2.5366,536643.5,direct,0,4.349504704532416e-3,11,30,3,0,16060,1675,30,3,0,16060,1675,0.133
20180228,2018-02-28T15:28:04.169072002Z,2018-02-28T15:28:04.169167995Z,0.000095993,16,7.181398266275135e-6,116.8903,-5.7553,537345.3,direct,0,5.086154847963282e-3,11,16,2,0,16160,1723,16,2,0,16160,1723,0.250
20180303,2018-03-03T03:00:50.127303987Z,2018-03-03T03:00:50.128307998Z,0.001004011,18,1.241621170134772e-6,98.0557,-3.2170,547401.5,direct,1,3.690679272190804e-3,4,32,0,0,20129,840,32,0,0,20129,840,0.125
20180304,2018-03-04T19:40:45.960215985Z,2018-03-04T19:40:45.961067974Z,0.000851989,17,3.349555323195335e-6,40.3171,-17.6080,539377.4,direct,0,7.37727620686829e-4,12,25,2,0,15920,2885,25,2,0,15920,2885,0.120
20180304,2018-03-04T21:21:45.706703990Z,2018-03-04T21:21:45.706989973Z,0.000285983,21,3.3661949790943486e-6,33.3872,-30.3099,544766.5,direct,0,5.737234652897303e-4,8,24,2,0,22670,1615,24,2,0,22670,1615,0.125
20180307,2018-03-07T03:52:17.989111959Z,2018-03-07T03:52:17.990267962Z,0.001156003,21,5.393218439852833e-6,42.5311,-17.7838,548989.6,direct,0,1.3113679206622408e-3,6,40,3,2,23419,1657,40,3,2,23419,1657,0.125
20180307,2018-03-07T19:03:38.106709986Z,2018-03-07T19:03:38.108518004Z,0.001808018,30,1.146939356409442e-8,6.0933,4.2110,535676.1,direct,0,1.2295153839849192e-3,10,42,4,1,14048,942,42,4,1,14048,942,0.119
20180311,2018-03-11T04:56:37.329145997Z,2018-03-11T04:56:37.330627977Z,0.001481980,31,8.61158196579441e-8,20.4953,0.1949,545431.6,direct,0,3.360436079009917e-3,5,39,1,1,17355,1178,39,1,1,17355,1178,0.103
20180312,2018-03-12T10:21:41.664061993Z,2018-03-12T10:21:41.665675967Z,0.001613974,23,3.916519913037314e-6,113.6060,-2.3555,537727.0,direct,0,6.940452331776084e-3,6,37,9,3,15861,1366,37,9,3,15861,1366,0.135
20180318,2018-03-18T09:20:54.984845966Z,2018-03-18T09:20:54.985381960Z,0.000535994,13,3.1094451014427497e-7,80.3973,6.8525,541596.1,direct,1,8.196206868289485e-5,9,19,3,1,14272,1309,19,3,1,14272,1309,0.158
20180322,2018-03-22T13:30:53.291812002Z,2018-03-22T13:30:53.293007999Z,0.001195997,13,7.026551626592077e-7,356.6189,1.5532,543376.9,direct,0,1.557249405786411e-3,11,32,2,1,14190,2330,32,2,1,14190,2330,0.125
20180323,2018-03-23T05:29:55.642277985Z,2018-03-23T05:29:55.643913984Z,0.001635999,44,1.0962364442047197e-7,127.6724,-12.3207,544359.5,direct,0,5.168993041553971e-3,6,53,6,0,17515,1335,53,6,0,17515,1335,0.170
20180325,2018-03-25T20:06:55.015316009Z,2018-03-25T20:06:55.015868008Z,0.000551999,17,3.556995114478932e-7,43.8547,-12.9911,538359.9,direct,0,1.1481052864519305e-3,1,25,6,2,21210,1951,25,6,2,21210,1951,0.280
20180329,2018-03-29T09:55:29.756953984Z,2018-03-29T09:55:29.758171975Z,0.001217991,14,9.321118972157125e-8,170.5036,-15.6047,538603.3,direct,1,1.1909468617326448e-2,23,24,7,1,10327,1190,24,7,1,10327,1190,0.125
20180402,2018-04-02T10:53:28.702043980Z,2018-04-02T10:53:28.703753978Z,0.001709998,22,1.938982398297249e-7,132.3045,-13.5596,538358.2,direct,0,1.818918859109909e-4,8,36,6,3,14092,1145,36,6,3,14092,1145,0.139
20180405,2018-04-05T18:27:53.001599997Z,2018-04-05T18:27:53.002025991Z,0.000425994,15,5.0105130059919825e-8,14.8176,2.4928,535377.0,direct,1,9.015654454552904e-4,3,21,0,0,19135,1390,21,0,0,19135,1390,0.143
20180406,2018-04-06T15:54:24.597021996Z,2018-04-06T15:54:24.598359972Z,0.001337976,18,1.564406918790058e-7,225.1536,-0.3802,546616.7,direct,1,4.875113703794771e-3,7,35,2,1,16405,1138,35,2,1,16405,1138,0.143
20180407,2018-04-07T20:32:40.111627995Z,2018-04-07T20:32:40.112654Z,0.001026005,21,4.099941715564369e-8,152.6547,-4.8487,547150.8,direct,1,8.196120973690682e-4,7,31,6,0,20092,1926,31,6,0,20092,1926,0.161
20180408,2018-04-08T02:15:07.967871963Z,2018-04-08T02:15:07.969129979Z,0.001258016,19,2.9361905332081205e-7,271.6157,25.9878,536338.9,direct,0,1.335979438570609e-2,7,37,2,1,20918,1582,37,2,1,20918,1582,0.162
20180410,2018-04-10T18:25:46.231644004Z,2018-04-10T18:25:46.233186006Z,0.001542002,44,3.5829079890534804e-8,157.6655,2.5264,544298.6,direct,0,1.1486026309318908e-3,6,55,4,0,17306,1486,55,4,0,17306,1486,0.109
20180412,2018-04-12T22:08:34.981115967Z,2018-04-12T22:08:34.982139974Z,0.001024007,16,8.71585776148735e-7,277.5941,6.4063,537586.6,direct,1,2.7083661257273992e-3,25,23,1,0,11117,1249,23,1,0,11117,1249,0.174
20180419,2018-04-19T06:41:01.766261965Z,2018-04-19T06:41:01.767109990Z,0.000848025,18,7.250392414626083e-8,101.8906,0.3573,542691.0,direct,0,1.4756828538644374e-3,5,36,6,5,20260,2396,36,6,5,20260,2396,0.111
20180427,2018-04-27T05:26:54.834315985Z,2018-04-27T05:26:54.835621982Z,0.001305997,29,6.776149495375683e-6,75.8856,6.7515,545483.9,direct,1,1.148200795016802e-3,2,39,3,1,22205,1493,39,3,1,22205,1493,0.179
20180429,2018-04-29T19:59:23.095157980Z,2018-04-29T19:59:23.096307992Z,0.001150012,16,7.403330403147664e-7,338.3966,28.4447,537470.6,direct,0,0e0,34,24,1,0,11025,1104,24,1,0,11025,1104,0.125
20180430,2018-04-30T20:03:14.236157983Z,2018-04-30T20:03:14.237317979Z,0.001159996,18,3.093881843287004e-7,11.1747,-4.6370,535728.3,direct,1,1.9278690353249737e-3,15,28,2,0,14298,1104,28,2,0,14298,1104,0.107
20180508,2018-05-08T07:29:21.968245983Z,2018-05-08T07:29:21.968915969Z,0.000669986,17,1.7877953836139466e-7,123.4848,20.0193,539721.1,direct,0,5.328277583804606e-3,5,27,1,0,22419,1566,27,1,0,22419,1566,0.111
20180510,2018-05-10T08:54:41.571631968Z,2018-05-10T08:54:41.572863996Z,0.001232028,22,6.082290576573509e-7,115.0394,-3.1415,538039.7,direct,0,3.71640445865093e-3,8,26,1,0,11697,859,26,1,0,11697,859,0.154
20180511,2018-05-11T15:08:56.573979973Z,2018-05-11T15:08:56.574583977Z,0.000604004,16,8.253685919000989e-7,20.0254,-9.3009,538691.8,direct,0,3.278419801655602e-4,32,20,3,0,10274,1117,20,3,0,10274,1117,0.150
20180513,2018-05-13T14:51:53.125993996Z,2018-05-13T14:51:53.127259999Z,0.001266003,20,1.9131881463709243e-6,17.5531,-14.6461,540309.9,direct,1,4.917629702483403e-4,9,31,5,0,15341,2399,31,5,0,15341,2399,0.161
20180515,2018-05-15T11:59:43.697397977Z,2018-05-15T11:59:43.698019981Z,0.000622004,13,8.662356729046587e-6,200.5448,-10.7807,541521.2,direct,1,4.0980247520695025e-4,4,21,2,1,14378,1862,21,2,1,14378,1862,0.190
20180516,2018-05-16T18:06:34.917405962Z,2018-05-16T18:06:34.920773983Z,0.003368021,27,1.2516636233977268e-8,85.5794,-22.9670,542303.3,direct,0,0e0,19,62,7,1,8386,1048,62,7,1,8386,1048,0.129
20180516,2018-05-16T18:06:34.941037982Z,2018-05-16T18:06:34.944231986Z,0.003194004,23,3.33170275625746e-6,85.5806,-22.9661,542303.1,direct,0,0e0,19,52,2,1,8167,1022,52,2,1,8167,1022,0.135
20180521,2018-05-21T08:04:57.302652001Z,2018-05-21T08:04:57.304261982Z,0.001609981,24,6.536645766014165e-7,260.5163,23.2927,541599.0,direct,0,1.946081159741005e-2,8,48,3,0,19790,1459,48,3,0,19790,1459,0.125
20180524,2018-05-24T13:46:42.761805981Z,2018-05-24T13:46:42.762121975Z,0.000315994,14,1.176835502007871e-7,122.4751,-4.0736,536382.9,direct,0,1.639209900827801e-4,17,17,1,0,10167,2216,17,1,0,10167,2216,0.235
20180527,2018-05-27T23:34:37.968177974Z,2018-05-27T23:34:37.968739956Z,0.000561982,22,3.896586294498555e-6,124.7651,11.9507,546681.5,direct,1,4.589787722317842e-3,3,27,5,2,21457,1480,27,5,2,21457,1480,0.111
20180602,2018-06-02T14:02:43.230982005Z,2018-06-02T14:02:43.232659995Z,0.001677990,43,1.6559728384624546e-7,79.9706,14.0061,534596.9,direct,0,1.1474469305794606e-3,6,61,2,0,20967,1073,61,2,0,20967,1073,0.098
20180604,2018-06-04T00:01:34.790569961Z,2018-06-04T00:01:34.791329979Z,0.000760018,21,1.3867235502747778e-6,69.1630,14.9284,544375.5,direct,0,9.015751577739528e-4,8,25,0,0,14843,718,25,0,0,14843,718,0.120
20180604,2018-06-04T23:11:53.112037986Z,2018-06-04T23:11:53.112601995Z,0.000564009,17,2.635784229398695e-7,276.4982,4.3440,535563.8,direct,0,3.794298762396525e-3,9,21,1,0,16325,1168,21,1,0,16325,1168,0.238
20180604,2018-06-04T23:14:41.088577985Z,2018-06-04T23:14:41.088827997Z,0.000250012,15,1.9232674230059165e-6,283.6907,11.5212,534978.0,direct,1,4.42866446192935e-3,10,18,0,0,17069,1306,18,0,0,17069,1306,0.167
20180605,2018-06-05T22:06:19.304495990Z,2018-06-05T22:06:19.305449992Z,0.000954002,23,1.6821190395877374e-6,83.5208,16.6198,543167.3,direct,0,5.737234652897303e-4,9,33,0,0,15478,943,33,0,0,15478,943,0.273
20180607,2018-06-07T20:16:27.421063989Z,2018-06-07T20:16:27.422703981Z,0.001639992,28,5.5100482680969384e-8,112.0567,4.7137,543591.9,direct,0,3.279844004589788e-3,2,41,4,1,17847,1008,41,4,1,17847,1008,0.122
20180608,2018-06-08T00:19:55.616895973Z,2018-06-08T00:19:55.618073970Z,0.001177997,13,8.231972316570038e-6,243.9516,8.1840,536453.4,direct,0,0e0,24,26,1,1,10332,1318,26,1,1,10332,1318,0.154
20180619,2018-06-19T04:02:12.046369999Z,2018-06-19T04:02:12.047217994Z,0.000847995,20,7.059329287337945e-6,280.4168,6.5356,536225.8,direct,1,1.1755503007950169e-2,8,28,1,0,14968,1170,28,1,0,14968,1170,0.179
20180619,2018-06-19T12:05:26.585907995Z,2018-06-19T12:05:26.586635977Z,0.000727982,15,5.816083664960122e-7,175.3880,-10.0953,540358.5,direct,0,9.8439983607901e-4,3,26,1,0,16487,817,26,1,0,16487,817,0.154
20180620,2018-06-20T21:39:33.526933968Z,2018-06-20T21:39:33.527793973Z,0.000860005,23,4.4302107686879835e-6,61.9028,-35.7181,551803.4,direct,0,0e0,5,33,3,0,25596,2267,33,3,0,25596,2267,0.152
20180621,2018-06-21T13:14:41.983437955Z,2018-06-21T13:14:41.983989953Z,0.000551998,18,4.091174783479046e-6,125.6594,7.6502,535295.6,direct,0,9.957338250963035e-4,3,27,0,0,21085,1295,27,0,0,21085,1295,0.148
20180624,2018-06-24T16:55:02.149816006Z,2018-06-24T16:55:02.151657998Z,0.001841992,20,1.0893886983707522e-8,260.7151,19.5998,545190.0,direct,0,3.6916725842144086e-3,30,40,3,2,12866,2161,40,3,2,12866,2161,0.125
20180709,2018-07-09T08:03:22.481835991Z,2018-07-09T08:03:22.482091993Z,0.000256002,15,2.940879217765637e-6,282.0070,4.9551,543156.4,direct,0,5.264044938939431e-3,5,18,0,0,15901,1034,18,0,0,15901,1034,0.111
20180710,2018-07-10T14:22:19.753383964Z,2018-07-10T14:22:19.753723978Z,0.000340014,16,2.3694084831435677e-8,200.2314,22.6693,545794.7,direct,0,2.4588148512417015e-4,9,20,1,0,14535,1205,20,1,0,14535,1205,0.150
20180711,2018-07-11T07:43:46.705183982Z,2018-07-11T07:43:46.706953972Z,0.001769990,19,8.60768128921682e-8,273.1131,4.0771,541852.4,direct,1,2.9589024588148514e-3,4,40,7,1,15813,2605,40,7,1,15813,2605,0.150
20180713,2018-07-13T15:31:34.361733973Z,2018-07-13T15:31:34.363063991Z,0.001330018,20,3.734031776800777e-8,172.6513,28.8031,545879.3,direct,0,5.076540021309728e-3,6,31,6,3,14604,1861,31,6,3,14604,1861,0.129
20180713,2018-07-13T17:39:57.394481986Z,2018-07-13T17:39:57.395397990Z,0.000916004,17,2.3422201305356365e-7,276.2335,7.3204,542653.4,direct,1,1.9124519711499056e-3,5,27,7,6,15329,1793,27,7,6,15329,1793,0.111
20180719,2018-07-19T04:56:59.499655991Z,2018-07-19T04:56:59.500797986Z,0.001141995,21,4.771790476086085e-8,280.0190,18.2324,539154.0,direct,1,3.095162035898697e-3,14,33,5,1,18314,3076,33,5,1,18314,3076,0.182
20180725,2018-07-25T18:12:52.783459961Z,2018-07-25T18:12:52.784935981Z,0.001476020,19,6.227853366299246e-6,25.4372,6.8193,534435.8,direct,0,1.803130890910581e-3,16,29,1,0,11745,1197,29,1,0,11745,1197,0.172
20180727,2018-07-27T00:22:24.464805990Z,2018-07-27T00:22:24.465795993Z,0.000990003,23,9.467190395428948e-7,278.6229,0.9576,534630.5,direct,0,1.639209900827801e-4,7,27,3,1,16637,1772,27,3,1,16637,1772,0.148
20180728,2018-07-28T21:36:57.620391964Z,2018-07-28T21:36:57.621501982Z,0.001110018,17,4.013712204507152e-7,119.2186,7.0318,546235.1,direct,0,3.278419801655602e-4,8,32,3,0,14133,1513,32,3,0,14133,1513,0.156
20180730,2018-07-30T10:10:17.164902001Z,2018-07-30T10:10:17.165831983Z,0.000929982,16,1.167548374692945e-6,281.3348,6.7571,545608.2,direct,1,3.566778772231784e-3,4,27,3,0,14734,1621,27,3,0,14734,1621,0.111
20180731,2018-07-31T06:12:19.164442002Z,2018-07-31T06:12:19.165135979Z,0.000693977,17,2.5403575483519716e-8,183.8790,18.7379,534871.1,direct,0,2.4588148512417015e-4,14,21,3,0,13965,1449,21,3,0,13965,1449,0.190
20180801,2018-08-01T09:48:43.116301983Z,2018-08-01T09:48:43.116990Z,0.000688017,15,1.6570273307194097e-8,267.3915,12.5727,544011.1,direct,0,8.132697147774773e-3,3,26,0,0,17116,1267,26,0,0,17116,1267,0.192
20180806,2018-08-06T12:07:09.484341979Z,2018-08-06T12:07:09.485483974Z,0.001141995,25,4.543269458669232e-8,187.4008,22.4790,540042.4,direct,1,5.19266760921236e-3,6,32,0,0,16907,1156,32,0,0,16907,1156,0.125
20180809,2018-08-09T16:25:28.631395965Z,2018-08-09T16:25:28.633035987Z,0.001640022,26,3.104643678910121e-7,105.9760,19.7153,538149.1,direct,1,6.722607360052455e-3,1,49,5,2,20881,1839,49,5,2,20881,1839,0.102
20180813,2018-08-13T03:03:26.723333984Z,2018-08-13T03:03:26.724489986Z,0.001156002,20,8.54769297099087e-8,282.3035,21.1608,536132.7,direct,0,3.93773652159659e-3,11,30,5,0,17950,2148,30,5,0,17950,2148,0.100
20180813,2018-08-13T18:21:30.553223967Z,2018-08-13T18:21:30.553527981Z,0.000304014,13,3.238052415230567e-6,263.2893,9.4878,541616.3,direct,1,4.266509023850504e-3,25,16,5,3,11691,1502,16,5,3,11691,1502,0.188
20180815,2018-08-15T03:42:23.032855987Z,2018-08-15T03:42:23.033638Z,0.000782013,19,3.5659519289169165e-8,109.5343,5.3299,543130.5,direct,1,2.7868698303417754e-3,3,30,4,2,19166,2564,30,4,2,19166,2564,0.133
20180818,2018-08-18T21:09:19.014474004Z,2018-08-18T21:09:19.015150010Z,0.000676006,16,4.140675187165142e-7,293.9966,40.1371,539414.0,direct,1,1.3113679206622408e-3,23,30,10,3,23269,5353,30,10,3,23269,5353,0.133
20180823,2018-08-23T23:47:39.477133989Z,2018-08-23T23:47:39.478281974Z,0.001147985,20,4.197620964961036e-7,277.7740,7.0540,534196.4,direct,0,2.298141635931481e-3,17,32,2,2,11638,1629,32,2,2,11638,1629,0.188
20180829,2018-08-29T19:32:08.234328001Z,2018-08-29T19:32:08.235909998Z,0.001581997,19,1.2545308993315226e-8,283.2585,23.9891,539269.5,direct,0,5.095581116301942e-3,6,43,8,1,18832,2887,43,8,1,18832,2887,0.093
20180831,2018-08-31T09:04:54.402129977Z,2018-08-31T09:04:54.402731984Z,0.000602007,19,1.1389093584005884e-8,284.5778,5.8945,545567.4,direct,1,3.19910148348496e-3,7,23,0,0,16679,1033,23,0,0,16679,1033,0.174
20180901,2018-09-01T08:58:19.274167984Z,2018-09-01T08:58:19.275077998Z,0.000910014,16,2.6775875434514125e-8,288.5390,13.7090,545960.1,direct,0,1.6455456929759856e-4,27,24,7,2,12000,1758,24,7,2,12000,1758,0.125
20180906,2018-09-06T03:55:45.073733985Z,2018-09-06T03:55:45.074826002Z,0.001092017,24,6.886759050499471e-7,106.8218,25.9953,544999.9,direct,0,1.3937472748135398e-3,0,37,0,0,23188,955,37,0,0,23188,955,0.108
20180906,2018-09-06T08:09:56.660133987Z,2018-09-06T08:09:56.661583989Z,0.001450002,26,4.927173207000792e-7,268.3390,13.5623,543582.2,direct,0,2.028866231456438e-2,5,37,5,2,17685,1177,37,5,2,17685,1177,0.189
20180907,2018-09-07T05:31:48.380125999Z,2018-09-07T05:31:48.381625980Z,0.001499981,22,2.295735000928574e-7,106.7687,0.4237,540687.6,direct,0,1.3936721580198343e-3,6,35,11,5,16158,2514,35,11,5,16158,2514,0.143
20180916,2018-09-16T14:34:15.829557955Z,2018-09-16T14:34:15.830207973Z,0.000650018,16,7.236811943721649e-7,118.8800,23.7142,539087.3,direct,1,1.807103868535366e-3,1,29,2,0,21771,2009,29,2,0,21771,2009,0.172
20180917,2018-09-17T03:12:28.075403988Z,2018-09-17T03:12:28.076371997Z,0.000968009,21,3.5363882836341275e-6,271.6676,12.4993,536309.5,direct,0,3.532193074338169e-3,16,28,4,0,12311,1302,28,4,0,12311,1302,0.179
20180917,2018-09-17T17:58:17.564061969Z,2018-09-17T17:58:17.565171986Z,0.001110017,17,2.8343440416551805e-7,163.9090,35.1598,548962.3,direct,0,2.377138693549709e-3,5,35,2,0,18512,1042,35,2,0,18512,1042,0.171
20180920,2018-09-20T01:30:46.831049978Z,2018-09-20T01:30:46.832323968Z,0.001273990,20,1.556179495772955e-7,13.4803,41.5723,547856.9,direct,0,5.902312482583395e-3,14,38,5,3,20540,1816,38,5,3,20540,1816,0.158
20180922,2018-09-22T00:48:19.688627988Z,2018-09-22T00:48:19.690215975Z,0.001587987,21,2.607298706529737e-6,274.7731,11.4161,534289.1,direct,0,7.1656044586509305e-3,6,39,13,4,17111,2527,39,13,4,17111,2527,0.205
20180924,2018-09-24T21:48:18.192829996Z,2018-09-24T21:48:18.193686008Z,0.000856012,18,1.4310367112813658e-7,99.0680,8.9716,545951.8,direct,0,2.13134313580854e-3,6,28,1,0,16393,1203,28,1,0,16393,1203,0.143
20180924,2018-09-24T21:52:39.495189994Z,2018-09-24T21:52:39.495975971Z,0.000785977,18,5.5041838030134314e-8,110.0469,-2.2491,547397.6,direct,0,1.1474469305794606e-3,10,24,5,1,16088,1186,24,5,1,16088,1186,0.167
20180926,2018-09-26T08:46:28.431623995Z,2018-09-26T08:46:28.431831985Z,0.000207990,17,2.935168772133986e-7,286.1435,8.0272,545318.7,direct,0,5.905803737398574e-3,10,18,1,0,14855,1463,18,1,0,14855,1463,0.111
20180928,2018-09-28T09:18:46.380235970Z,2018-09-28T09:18:46.381403982Z,0.001168012,23,9.488083247069152e-6,95.8409,2.0685,535436.2,direct,0,4.759141176952709e-3,1,40,8,3,23578,2235,40,8,3,23578,2235,0.150
20181004,2018-10-04T17:56:02.687489986Z,2018-10-04T17:56:02.689087986Z,0.001598000,29,4.972325647440375e-7,294.4532,10.3910,537429.2,direct,0,5.247196426522416e-3,3,41,10,1,17868,3251,41,10,1,17868,3251,0.146
20181005,2018-10-05T18:22:21.483009994Z,2018-10-05T18:22:21.483357965Z,0.000347971,16,1.835749822515793e-6,68.3316,19.1185,538212.2,direct,0,2.851349864765183e-3,4,19,3,0,15711,1870,19,3,0,15711,1870,0.158
20181015,2018-10-15T08:47:39.004359990Z,2018-10-15T08:47:39.005151987Z,0.000791997,17,1.9158175974159587e-8,146.5993,21.6254,534594.8,direct,1,3.40117818211622e-4,4,27,0,0,16907,884,27,0,0,16907,884,0.148
20181016,2018-10-16T00:45:41.234281986Z,2018-10-16T00:45:41.234510004Z,0.000228018,16,9.483855398982266e-7,276.3326,10.5507,533922.6,direct,1,6.105608859929514e-3,5,19,6,1,16060,1582,19,6,1,16060,1582,0.105
20181023,2018-10-23T00:34:32.039716005Z,2018-10-23T00:34:32.040120005Z,0.000404000,19,7.566471609382708e-8,79.1423,12.6103,546738.7,direct,0,4.0980247520695025e-4,1,22,2,1,20081,1448,22,2,1,20081,1448,0.136
20181024,2018-10-24T16:52:10.722305983Z,2018-10-24T16:52:10.722633957Z,0.000327974,12,8.680277459559783e-6,324.0364,22.3812,537451.2,direct,0,2.4588148512417015e-4,25,16,0,0,10804,1294,16,0,0,10804,1294,0.188
20181026,2018-10-26T19:43:53.683329969Z,2018-10-26T19:43:53.684707969Z,0.001378000,19,4.42665743177928e-8,268.7261,21.4142,538600.2,direct,1,2.4588148512417015e-4,13,37,3,0,18862,1607,37,3,0,18862,1607,0.135
20181027,2018-10-27T18:57:24.726925969Z,2018-10-27T18:57:24.728209972Z,0.001284003,12,8.679933962883886e-6,125.4065,6.1630,545710.8,direct,0,8.197014343086632e-4,8,34,8,0,14908,2453,34,8,0,14908,2453,0.118
20181111,2018-11-11T19:39:52.986417949Z,2018-11-11T19:39:52.987455964Z,0.001038015,19,3.657901676034502e-7,10.3929,-0.5390,535694.1,direct,0,1.557249405786411e-3,4,31,3,0,20310,1804,31,3,0,20310,1804,0.129
20181117,2018-11-17T22:42:48.298217982Z,2018-11-17T22:42:48.299033999Z,0.000816017,14,8.112787987382558e-7,112.9671,-6.8545,548200.2,direct,0,6.7216432259650846e-3,15,22,1,0,11127,1726,22,1,0,11127,1726,0.136
20181119,2018-11-19T08:53:51.964411973Z,2018-11-19T08:53:51.965831965Z,0.001419992,21,1.222045973902233e-6,133.7158,9.3320,533626.7,direct,0,3.1394851323661996e-3,1,32,6,0,14607,2405,32,6,0,14607,2405,0.125
20181202,2018-12-02T08:51:50.482931971Z,2018-12-02T08:51:50.483707964Z,0.000775993,19,1.0745973894051064e-7,172.2307,34.8082,537773.2,direct,1,1.3608154167691173e-3,1,31,2,1,19493,1052,31,2,1,19493,1052,0.097
20181203,2018-12-03T01:55:19.686463981Z,2018-12-03T01:55:19.687365978Z,0.000901997,16,3.606948811185019e-7,160.3961,18.4347,537643.5,direct,0,1.8869321531022048e-3,9,26,4,3,14300,2638,26,4,3,14300,2638,0.115
20181218,2018-12-18T14:26:59.502397984Z,2018-12-18T14:26:59.503821969Z,0.001423985,18,1.1085316357030017e-8,29.0226,2.0974,533604.1,direct,1,2.6227358413244816e-3,8,34,4,0,14600,2186,34,4,0,14600,2186,0.147
20181220,2018-12-20T18:04:41.284911990Z,2018-12-20T18:04:41.286531984Z,0.001619994,31,1.967139461252855e-7,137.3134,-5.2408,547352.8,direct,0,2.8267316613392345e-3,13,45,0,0,14138,964,45,0,0,14138,964,0.156
20181223,2018-12-23T14:20:30.885023951Z,2018-12-23T14:20:30.885481953Z,0.000458002,14,2.343152105624186e-6,162.8227,-15.9571,546895.4,direct,0,1.6521630931890829e-3,30,18,4,2,11376,2526,18,4,2,11376,2526,0.167
20190101,2019-01-01T10:44:37.047304004Z,2019-01-01T10:44:37.047437995Z,0.000133991,14,5.191323215143399e-6,22.1143,-21.4959,541989.9,direct,1,8.212828128841899e-4,9,17,7,3,17960,3267,17,7,3,17960,3267,0.176
20190102,2019-01-02T02:37:15.024093985Z,2019-01-02T02:37:15.025036007Z,0.000942022,27,2.61445808387053e-6,136.9471,-19.4330,542378.7,direct,0,2.380888082944021e-3,1,34,6,2,20046,1979,34,6,2,20046,1979,0.147
20190106,2019-01-06T12:09:04.070221990Z,2019-01-06T12:09:04.071047991Z,0.000826001,17,2.6682991790263514e-8,120.0029,-3.2416,536504.1,direct,1,2.0986168838619786e-3,3,24,1,1,15127,1305,24,1,1,15127,1305,0.167
20190110,2019-01-10T23:24:46.686999976Z,2019-01-10T23:24:46.687939971Z,0.000939995,18,5.745018358114638e-7,101.0825,4.2499,546819.5,direct,1,2.459263388246865e-3,9,29,7,2,16317,1713,29,7,2,16317,1713,0.138
20190112,2019-01-12T12:38:21.705499976Z,2019-01-12T12:38:21.706371963Z,0.000871987,21,2.5382179777331845e-6,51.5674,-22.0886,538975.5,direct,1,8.203023276780591e-4,0,42,0,0,32369,3188,42,0,0,32369,3188,0.071
20190112,2019-01-12T14:14:02.418921977Z,2019-01-12T14:14:02.420537978Z,0.001616001,41,1.774760596449907e-7,28.2653,-21.3195,538624.6,direct,0,4.836338996803541e-3,3,62,1,0,23836,2254,62,1,0,23836,2254,0.129
20190115,2019-01-15T19:33:38.682665973Z,2019-01-15T19:33:38.683147966Z,0.000481993,15,4.8501625254463526e-6,151.1841,-17.0503,550415.3,direct,0,0e0,6,23,0,0,22033,1640,23,0,0,22033,1640,0.130
20190123,2019-01-23T00:28:37.613615989Z,2019-01-23T00:28:37.613945960Z,0.000329971,8,9.39807013110668e-6,337.5794,27.7883,541068.5,direct,0,0e0,14,15,3,0,11507,2469,15,3,0,11507,2469,0.200
20190126,2019-01-26T12:07:05.110895991Z,2019-01-26T12:07:05.111550003Z,0.000654012,21,2.7734471005495556e-6,357.8769,3.0735,537591.4,direct,1,2.213775526596181e-3,3,32,2,0,29945,1333,32,2,0,29945,1333,0.156
20190131,2019-01-31T20:03:10.117011994Z,2019-01-31T20:03:10.118483990Z,0.001471996,42,7.507546146301152e-8,26.0252,-4.6156,539795.8,direct,0,1.8035885910990903e-3,9,52,3,3,15593,833,52,3,3,15593,833,0.096
20190209,2019-02-09T17:05:22.894139975Z,2019-02-09T17:05:22.894857972Z,0.000717997,11,6.2689606749683415e-6,28.9614,-18.4622,539192.8,direct,0,8.196049504139005e-5,30,22,1,1,12438,1443,22,1,1,12438,1443,0.182
20190215,2019-02-15T06:31:50.396981984Z,2019-02-15T06:31:50.397971987Z,0.000990003,21,5.4923659335625135e-8,143.0320,-11.4750,535538.8,direct,1,1.0018232497336283e-2,4,32,1,0,21567,2440,32,1,0,21567,2440,0.125
20190217,2019-02-17T18:00:50.156468003Z,2019-02-17T18:00:50.157597988Z,0.001129985,20,1.3925425352825058e-8,116.4071,-5.4586,546644.4,direct,0,3.3512413818539465e-3,4,28,0,0,15384,909,28,0,0,15384,909,0.214
20190220,2019-02-20T05:39:28.360964Z,2019-02-20T05:39:28.362019985Z,0.001055985,14,2.889846804734689e-7,114.2032,-2.5169,535884.8,direct,1,4.265630300795017e-3,12,26,4,3,12439,1830,26,4,3,12439,1830,0.115
20190302,2019-03-02T09:35:05.171258002Z,2019-03-02T09:35:05.173007994Z,0.001749992,33,2.93085257597264e-8,168.8602,1.8696,538218.2,direct,0,1.8065580116383903e-3,8,42,4,0,13790,2570,42,4,0,13790,2570,0.119
20190304,2019-03-04T18:46:41.093661993Z,2019-03-04T18:46:41.095084011Z,0.001422018,27,2.7168303080063383e-8,13.0194,-0.4999,536159.6,direct,0,4.917629702483403e-4,5,40,0,0,19331,1384,40,0,0,19331,1384,0.150
20190305,2019-03-05T15:19:00.056654006Z,2019-03-05T15:19:00.057991981Z,0.001337975,41,1.1608323282957926e-8,38.7221,-18.7519,537658.8,direct,0,1.4762492992377674e-3,3,44,5,4,24264,2319,44,5,4,24264,2319,0.136
20190306,2019-03-06T04:01:22.668629974Z,2019-03-06T04:01:22.669917970Z,0.001287996,22,2.089081726608579e-6,203.4533,-19.7180,537973.6,direct,1,2.5684788623883286e-3,6,32,2,0,15619,1265,32,2,0,15619,1265,0.188
20190308,2019-03-08T10:17:49.127402007Z,2019-03-08T10:17:49.127411991Z,0.000009984,9,6.97045802415011e-6,136.6829,17.3927,536316.2,direct,0,0e0,5,9,0,0,15670,1124,9,0,0,15670,1124,0.111
20190308,2019-03-08T19:02:52.430409967Z,2019-03-08T19:02:52.430647969Z,0.000238002,16,4.464862939216431e-8,184.9695,-18.9090,548353.2,direct,1,1.0656765920826162e-3,4,18,0,0,17863,1134,18,0,0,17863,1134,0.222
20190315,2019-03-15T03:29:52.117523998Z,2019-03-15T03:29:52.118133991Z,0.000609993,16,2.7055539951301988e-8,358.9754,-3.0559,547619.0,direct,1,4.919451684288173e-4,5,22,3,2,14882,2629,22,3,2,14882,2629,0.182
20190317,2019-03-17T03:11:43.051966011Z,2019-03-17T03:11:43.053054004Z,0.001087993,15,1.097900460418838e-7,354.6888,-6.7924,548071.5,direct,1,2.476237931317105e-4,2,32,3,0,15256,1016,32,3,0,15256,1016,0.188
20190317,2019-03-17T08:45:35.896879971Z,2019-03-17T08:45:35.897759974Z,0.000880003,20,6.002439047894733e-6,90.0436,7.0871,533089.6,direct,1,1.8851850749938529e-3,1,33,0,0,25102,2324,33,0,0,25102,2324,0.182
20190318,2019-03-18T01:25:39.687079966Z,2019-03-18T01:25:39.688199967Z,0.001120001,21,2.2908593480665902e-6,12.6842,-4.4605,547283.0,direct,0,5.903249110728629e-3,10,31,4,2,14609,2003,31,4,2,14609,2003,0.129
20190318,2019-03-18T07:44:10.531387984Z,2019-03-18T07:44:10.532813966Z,0.001425982,22,4.270703557865106e-8,268.4320,2.9583,545948.3,direct,0,5.8165172444881565e-3,9,42,2,2,17647,1357,42,2,2,17647,1357,0.095
20190322,2019-03-22T05:31:28.708581984Z,2019-03-22T05:31:28.709647983Z,0.001065999,19,5.3924470438372027e-8,281.4726,-1.8641,544878.7,direct,1,1.3113885681501515e-2,8,32,5,1,16564,2201,32,5,1,16564,2201,0.156
20190326,2019-03-26T16:44:20.958041965Z,2019-03-26T16:44:20.958663970Z,0.000622005,16,1.8432161893363586e-7,255.7622,-6.1556,541724.7,direct,0,5.533608802557168e-4,1,25,3,2,17005,2756,25,3,2,17005,2756,0.160
20190328,2019-03-28T05:15:52.612647980Z,2019-03-28T05:15:52.613877981Z,0.001230001,22,7.240443530105603e-8,53.9953,-9.8327,544206.5,direct,1,1.0654864355380707e-3,4,42,0,0,25226,2041,42,0,0,25226,2041,0.095
20190331,2019-03-31T00:49:52.476177990Z,2019-03-31T00:49:52.477625966Z,0.001447976,25,3.5319532342063354e-8,287.5715,5.0065,536535.3,direct,1,1.0577351594131628e-2,8,34,0,0,15052,1336,34,0,0,15052,1336,0.118
20190401,2019-04-01T23:42:40.664961963Z,2019-04-01T23:42:40.665095984Z,0.000134021,18,1.327380474264358e-7,111.7527,-4.9900,545815.5,direct,1,6.81841339234489e-3,7,19,1,0,16985,2542,19,1,0,16985,2542,0.263
20190404,2019-04-04T23:14:45.014753997Z,2019-04-04T23:14:45.016640007Z,0.001886010,44,4.506678029197231e-7,103.6472,-1.0745,546315.2,direct,0,4.917629702483403e-3,5,57,2,0,20020,1850,57,2,0,20020,1850,0.088
20190407,2019-04-07T03:36:48.639095962Z,2019-04-07T03:36:48.640273988Z,0.001178026,17,7.060875014674112e-7,11.8414,-12.1944,549504.9,direct,1,2.786656831407262e-3,3,37,8,2,20486,1644,37,8,2,20486,1644,0.108
20190407,2019-04-07T21:09:34.114764004Z,2019-04-07T21:09:34.115783989Z,0.001019985,17,8.230003820640956e-8,115.0336,-2.0695,547550.4,direct,0,2.2976972953036635e-3,1,31,1,0,16243,1220,31,1,0,16243,1220,0.097
20190409,2019-04-09T20:53:03.567231982Z,2019-04-09T20:53:03.568921983Z,0.001690001,30,5.0915092299585944e-8,114.9541,6.0158,546851.5,direct,0,1.1474469305794606e-3,8,44,5,1,17781,2296,44,5,1,17781,2296,0.136
20190415,2019-04-15T12:44:45.881263971Z,2019-04-15T12:44:45.882889956Z,0.001625985,39,3.968396295040572e-8,19.6174,-5.2914,534169.0,direct,0,1.557249405786411e-3,14,49,9,1,14702,2479,49,9,1,14702,2479,0.122
20190416,2019-04-16T00:37:49.344262003Z,2019-04-16T00:37:49.346982002Z,0.002719999,45,1.4425188559597362e-6,12.5031,0.0149,546335.9,direct,0,2.1309728710761414e-3,4,100,12,6,19684,1800,100,12,6,19684,1800,0.090
20190416,2019-04-16T21:12:47.056295990Z,2019-04-16T21:12:47.057006001Z,0.000710011,17,4.741662890861351e-7,45.5784,-11.5838,546413.4,direct,1,2.4657398573887387e-4,1,29,1,0,21148,1869,29,1,0,21148,1869,0.138
20190417,2019-04-17T11:36:31.870551973Z,2019-04-17T11:36:31.871601969Z,0.001049996,21,2.927974002814962e-6,201.4964,2.9220,546047.1,direct,0,1.9198844684861897e-3,5,27,2,1,14916,2876,27,2,1,14916,2876,0.111
20190427,2019-04-27T02:00:23.000638008Z,2019-04-27T02:00:23.002027988Z,0.001389980,29,5.530023881681576e-7,280.3236,0.0110,538812.3,direct,0,2.134435283993115e-3,2,44,3,0,17277,1296,44,3,0,17277,1296,0.136
20190429,2019-04-29T07:13:48.268857985Z,2019-04-29T07:13:48.270457983Z,0.001599998,30,9.760161457587661e-8,5.8381,1.6613,543348.6,direct,0,5.8219886402753876e-3,6,39,3,2,14797,1064,39,3,2,14797,1064,0.103
20190430,2019-04-30T11:48:28.841423958Z,2019-04-30T11:48:28.842641949Z,0.001217991,15,4.389867123438529e-8,285.2513,5.5906,544657.3,direct,1,3.936157634620113e-3,7,31,1,0,14922,1483,31,1,0,14922,1483,0.129
20190503,2019-05-03T16:53:56.235827982Z,2019-05-03T16:53:56.236637979Z,0.000809997,21,6.436223916003524e-7,11.5923,-2.3454,534480.2,direct,0,9.84202130972871e-4,2,27,1,0,19519,1302,27,1,0,19519,1302,0.148
20190511,2019-05-11T19:37:11.368919968Z,2019-05-11T19:37:11.369761973Z,0.000842005,14,9.74167598746148e-6,108.3114,-6.9995,548611.1,direct,1,3.907425104499631e-3,6,26,2,0,16135,1805,26,2,0,16135,1805,0.192
20190512,2019-05-12T17:49:30.264651983Z,2019-05-12T17:49:30.266019999Z,0.001368016,21,2.71331654436319e-7,122.3273,-0.5623,547326.6,direct,1,6.556839603311204e-4,6,41,10,4,19436,1327,41,10,4,19436,1327,0.098
20190515,2019-05-15T19:45:40.117021977Z,2019-05-15T19:45:40.117403984Z,0.000382007,15,1.250454930228293e-7,260.6295,7.3267,533552.5,direct,1,3.216058962380133e-3,9,19,2,0,16023,2598,19,2,0,16023,2598,0.263
20190518,2019-05-18T01:43:14.203571975Z,2019-05-18T01:43:14.204873979Z,0.001302004,20,2.4300181654638864e-8,145.2524,-3.3410,537030.0,direct,0,5.737404720924514e-4,6,28,3,0,13882,2438,28,3,0,13882,2438,0.179
20190518,2019-05-18T13:41:42.311616003Z,2019-05-18T13:41:42.312191992Z,0.000575989,18,3.028808306991843e-6,152.0357,-5.6579,546012.3,direct,0,5.737234652897303e-4,2,27,3,0,22245,1791,27,3,0,22245,1791,0.148
20190518,2019-05-18T14:58:22.382877945Z,2019-05-18T14:58:22.387317955Z,0.004440010,21,5.419320723241451e-7,74.1012,36.5678,539828.8,direct,0,2.4588148512417015e-4,21,72,5,1,8219,326,72,5,1,8219,326,0.097
20190518,2019-05-18T14:58:22.388001948Z,2019-05-18T14:58:22.396421939Z,0.008419991,21,4.786465621692093e-8,74.1012,36.5678,539828.8,direct,0,2.4588148512417015e-4,21,122,5,3,8087,316,122,5,3,8087,316,0.123
20190518,2019-05-18T14:58:22.401567935Z,2019-05-18T14:58:22.408541947Z,0.006974012,20,7.295621244714788e-8,74.1012,36.5678,539828.8,direct,0,2.4588148512417015e-4,21,104,0,0,7934,317,104,0,0,7934,317,0.087
20190518,2019-05-18T14:58:22.413523942Z,2019-05-18T14:58:22.416581928Z,0.003057986,20,4.878353496490787e-8,74.1012,36.5678,539828.8,direct,0,2.4588148512417015e-4,21,42,0,0,7786,308,42,0,0,7786,308,0.095
20190518,2019-05-18T14:58:22.417871952Z,2019-05-18T14:58:22.424863934Z,0.006991982,19,1.9717948372180098e-7,74.1012,36.5678,539828.8,direct,0,2.4588148512417015e-4,21,95,14,7,7699,300,95,14,7,7699,300,0.095
20190518,2019-05-18T14:58:22.425309956Z,2019-05-18T14:58:22.427567958Z,0.002258002,19,1.2363100921873237e-7,74.1012,36.5678,539828.8,direct,0,2.4588148512417015e-4,21,35,1,1,7636,300,35,1,1,7636,300,0.143
20190518,2019-05-18T14:58:22.428791940Z,2019-05-18T14:58:22.440805941Z,0.012014001,19,3.8071724040368594e-8,74.1012,36.5678,539828.8,direct,0,2.4588148512417015e-4,21,152,7,4,7545,291,152,7,4,7545,291,0.099
20190521,2019-05-21T04:33:00.065100014Z,2019-05-21T04:33:00.065418004Z,0.000317990,21,6.563596055280518e-6,107.2224,18.5929,535030.1,direct,1,8.506953675928203e-3,2,24,0,0,23600,2085,24,0,0,23600,2085,0.167
20190525,2019-05-25T15:39:43.274701982Z,2019-05-25T15:39:43.275985985Z,0.001284003,18,2.124320392674499e-7,66.4219,3.9577,537783.6,direct,0,8.196049504139005e-4,5,33,4,1,15612,2100,33,4,1,15612,2100,0.091
20190602,2019-06-02T12:07:05.348407983Z,2019-06-02T12:07:05.349275976Z,0.000867993,21,1.295137253931296e-7,274.8018,19.2024,544187.3,direct,1,1.3243669371363002e-3,5,30,0,0,19444,0,30,0,0,19444,0,0.133
20190602,2019-06-02T12:12:35.435147970Z,2019-06-02T12:12:35.436333984Z,0.001186014,23,2.1055656180601367e-8,292.1202,31.3584,543528.4,direct,1,1.5278992549791e-2,7,38,0,0,22812,0,38,0,0,22812,0,0.158
20190604,2019-06-04T10:07:05.624315977Z,2019-06-04T10:07:05.625001966Z,0.000685989,19,5.554697151343548e-7,277.9978,6.8796,546271.2,direct,1,5.657983001393328e-3,8,25,0,0,17575,0,25,0,0,17575,0,0.200
20190611,2019-06-11T09:01:37.105562001Z,2019-06-11T09:01:37.106747984Z,0.001185983,23,3.2444825790506426e-8,259.6038,15.8533,547375.5,direct,0,1.240762957954266e-2,11,33,3,2,17930,1346,33,3,2,17930,1346,0.121
20190611,2019-06-11T20:09:23.614857971Z,2019-06-11T20:09:23.616551965Z,0.001693994,47,8.887631141522376e-6,90.7953,16.7802,547196.4,direct,0,6.570142848946808e-3,0,64,2,2,23131,897,64,2,2,23131,897,0.125
20190613,2019-06-13T15:35:20.679745972Z,2019-06-13T15:35:20.680511981Z,0.000766009,17,1.0398036438860375e-6,281.3749,23.4042,538862.6,direct,1,8.613951430210638e-3,16,29,9,6,19208,2444,29,9,6,19208,2444,0.172
20190626,2019-06-26T05:20:47.011915981Z,2019-06-26T05:20:47.012331992Z,0.000416011,20,1.220366103527414e-7,315.6237,40.4905,551115.6,direct,1,1.981943152200639e-3,13,25,1,0,24451,4169,25,1,0,24451,4169,0.160
20190626,2019-06-26T11:55:35.336291968Z,2019-06-26T11:55:35.336914002Z,0.000622034,19,5.3055489293175774e-6,265.0708,14.1593,545611.0,direct,0,9.84081173674289e-4,3,25,0,0,17695,957,25,0,0,17695,957,0.160
20190630,2019-06-30T10:44:49.069364011Z,2019-06-30T10:44:49.070362001Z,0.000997990,24,7.879179780525345e-7,125.2464,26.7142,539135.7,direct,0,1.4752889107450208e-3,1,33,1,0,21798,2153,33,1,0,21798,2153,0.152
20190630,2019-06-30T13:09:00.153255999Z,2019-06-30T13:09:00.154792010Z,0.001536011,36,8.09458902375881e-6,272.5550,-29.1304,549117.4,direct,0,0e0,1,43,8,6,11439,635,43,8,6,11439,635,0.140
20190630,2019-06-30T23:25:28.397887974Z,2019-06-30T23:25:28.398489981Z,0.000602007,20,1.613191608136732e-7,284.7317,22.0024,537324.0,direct,0,1.3125075403655438e-3,7,26,3,3,19895,1374,26,3,3,19895,1374,0.192
20190701,2019-07-01T01:09:36.103343993Z,2019-07-01T01:09:36.104265987Z,0.000921994,19,8.367072995510181e-6,291.7895,38.8240,544458.9,direct,1,2.131078657487091e-3,6,39,9,1,28911,3935,39,9,1,28911,3935,0.103
20190702,2019-07-02T20:31:34.920727968Z,2019-07-02T20:31:34.922373950Z,0.001645982,37,3.222166305910655e-8,103.9644,6.1261,547156.4,direct,0,3.278419801655602e-3,4,50,9,6,17346,1890,50,9,6,17346,1890,0.120
20190705,2019-07-05T22:40:17.864149957Z,2019-07-05T22:40:17.864623963Z,0.000474006,19,1.81210781980082e-7,278.3071,31.0609,537075.1,direct,0,6.478076928120646e-3,10,27,2,0,24839,3515,27,2,0,24839,3515,0.148
20190709,2019-07-09T18:40:23.122193992Z,2019-07-09T18:40:23.123582005Z,0.001388013,22,1.2881994775868068e-6,282.3346,8.1600,532514.0,direct,0,1.1479985984755349e-3,8,34,14,8,16817,2555,34,14,8,16817,2555,0.147
20190710,2019-07-10T20:52:00.949581950Z,2019-07-10T20:52:00.950197964Z,0.000616014,18,3.6300261270321e-8,58.2955,-4.4179,547332.6,direct,1,1.639209900827801e-3,2,26,4,2,15266,2245,26,4,2,15266,2245,0.115
20190712,2019-07-12T00:34:40.427345991Z,2019-07-12T00:34:40.428347975Z,0.001001984,15,2.384624912242285e-7,158.7212,-10.7894,537904.0,direct,0,9.015654454552904e-4,10,33,1,1,14616,2614,33,1,1,14616,2614,0.121
20190715,2019-07-15T13:41:13.409893989Z,2019-07-15T13:41:13.410675972Z,0.000781983,19,6.55083263979122e-8,135.4641,-4.3048,545082.4,direct,0,3.278419801655602e-4,7,31,3,0,21283,1841,31,3,0,21283,1841,0.129
20190715,2019-07-15T15:12:48.608669966Z,2019-07-15T15:12:48.609413981Z,0.000744015,19,1.5014852247508169e-7,101.7716,5.3995,542465.3,direct,1,3.4423407917383822e-3,1,26,3,2,16892,1030,26,3,2,16892,1030,0.115
20190728,2019-07-28T08:17:54.172243982Z,2019-07-28T08:17:54.173882007Z,0.001638025,22,9.415410617642913e-8,121.8879,6.6626,533330.9,direct,1,1.393328415703631e-3,3,48,7,6,22431,1602,48,7,6,22431,1602,0.104
20190728,2019-07-28T21:49:18.594981968Z,2019-07-28T21:49:18.595149964Z,0.000167996,14,4.226421503448159e-6,98.0062,-4.2446,547233.5,direct,0,2.541614761085157e-3,7,17,2,1,22044,2561,17,2,1,22044,2561,0.176
20190731,2019-07-31T04:30:05.603127956Z,2019-07-31T04:30:05.604773968Z,0.001646012,21,1.605424148438881e-8,137.7574,25.0313,533881.4,direct,1,3.278419801655602e-4,3,40,9,5,18785,1638,40,9,5,18785,1638,0.125
20190802,2019-08-02T22:46:30.631795972Z,2019-08-02T22:46:30.632619976Z,0.000824004,21,8.532177281596811e-6,83.9239,23.9691,546327.4,direct,0,6.556839603311204e-4,7,28,0,0,20098,1056,28,0,0,20098,1056,0.143
20190803,2019-08-03T21:06:01.773809969Z,2019-08-03T21:06:01.774341970Z,0.000532001,21,1.397635892243749e-7,120.1963,33.7682,546920.8,direct,0,4.0983320219654127e-4,4,27,0,0,24100,1112,27,0,0,24100,1112,0.148
20190806,2019-08-06T16:13:57.409619987Z,2019-08-06T16:13:57.410211980Z,0.000591993,19,6.883884311519906e-8,281.1935,24.0938,536590.1,direct,1,1.2022216547823948e-2,6,27,4,1,19694,3197,27,4,1,19694,3197,0.148
20190810,2019-08-10T18:00:00.062003999Z,2019-08-10T18:00:00.066493988Z,0.004489989,25,3.1911432210385493e-7,56.5814,-17.9594,546001.2,direct,0,0e0,5,74,5,1,2010,122,74,5,1,2010,122,0.176
20190812,2019-08-12T15:21:11.532205969Z,2019-08-12T15:21:11.534031987Z,0.001826018,44,1.0647118487980865e-8,275.5808,8.0675,537061.5,direct,0,7.191536439636095e-3,9,61,8,4,16347,2358,61,8,4,16347,2358,0.098
20190814,2019-08-14T04:54:30.653713971Z,2019-08-14T04:54:30.655145972Z,0.001432001,31,1.4045632372199925e-8,279.3492,24.1400,547206.8,direct,1,4.675733989017294e-3,15,39,4,1,21342,3795,39,4,1,21342,3795,0.103
20190817,2019-08-17T02:52:55.964125961Z,2019-08-17T02:52:55.964931964Z,0.000806003,15,4.47963963914246e-6,303.0177,31.4411,548014.1,direct,1,1.9661796901893286e-3,8,30,1,0,21374,3265,30,1,0,21374,3265,0.167
20190823,2019-08-23T22:21:10.383649975Z,2019-08-23T22:21:10.384611964Z,0.000961989,22,9.677193238386844e-6,289.7824,3.3396,535593.0,direct,0,1.4767673551348251e-3,7,31,2,1,17560,1513,31,2,1,17560,1513,0.129
20190824,2019-08-24T00:04:05.661261975Z,2019-08-24T00:04:05.661867976Z,0.000606001,15,1.443934992621711e-6,285.8776,22.2500,539787.2,direct,1,5.096303721006475e-3,9,26,1,0,19648,1946,26,1,0,19648,1946,0.192
20190825,2019-08-25T17:49:27.972259938Z,2019-08-25T17:49:27.973183959Z,0.000924021,17,1.4755952034883567e-8,124.9371,29.7256,549085.5,direct,1,1.738755585607737e-3,3,31,3,1,21094,807,31,3,1,21094,807,0.129
20190830,2019-08-30T21:16:36.176077991Z,2019-08-30T21:16:36.177335977Z,0.001257986,17,1.4824315758766347e-8,274.2218,15.2256,533405.6,direct,0,2.3787272436685517e-3,5,34,2,1,18743,1243,34,2,1,18743,1243,0.118
20190902,2019-09-02T11:09:25.550049960Z,2019-09-02T11:09:25.551555991Z,0.001506031,22,8.02186352093993e-7,33.8266,1.2690,532473.1,direct,0,8.196049504139005e-5,5,41,0,0,17860,1319,41,0,0,17860,1319,0.171
20190906,2019-09-06T01:04:50.944655954Z,2019-09-06T01:04:50.947729945Z,0.003073991,43,4.4964533431727425e-8,182.1350,19.1173,532790.9,direct,0,0e0,11,102,4,0,15485,1078,102,4,0,15485,1078,0.108
20190906,2019-09-06T04:49:08.283523976Z,2019-09-06T04:49:08.285285979Z,0.001762003,42,2.136108315576488e-6,265.0720,16.4153,543884.8,direct,1,2.0858082427669865e-2,5,56,2,0,18877,1088,56,2,0,18877,1088,0.125
20190911,2019-09-11T02:24:50.385761976Z,2019-09-11T02:24:50.386239975Z,0.000477999,14,5.045862188127319e-6,271.1046,15.0401,540272.6,direct,0,9.21295735595443e-3,2,20,1,0,11891,1706,20,1,0,11891,1706,0.150
20190912,2019-09-12T10:11:55.489193975Z,2019-09-12T10:11:55.489891976Z,0.000698001,17,3.60141579322761e-7,146.6165,14.3229,539459.1,direct,1,3.0448605196295385e-3,1,24,0,0,19194,1250,24,0,0,19194,1250,0.125
20190912,2019-09-12T14:18:15.341875970Z,2019-09-12T14:18:15.343151986Z,0.001276016,23,4.057679966459625e-6,286.0636,5.9215,536326.3,direct,0,6.806998221457258e-3,8,40,3,1,17745,1204,40,3,1,17745,1204,0.150
20190913,2019-09-13T00:28:04.876751959Z,2019-09-13T00:28:04.877659976Z,0.000908017,18,1.4347656918845414e-7,283.0121,18.9829,538198.0,direct,1,3.5776892549791e-3,9,29,9,2,17844,2665,29,9,2,17844,2665,0.103
20190916,2019-09-16T20:34:36.354321986Z,2019-09-16T20:34:36.354663997Z,0.000342011,20,3.6140907165002e-8,306.2009,26.3431,535098.2,direct,0,1.639209900827801e-4,3,22,1,1,17855,2673,22,1,1,17855,2673,0.136
20190919,2019-09-19T10:33:22.242504Z,2019-09-19T10:33:22.244275987Z,0.001771987,41,4.1097073347116425e-8,81.5704,25.1895,534185.7,direct,0,1.7218263584952054e-3,5,53,1,0,18571,1629,53,1,0,18571,1629,0.094
20190925,2019-09-25T19:14:49.037414014Z,2019-09-25T19:14:49.038708001Z,0.001293987,29,2.1409376609293368e-7,296.5590,3.3475,532666.5,direct,0,4.835285173346447e-3,1,37,2,0,14891,2081,37,2,0,14891,2081,0.135
20190926,2019-09-26T18:25:26.099664002Z,2019-09-26T18:25:26.100820004Z,0.001156002,20,9.480627705704062e-8,145.7214,17.3817,545266.6,direct,0,3.446408679616425e-3,8,31,8,4,14806,2000,31,8,4,14806,2000,0.129
20190926,2019-09-26T18:26:02.220333993Z,2019-09-26T18:26:02.221475988Z,0.001141995,33,1.5684505390384186e-6,147.4050,18.8405,545174.1,direct,0,3.609374034915171e-3,8,37,2,0,14577,1911,37,2,0,14577,1911,0.135
20190927,2019-09-27T13:43:29.205446004Z,2019-09-27T13:43:29.205987989Z,0.000541985,20,1.0167468918011398e-7,266.1329,42.1333,543932.3,direct,1,9.913990435210228e-3,11,32,3,0,33738,3755,32,3,0,33738,3755,0.125
20190928,2019-09-28T19:38:29.866789966Z,2019-09-28T19:38:29.867551952Z,0.000761986,22,1.0884035729170844e-7,107.0041,11.3082,546482.4,direct,1,1.2297880091795754e-3,2,30,3,0,22292,2345,30,3,0,22292,2345,0.133
20191001,2019-10-01T06:25:49.550257980Z,2019-10-01T06:25:49.550625979Z,0.000367999,18,5.828024853697531e-7,288.7475,10.8019,547024.0,direct,0,4.772422727645275e-3,7,21,0,0,17920,1496,21,0,0,17920,1496,0.286
20191003,2019-10-03T12:18:44.341603994Z,2019-10-03T12:18:44.342041999Z,0.000438005,16,7.862050763492832e-8,161.9952,-11.2729,547816.6,direct,0,1.1478606589623802e-3,11,19,1,0,15374,2593,19,1,0,15374,2593,0.158
20191005,2019-10-05T13:39:56.396425992Z,2019-10-05T13:39:56.397145986Z,0.000719994,16,2.962231534875953e-8,144.2878,3.3999,546230.9,direct,1,4.106349233669371e-4,4,24,4,3,14363,2510,24,4,3,14363,2510,0.125
20191011,2019-10-11T14:18:06.295933991Z,2019-10-11T14:18:06.297407984Z,0.001473993,27,5.245247039410731e-7,102.4119,9.5093,543123.4,direct,0,1.2294838046061798e-3,2,46,3,1,23629,1430,46,3,1,23629,1430,0.109
20191012,2019-10-12T03:02:28.357713997Z,2019-10-12T03:02:28.358961969Z,0.001247972,18,7.864463476664345e-6,272.6681,13.7104,543671.1,direct,0,5.3343482747315795e-3,9,35,1,0,17830,1248,35,1,0,17830,1248,0.114
20191015,2019-10-15T17:24:28.933989942Z,2019-10-15T17:24:28.935297966Z,0.001308024,23,4.036512106277907e-7,173.8788,21.5786,545579.1,direct,1,2.7875934923366937e-3,1,32,6,0,16319,1749,32,6,0,16319,1749,0.188
20191016,2019-10-16T02:24:16.255795985Z,2019-10-16T02:24:16.257109999Z,0.001314014,37,4.2071932930946875e-6,261.0052,17.4452,541583.1,direct,0,1.3462725014343086e-2,4,40,1,0,18457,1365,40,1,0,18457,1365,0.150
20191021,2019-10-21T02:12:25.485489964Z,2019-10-21T02:12:25.487071990Z,0.001582026,23,1.9222304978062955e-8,23.7162,7.7877,545612.2,direct,0,1.1475789853290714e-3,7,38,2,0,15254,1163,38,2,0,15254,1163,0.132
20191021,2019-10-21T14:06:18.937169969Z,2019-10-21T14:06:18.938445955Z,0.001275986,22,2.5501588226327194e-8,18.7875,-10.7141,534900.4,direct,0,5.737234652897303e-4,3,36,2,0,19950,1568,36,2,0,19950,1568,0.111
20191023,2019-10-23T07:29:19.080055981Z,2019-10-23T07:29:19.080680012Z,0.000624031,19,1.7762277013325207e-8,118.6767,0.1510,533587.3,direct,0,9.835259404966806e-4,4,26,2,0,16091,2577,26,2,0,16091,2577,0.192
20191027,2019-10-27T05:57:15.457169979Z,2019-10-27T05:57:15.457913994Z,0.000744015,22,6.580274170035363e-7,283.2773,11.7287,546881.6,direct,0,7.626810794197197e-3,7,25,0,0,15864,1019,25,0,0,15864,1019,0.160
20191102,2019-11-02T04:56:48.770013958Z,2019-11-02T04:56:48.770925968Z,0.000912010,19,1.5479187955280206e-6,257.5819,13.6842,544258.7,direct,1,3.587956659290222e-3,4,30,0,0,19244,786,30,0,0,19244,786,0.167
20191105,2019-11-05T20:27:22.483729958Z,2019-11-05T20:27:22.484881967Z,0.001152009,17,4.7027491177315803e-7,21.0491,-4.3605,545373.4,direct,1,2.3774990328661585e-3,3,31,11,6,15739,2361,31,11,6,15739,2361,0.097
20191109,2019-11-09T07:51:51.555535972Z,2019-11-09T07:51:51.555835962Z,0.000299990,18,2.10143910631299e-6,5.2449,2.3075,537350.9,direct,1,3.690380780263913e-3,1,21,0,0,25376,1830,21,0,0,25376,1830,0.143
20191110,2019-11-10T06:16:13.796953976Z,2019-11-10T06:16:13.797599971Z,0.000645995,18,2.1617702947871432e-8,50.6271,25.0356,535046.8,direct,0,8.524161232685845e-3,5,23,0,0,18454,998,23,0,0,18454,998,0.174
20191111,2019-11-11T18:38:58.865305960Z,2019-11-11T18:38:58.866259962Z,0.000954002,17,2.3949722713861287e-6,186.6831,1.4363,539942.5,direct,1,5.751757478895173e-4,6,26,5,0,15092,2896,26,5,0,15092,2896,0.154
20191116,2019-11-16T15:27:58.280315995Z,2019-11-16T15:27:58.281893998Z,0.001578003,28,1.1987455804989894e-7,28.0792,-6.2211,537627.6,direct,0,1.639209900827801e-3,11,45,4,1,15628,2227,45,4,1,15628,2227,0.111
20191120,2019-11-20T13:17:29.377657979Z,2019-11-20T13:17:29.378707975Z,0.001049996,22,4.45691248333091e-8,48.9341,-17.9511,539558.2,direct,0,7.377862224407835e-4,1,33,0,0,17106,1041,33,0,0,17106,1041,0.242
20191122,2019-11-22T18:29:17.453225970Z,2019-11-22T18:29:17.453777968Z,0.000551998,19,9.495257343947157e-8,130.5503,12.8795,545397.8,direct,1,1.808743406278174e-3,7,23,0,0,16495,2510,23,0,0,16495,2510,0.130
20191122,2019-11-22T21:39:25.952895939Z,2019-11-22T21:39:25.954229950Z,0.001334011,23,4.2099064900569194e-8,80.6297,11.5433,545526.3,direct,1,1.8852045160232768e-3,1,41,0,0,23640,1466,41,0,0,23640,1466,0.146
20191127,2019-11-27T16:41:32.877785950Z,2019-11-27T16:41:32.877923965Z,0.000138015,14,5.770838847963173e-7,276.8170,13.3873,532964.9,direct,1,1.6521422752233425e-3,3,17,0,0,16940,1709,17,0,0,16940,1709,0.118
20191207,2019-12-07T12:45:36.227845996Z,2019-12-07T12:45:36.228486001Z,0.000640005,21,2.9537188314809528e-8,110.9488,3.8312,542433.0,direct,0,9.015654454552904e-4,5,29,2,1,19823,2587,29,2,1,19823,2587,0.172
20191211,2019-12-11T08:51:21.449415981Z,2019-12-11T08:51:21.451079964Z,0.001663983,27,3.8767743253106355e-7,134.4176,-5.7576,538705.8,direct,0,3.445929784443898e-3,8,37,7,0,14559,2368,37,7,0,14559,2368,0.135
20191212,2019-12-12T20:40:54.880149960Z,2019-12-12T20:40:54.881441950Z,0.001291990,24,2.9000761057976463e-8,139.7900,-5.8331,541919.8,direct,0,4.436658945988034e-3,3,41,7,2,21587,1865,41,7,2,21587,1865,0.098
20191216,2019-12-16T12:45:11.471031963Z,2019-12-16T12:45:11.472495973Z,0.001464010,20,4.745895110290297e-8,35.9404,-11.7287,535419.8,direct,0,1.9694349889353333e-3,5,42,5,1,20847,1064,42,5,1,20847,1064,0.119
20191217,2019-12-17T03:52:57.154681980Z,2019-12-17T03:52:57.156283974Z,0.001601994,27,4.452943426506098e-7,350.8025,6.4326,545332.9,direct,0,1.3934206868289483e-3,11,42,8,3,15453,2092,42,8,3,15453,2092,0.143
20191218,2019-12-18T07:42:01.074571996Z,2019-12-18T07:42:01.075320005Z,0.000748009,25,6.687783556492866e-8,107.9936,-4.6260,534081.9,direct,0,1.0657956478977134e-3,2,29,4,1,18203,2550,29,4,1,18203,2550,0.138
20191219,2019-12-19T12:16:01.113480001Z,2019-12-19T12:16:01.114785999Z,0.001305998,29,3.230215056396427e-8,26.0625,-9.8597,534083.3,direct,0,3.2788521432669453e-3,5,45,7,4,19225,1468,45,7,4,19225,1468,0.133
20191219,2019-12-19T12:16:43.952493965Z,2019-12-19T12:16:43.954125940Z,0.001631975,44,1.1901682797054167e-6,27.9052,-8.0330,533821.0,direct,0,3.688222276862552e-3,5,54,1,0,18742,1476,54,1,0,18742,1476,0.093
20191222,2019-12-22T06:12:00.954337954Z,2019-12-22T06:12:00.955565959Z,0.001228005,18,2.4635826898339404e-7,278.2096,10.8189,546921.5,direct,1,4.342437054339808e-3,9,33,7,0,16574,2158,33,7,0,16574,2158,0.152
20191222,2019-12-22T11:48:38.558135986Z,2019-12-22T11:48:38.559403985Z,0.001267999,18,1.7102109025124643e-8,20.7377,-3.3294,532654.3,direct,0,5.511741217932956e-3,0,34,0,0,18699,1220,34,0,0,18699,1220,0.147
20191223,2019-12-23T15:37:19.774903953Z,2019-12-23T15:37:19.775441974Z,0.000538021,22,9.911864354150622e-6,137.0589,2.4037,547363.1,direct,1,3.4415300631095813e-3,2,27,5,0,22602,1966,27,5,0,22602,1966,0.185
20191225,2019-12-25T13:43:49.358687996Z,2019-12-25T13:43:49.360228002Z,0.001540006,19,2.4378898847669978e-6,157.9385,-2.2211,547836.3,direct,0,1.0656677813293991e-3,2,42,3,0,19913,1580,42,3,0,19913,1580,0.143
20191225,2019-12-25T16:58:49.504349976Z,2019-12-25T16:58:49.505131959Z,0.000781983,19,4.799892187991264e-7,120.5160,-13.2832,549691.3,direct,0,1.806527481353987e-3,6,27,7,3,18215,1674,27,7,3,18215,1674,0.148
20191228,2019-12-28T14:52:13.844567954Z,2019-12-28T14:52:13.845765948Z,0.001197994,24,1.2083446496811011e-6,129.5462,-9.9686,548989.1,direct,0,1.2796648791082698e-2,4,37,3,0,19593,1470,37,3,0,19593,1470,0.135
20191230,2019-12-30T14:29:08.298391997Z,2019-12-30T14:29:08.298940002Z,0.000548005,19,1.119514181698376e-6,113.7594,-1.9461,546321.5,direct,0,6.824243439062372e-3,7,24,2,1,18121,1843,24,2,1,18121,1843,0.167
20200113,2020-01-13T09:05:38.937021970Z,2020-01-13T09:05:38.938767969Z,0.001745999,43,6.380864594352041e-8,125.5857,-19.4933,543039.9,direct,0,1.486421457257602e-3,6,59,7,4,20031,1099,59,7,4,20031,1099,0.119
20200114,2020-01-14T07:23:14.102337986Z,2020-01-14T07:23:14.102693974Z,0.000355988,17,2.235823298488126e-7,154.6302,-26.1908,545916.2,direct,1,4.92375124989755e-4,4,22,2,0,25791,1082,22,2,0,25791,1082,0.136
20200121,2020-01-21T09:57:46.889461964Z,2020-01-21T09:57:46.890399962Z,0.000937998,19,7.375163514658511e-6,209.1699,-8.5389,548871.9,direct,0,8.196049504139005e-5,7,28,3,1,15972,2085,28,3,1,15972,2085,0.143
20200124,2020-01-24T19:06:23.491847991Z,2020-01-24T19:06:23.492755979Z,0.000907988,23,2.1731329337402452e-8,68.4534,8.4367,546807.1,direct,0,9.015654454552904e-4,3,29,0,0,21028,1044,29,0,0,21028,1044,0.207
20200131,2020-01-31T01:16:42.753673970Z,2020-01-31T01:16:42.753895968Z,0.000221998,19,9.8417894279884e-6,119.0837,-11.7401,535974.6,direct,1,2.131063044012786e-3,4,20,6,4,17737,857,20,6,4,17737,857,0.150
20200209,2020-02-09T17:20:46.575171977Z,2020-02-09T17:20:46.575851976Z,0.000679999,16,5.901032266411328e-7,192.0539,-24.6991,544261.1,direct,1,1.393615474141464e-3,7,26,3,1,19251,986,26,3,1,19251,986,0.154
20200212,2020-02-12T13:37:12.397995978Z,2020-02-12T13:37:12.398607969Z,0.000611991,15,4.272479411433458e-7,220.3452,-17.9182,545968.2,direct,1,6.39120463076797e-3,5,23,2,0,16565,1628,23,2,0,16565,1628,0.217
20200213,2020-02-13T00:40:16.237609982Z,2020-02-13T00:40:16.238101989Z,0.000492007,16,7.88312743476631e-6,39.2102,-7.2327,545284.5,direct,0,7.378349151708877e-4,10,21,3,0,15452,2649,21,3,0,15452,2649,0.143
20200217,2020-02-17T10:12:30.722339957Z,2020-02-17T10:12:30.723357975Z,0.001018018,20,3.846761041670998e-6,27.0059,-11.8470,534145.8,direct,0,2.049030546676502e-3,5,34,6,2,20567,1509,34,6,2,20567,1509,0.118
20200218,2020-02-18T22:05:59.872053980Z,2020-02-18T22:05:59.872393965Z,0.000339985,18,9.019928009471929e-6,42.8009,-10.0854,548334.4,direct,1,9.835259404966806e-4,10,20,0,0,15981,1152,20,0,0,15981,1152,0.200
20200304,2020-03-04T03:25:04.757009953Z,2020-03-04T03:25:04.757327973Z,0.000318020,17,1.3288060021146605e-8,178.2210,32.0466,536237.0,direct,0,1.8073181378575529e-3,3,19,2,0,19495,1808,19,2,0,19495,1808,0.105
20200316,2020-03-16T10:17:54.956203937Z,2020-03-16T10:17:54.956947952Z,0.000744015,19,2.5661253582140306e-8,204.1143,-12.1282,549568.4,direct,0,4.918172854684042e-4,8,29,7,1,16477,2725,29,7,1,16477,2725,0.138
20200321,2020-03-21T00:00:00.009819984Z,2020-03-21T00:00:00.012602001Z,0.002782017,16,1.2208880346016844e-7,340.8639,-1.3113,547056.5,direct,0,0e0,12,32,0,0,2885,194,32,0,0,2885,194,0.281
20200321,2020-03-21T00:00:00.047038018Z,2020-03-21T00:00:00.051993995Z,0.004955977,14,6.629902291340157e-6,340.8654,-1.3097,547056.3,direct,0,0e0,12,52,6,2,2939,204,52,6,2,2939,204,0.250
20200321,2020-03-21T17:24:14.940283954Z,2020-03-21T17:24:14.941549956Z,0.001266002,24,5.981472649053863e-6,62.7818,-12.5499,548113.6,direct,0,0e0,0,47,7,4,28648,2572,47,7,4,28648,2572,0.128
20200322,2020-03-22T18:46:09.717655956Z,2020-03-22T18:46:09.719001978Z,0.001346022,24,1.7633451940269432e-8,25.2720,-20.8239,548577.7,direct,0,7.376444553725104e-4,1,47,3,2,23807,1488,47,3,2,23807,1488,0.128
20200327,2020-03-27T03:41:28.358763992Z,2020-03-27T03:41:28.359897971Z,0.001133979,18,1.714835963038006e-6,233.5680,-12.3510,544741.1,direct,0,0e0,12,30,4,1,16192,2816,30,4,1,16192,2816,0.133
20200329,2020-03-29T12:58:41.778721958Z,2020-03-29T12:58:41.780059963Z,0.001338005,28,2.8987204059954673e-7,93.6772,1.2727,542942.9,direct,1,3.527209220555692e-3,2,41,4,2,23517,2855,41,4,2,23517,2855,0.098
20200404,2020-04-04T15:06:35.395919978Z,2020-04-04T15:06:35.397119969Z,0.001199991,24,1.0818480653557851e-6,15.2523,-5.3147,537568.3,direct,0,7.563091844930744e-3,3,34,4,2,19143,1435,34,4,2,19143,1435,0.118
20200405,2020-04-05T06:58:32.683739960Z,2020-04-05T06:58:32.684149950Z,0.000409990,16,2.323614112740378e-7,129.1935,-8.7866,537316.0,direct,0,4.278773584132448e-3,6,23,8,2,14687,1480,23,8,2,14687,1480,0.130
20200407,2020-04-07T06:41:01.953395962Z,2020-04-07T06:41:01.954319953Z,0.000923991,20,4.902145289080812e-7,127.8746,-2.1709,535880.3,direct,1,3.5604101385132364e-3,7,25,4,2,14321,2376,25,4,2,14321,2376,0.200
20200409,2020-04-09T12:39:30.327605992Z,2020-04-09T12:39:30.328761994Z,0.001156002,22,4.967077397145806e-6,15.9439,-9.3198,534649.0,direct,0,1.393373936562577e-3,4,33,1,1,19347,1317,33,1,1,19347,1317,0.152
20200410,2020-04-10T06:09:15.514807969Z,2020-04-10T06:09:15.516481965Z,0.001673996,24,1.7462762706690149e-7,111.9381,-6.4541,534233.7,direct,0,1.639209900827801e-3,2,38,5,2,16915,1591,38,5,2,16915,1591,0.132
20200416,2020-04-16T15:32:23.287867993Z,2020-04-16T15:32:23.289507985Z,0.001639992,23,1.205985428895084e-6,120.2605,-3.3129,547614.4,direct,0,1.8041350299155808e-3,5,50,3,1,18857,1932,50,3,1,18857,1932,0.140
20200429,2020-04-29T01:26:21.554531991Z,2020-04-29T01:26:21.555733978Z,0.001201987,24,1.015234116922318e-8,70.2732,2.2166,537256.1,direct,1,2.705253233341529e-3,3,41,5,3,25639,1773,41,5,3,25639,1773,0.122
20200601,2020-06-01T20:32:24.834905952Z,2020-06-01T20:32:24.835611939Z,0.000705987,16,5.10168970269903e-6,107.1549,-4.1831,541934.7,direct,1,1.2476147528891074e-3,5,25,2,0,17352,1883,25,2,0,17352,1883,0.160
20200604,2020-06-04T20:55:32.903385937Z,2020-06-04T20:55:32.904113948Z,0.000728011,22,1.246994723645924e-6,278.4222,18.6177,538128.8,direct,1,5.509300204901237e-3,10,30,1,1,19361,3223,30,1,1,19361,3223,0.133
20200605,2020-06-05T14:53:12.789761960Z,2020-06-05T14:53:12.791307955Z,0.001545995,33,1.2108050996702865e-6,129.2356,27.6143,548137.3,direct,0,6.804787705925744e-3,6,47,1,0,20286,916,47,1,0,20286,916,0.106
20200605,2020-06-05T16:39:31.884003937Z,2020-06-05T16:39:31.884175956Z,0.000172019,14,8.57992138999112e-8,135.2507,0.7639,544847.6,direct,1,5.737436603557085e-4,6,17,5,0,20658,1745,17,5,0,20658,1745,0.176
20200606,2020-06-06T14:43:36.309780001Z,2020-06-06T14:43:36.310829997Z,0.001049996,22,2.1486512104726944e-8,126.8569,26.5884,547984.9,direct,1,2.213238029669699e-3,2,35,0,0,21236,853,35,0,0,21236,853,0.114
20200610,2020-06-10T14:10:02.018293976Z,2020-06-10T14:10:02.019339978Z,0.001046002,20,2.741731002156655e-7,130.4540,10.4182,546580.1,direct,0,1.639209900827801e-4,1,35,1,0,22879,1079,35,1,0,22879,1079,0.171
20200613,2020-06-13T17:44:24.570415973Z,2020-06-13T17:44:24.572215974Z,0.001800001,16,2.5837784394679826e-7,253.9429,5.7532,531823.2,direct,0,3.278419801655602e-4,11,49,10,6,16843,3001,49,10,6,16843,3001,0.122
20200614,2020-06-14T15:00:34.574823975Z,2020-06-14T15:00:34.575359970Z,0.000535995,19,2.588579985463978e-6,78.3396,21.3867,545326.5,direct,0,1.7211747397754282e-3,2,24,0,0,17387,949,24,0,0,17387,949,0.167
20200614,2020-06-14T22:28:52.482933908Z,2020-06-14T22:28:52.484911978Z,0.001978070,13,1.4820904922383488e-8,201.1862,26.6091,534100.8,direct,0,0e0,14,20,2,0,3589,486,20,2,0,3589,486,0.200
20200620,2020-06-20T06:00:11.135971993Z,2020-06-20T06:00:11.136227995Z,0.000256002,13,8.815581821042489e-7,166.2131,28.5769,540885.5,direct,0,0e0,18,15,2,0,13349,1271,15,2,0,13349,1271,0.200
20200623,2020-06-23T04:54:37.972725957Z,2020-06-23T04:54:37.974279940Z,0.001553983,22,1.9084897472353282e-7,20.4988,1.4321,535800.4,direct,1,2.45963453815261e-3,1,42,3,1,19321,1249,42,3,1,19321,1249,0.119
20200624,2020-06-24T22:55:53.158993989Z,2020-06-24T22:55:53.160579979Z,0.001585990,32,4.902880876671687e-8,265.3765,10.9951,538822.6,direct,1,5.609756413408737e-3,4,46,0,0,18716,989,46,0,0,18716,989,0.130
20200625,2020-06-25T10:57:51.138221979Z,2020-06-25T10:57:51.138917982Z,0.000696003,14,7.764776739895262e-8,280.9145,6.8215,536295.6,direct,1,4.8066984181624455e-3,13,26,5,1,18194,2334,26,5,1,18194,2334,0.115
20200701,2020-07-01T08:23:19.117877990Z,2020-07-01T08:23:19.118651986Z,0.000773996,19,3.9044759026407935e-8,285.1572,10.2111,540320.1,direct,1,6.970075600360626e-3,7,25,1,0,18789,1218,25,1,0,18789,1218,0.160
20200705,2020-07-05T22:40:19.367903947Z,2020-07-05T22:40:19.368196010Z,0.000292063,12,8.135178235000168e-6,198.3604,10.8083,532196.5,direct,0,0e0,4,19,2,2,17141,1535,19,2,2,17141,1535,0.211
20200706,2020-07-06T06:44:43.734105944Z,2020-07-06T06:44:43.735675930Z,0.001569986,21,1.8191761437083855e-8,96.8113,-9.2442,535913.5,direct,0,2.294893861158921e-3,5,46,7,3,16982,1765,46,7,3,16982,1765,0.109
20200716,2020-07-16T13:45:02.458941996Z,2020-07-16T13:45:02.459405958Z,0.000463962,14,1.7570137778473882e-6,96.5417,1.3137,545749.1,direct,1,3.196660265552004e-3,3,20,4,4,17536,2318,20,4,4,17536,2318,0.250
20200721,2020-07-21T09:43:56.021953999Z,2020-07-21T09:43:56.022795975Z,0.000841976,19,2.323295596855857e-6,125.6832,1.4466,543107.7,direct,0,2.4701220391771167e-4,5,27,5,1,15276,2514,27,5,1,15276,2514,0.148
20200721,2020-07-21T11:17:58.974675953Z,2020-07-21T11:17:58.976051926Z,0.001375973,25,3.6831912048944555e-8,98.2233,-1.8597,542814.6,direct,0,8.366158306696172e-3,1,43,2,0,22024,2385,43,2,0,22024,2385,0.140
20200727,2020-07-27T07:50:11.913959920Z,2020-07-27T07:50:11.914745926Z,0.000786006,15,2.738549622102268e-7,280.4079,12.6547,542352.5,direct,1,2.2140307187935417e-3,4,27,3,0,16777,1283,27,3,0,16777,1283,0.111
20200728,2020-07-28T10:13:12.580427944Z,2020-07-28T10:13:12.581455945Z,0.001028001,18,4.0200099682292554e-8,86.0646,13.3695,539452.7,direct,0,1.6393545692975986e-3,4,36,1,0,23711,1100,36,1,0,23711,1100,0.222
20200804,2020-08-04T04:51:59.055181980Z,2020-08-04T04:51:59.057006001Z,0.001824021,20,1.669834998726081e-8,267.9526,17.6965,546496.5,direct,1,1.3387652249815588e-2,10,52,0,0,19085,1200,52,0,0,19085,1200,0.115
20200805,2020-08-05T04:44:47.088555395Z,2020-08-05T04:44:47.089897930Z,0.001342535,26,5.06463493167458e-6,271.8539,10.4544,546115.6,direct,0,1.4519977075649537e-2,9,33,7,2,17631,1547,33,7,2,17631,1547,0.152
20200806,2020-08-06T08:51:41.908577919Z,2020-08-06T08:51:41.908595919Z,0.000018000,10,9.995668937408389e-6,80.4912,34.2824,539626.3,direct,0,8.204403737398574e-5,5,10,0,0,14554,1468,10,0,0,14554,1468,0.200
20200812,2020-08-12T00:20:05.822409927Z,2020-08-12T00:20:05.823199927Z,0.000790000,20,4.006356508494256e-6,284.3320,18.5223,544413.4,direct,0,2.0652978608310794e-3,6,29,4,0,18052,2961,29,4,0,18052,2961,0.138
20200816,2020-08-16T20:14:10.088281989Z,2020-08-16T20:14:10.089226007Z,0.000944018,18,2.2878872846035285e-6,298.9314,29.1941,540248.2,direct,1,1.8854390213916892e-3,13,31,2,1,20399,3670,31,2,1,20399,3670,0.194
20200816,2020-08-16T21:27:44.294113993Z,2020-08-16T21:27:44.295103967Z,0.000989974,21,1.5900200389990725e-6,180.1354,32.7949,534235.3,direct,0,9.837654290631916e-4,11,31,2,0,16951,1298,31,2,0,16951,1298,0.161
20200819,2020-08-19T21:31:12.446125984Z,2020-08-19T21:31:12.446671962Z,0.000545978,18,6.131768608922295e-8,296.5851,-0.1166,542263.1,direct,0,1.803735669207442e-3,2,22,5,2,16110,2569,22,5,2,16110,2569,0.273
20200820,2020-08-20T12:47:21.804969966Z,2020-08-20T12:47:21.805129945Z,0.000159979,12,9.210809516049974e-6,274.6260,26.0008,534125.2,direct,0,2.0204350012294075e-2,24,15,6,2,17304,3829,15,6,2,17304,3829,0.133
20200820,2020-08-20T12:48:26.140290021Z,2020-08-20T12:48:26.141263961Z,0.000973940,19,4.8050346221670224e-8,278.0964,28.3259,534246.1,direct,0,1.579584938119826e-2,24,33,4,0,18046,4096,33,4,0,18046,4096,0.152
20200821,2020-08-21T09:18:29.516947984Z,2020-08-21T09:18:29.517463982Z,0.000515998,20,2.175408379620783e-8,296.6669,6.2277,536054.6,direct,0,9.850132366199492e-4,12,22,1,1,15376,1398,22,1,1,15376,1398,0.136
20200821,2020-08-21T19:28:16.827577948Z,2020-08-21T19:28:16.828157961Z,0.000580013,17,4.454067049393411e-7,293.8163,18.5716,537135.8,direct,0,4.099696008523891e-4,8,25,6,1,17109,2667,25,6,1,17109,2667,0.120
20200823,2020-08-23T08:57:56.141556024Z,2020-08-23T08:57:56.142247974Z,0.000691950,19,8.776162174211816e-7,288.0471,5.3904,537794.3,direct,1,2.4611594951233504e-3,3,26,5,3,19241,2197,26,5,3,19241,2197,0.115
20200823,2020-08-23T18:36:22.469981968Z,2020-08-23T18:36:22.471115946Z,0.001133978,20,2.409367257708424e-7,159.9513,21.5433,535950.5,direct,0,2.3136423080075403e-3,5,30,6,0,15159,2685,30,6,0,15159,2685,0.133
20200824,2020-08-24T20:04:35.832379937Z,2020-08-24T20:04:35.833183944Z,0.000804007,19,1.2652397160708252e-8,141.1750,28.3046,536271.7,direct,0,4.918413818539464e-4,5,28,1,1,19107,920,28,1,1,19107,920,0.214
20200825,2020-08-25T08:38:56.126414Z,2020-08-25T08:38:56.127982020Z,0.001568020,18,6.206321251338551e-8,283.4054,8.5659,538739.7,direct,1,3.6076323989836898e-3,3,41,3,1,18362,2788,41,3,1,18362,2788,0.098
20200825,2020-08-25T14:53:24.315365970Z,2020-08-25T14:53:24.316769957Z,0.001403987,15,3.5716004003815595e-6,169.0883,-9.0542,544219.5,direct,0,4.429931522006393e-3,13,35,4,0,15275,2270,35,4,0,15275,2270,0.114
20200903,2020-09-03T15:57:10.656473994Z,2020-09-03T15:57:10.657613992Z,0.001139998,9,3.951726834142654e-6,308.9074,-21.2700,539593.2,direct,0,0e0,1,10,0,0,95,8,10,0,0,95,8,0.400
20200903,2020-09-03T15:57:10.763415992Z,2020-09-03T15:57:10.764110028Z,0.000694036,9,2.0608141517311178e-7,308.9126,-21.2742,539595.2,direct,0,0e0,1,9,0,0,94,20,9,0,0,94,20,0.333
20200907,2020-09-07T14:59:42.483845949Z,2020-09-07T14:59:42.484393954Z,0.000548005,21,1.0173344568766873e-8,248.3384,21.4758,533796.1,direct,1,8.19801008114089e-4,9,28,0,0,21189,1106,28,0,0,21189,1106,0.143
20200910,2020-09-10T10:39:17.642965972Z,2020-09-10T10:39:17.644241929Z,0.001275957,16,1.5205045729877495e-8,139.2602,-0.6835,546166.6,direct,0,1.149169338578805e-3,11,34,12,5,15040,3176,34,12,5,15040,3176,0.147
20200913,2020-09-13T02:21:54.404647946Z,2020-09-13T02:21:54.405117988Z,0.000470042,16,4.704649472109903e-6,274.5684,23.3626,547105.7,direct,0,3.1163367183017787e-3,14,21,2,1,16827,1601,21,2,1,16827,1601,0.190
20200914,2020-09-14T10:44:02.125549972Z,2020-09-14T10:44:02.126411974Z,0.000862002,19,6.283406682704884e-8,285.5030,6.8823,535058.3,direct,0,1.6392999262355545e-3,9,30,4,3,15607,1684,30,4,3,15607,1684,0.133
20200915,2020-09-15T08:20:57.494751989Z,2020-09-15T08:20:57.495309948Z,0.000557959,19,9.501207859421984e-7,163.9949,18.7087,545862.7,direct,1,1.6421490861404802e-4,4,25,2,0,15126,1376,25,2,0,15126,1376,0.120
20200915,2020-09-15T16:12:35.278737962Z,2020-09-15T16:12:35.280182003Z,0.001444041,25,9.405496190427445e-8,29.4551,6.1984,543774.4,direct,0,4.017267363330875e-3,9,37,2,0,18395,1346,37,2,0,18395,1346,0.162
20200917,2020-09-17T23:53:07.204303979Z,2020-09-17T23:53:07.205125987Z,0.000822008,20,4.543015887608738e-6,271.3678,16.7499,544289.7,direct,0,1.5255043283337433e-2,30,27,7,4,14524,3102,27,7,4,14524,3102,0.148
20200920,2020-09-20T23:24:28.796731948Z,2020-09-20T23:24:28.797423958Z,0.000692010,18,1.0478097452224877e-7,264.6917,21.0088,543501.9,direct,1,1.1218725202852223e-2,9,29,1,0,20978,1460,29,1,0,20978,1460,0.103
20200921,2020-09-21T14:10:57.887841939Z,2020-09-21T14:10:57.888687968Z,0.000846029,26,2.5824254483200693e-8,162.7719,26.5323,545304.4,direct,0,9.177890131956397e-3,0,29,3,0,17122,1539,29,3,0,17122,1539,0.138
20200928,2020-09-28T20:11:31.090294003Z,2020-09-28T20:11:31.090789973Z,0.000495970,15,6.818923840318985e-7,214.1653,-20.6544,536880.0,direct,0,0e0,7,24,3,1,16954,2194,24,3,1,16954,2194,0.125
20201001,2020-10-01T18:27:22.088725984Z,2020-10-01T18:27:22.089089989Z,0.000364005,19,1.396684340308271e-7,286.8005,32.0436,539336.5,direct,1,6.280266732235063e-3,11,24,5,1,25094,1621,24,5,1,25094,1621,0.208
20201006,2020-10-06T00:40:33.145370006Z,2020-10-06T00:40:33.145990014Z,0.000620008,15,2.649926863062692e-7,299.3059,4.4739,545907.4,direct,0,8.220308376362593e-3,14,20,3,1,11321,2125,20,3,1,11321,2125,0.200
20201007,2020-10-07T00:28:37.696255922Z,2020-10-07T00:28:37.697097957Z,0.000842035,18,6.300804579080589e-6,290.9206,9.0110,545301.2,direct,1,8.292644398000164e-3,3,26,4,2,15756,2491,26,4,2,15756,2491,0.154
20201014,2020-10-14T21:33:28.853039920Z,2020-10-14T21:33:28.854211926Z,0.001172006,19,3.10155562537644e-6,287.7319,5.3380,541614.7,direct,0,2.3705433079255797e-3,4,33,2,0,15901,2251,33,2,0,15901,2251,0.182
20201017,2020-10-17T18:50:21.220681965Z,2020-10-17T18:50:21.221531987Z,0.000850022,23,2.1443362458897345e-6,159.1909,20.6209,534573.7,direct,0,1.5577828292762889e-3,5,27,6,1,15104,2610,27,6,1,15104,2610,0.148
20201024,2020-10-24T11:23:35.337849974Z,2020-10-24T11:23:35.337955951Z,0.000105977,11,7.168655514726453e-6,247.3308,32.8059,538691.6,direct,0,0e0,20,14,0,0,19124,1569,14,0,0,19124,1569,0.214
20201030,2020-10-30T05:27:33.354687988Z,2020-10-30T05:27:33.355603992Z,0.000916004,14,1.1093825393086545e-7,269.1576,12.3075,544049.2,direct,1,1.891741767068273e-2,17,24,2,2,14018,2154,24,2,2,14018,2154,0.125
20201106,2020-11-06T01:05:25.041195988Z,2020-11-06T01:05:25.042169988Z,0.000974000,23,1.3066878863345448e-6,289.8929,11.7191,545738.6,direct,1,5.882667117449389e-3,3,28,5,2,18184,1077,28,5,2,18184,1077,0.143
20201110,2020-11-10T20:10:41.760927915Z,2020-11-10T20:10:41.761471927Z,0.000544012,23,6.666256492722153e-7,137.1836,2.4199,534808.7,direct,0,1.639209900827801e-4,0,29,0,0,23869,863,29,0,0,23869,863,0.241
20201111,2020-11-11T08:49:10.043879985Z,2020-11-11T08:49:10.045759975Z,0.001879990,19,1.7002750965544093e-8,292.5920,12.9142,536403.8,direct,0,1.0255666928940251e-2,9,44,7,2,16441,1606,44,7,2,16441,1606,0.114
20201112,2020-11-12T14:37:04.004140019Z,2020-11-12T14:37:04.005519986Z,0.001379967,31,9.964708403737425e-7,99.5275,40.9782,549758.7,direct,0,0e0,14,38,7,2,16879,1243,38,7,2,16879,1243,0.105
20201119,2020-11-19T09:59:17.591869950Z,2020-11-19T09:59:17.593077957Z,0.001208007,20,1.6216505425513906e-8,67.3539,9.4706,538741.9,direct,1,9.016945168428816e-4,1,38,5,1,19835,724,38,5,1,19835,724,0.105
20201126,2020-11-26T10:20:04.949119925Z,2020-11-26T10:20:04.950737953Z,0.001618028,31,9.894044622470584e-7,8.0261,1.4210,533237.9,direct,1,1.803130890910581e-3,6,49,3,1,21599,1328,49,3,1,21599,1328,0.122
20201128,2020-11-28T13:59:53.691227972Z,2020-11-28T13:59:53.691573977Z,0.000346005,18,6.514111952459146e-6,124.5270,-6.4326,546151.9,direct,0,2.049056298664044e-3,2,20,2,0,19878,1348,20,2,0,19878,1348,0.150
20201216,2020-12-16T16:23:01.651899933Z,2020-12-16T16:23:01.653283953Z,0.001384020,29,2.578032464801282e-6,133.6027,-10.2226,542976.9,direct,0,1.0593167682976806e-2,5,38,4,0,15107,2640,38,4,0,15107,2640,0.132
20201217,2020-12-17T16:11:46.922199964Z,2020-12-17T16:11:46.923687934Z,0.001487970,27,5.94508189338356e-7,127.1030,-12.7629,544635.8,direct,0,5.602015933120236e-3,14,37,3,1,15534,2176,37,3,1,15534,2176,0.162
20201218,2020-12-18T06:35:44.256547987Z,2020-12-18T06:35:44.257687985Z,0.001139998,22,2.357039534266692e-7,284.3070,2.9111,539787.1,direct,1,2.762265191377756e-3,4,39,4,0,18297,2557,39,4,0,18297,2557,0.103
20201219,2020-12-19T13:20:13.469561934Z,2020-12-19T13:20:13.470983982Z,0.001422048,16,2.0406658600243895e-6,311.5751,31.2052,534120.0,direct,1,5.814450643389886e-3,8,42,2,2,19025,3212,42,2,2,19025,3212,0.143
20201230,2020-12-30T06:04:14.646203935Z,2020-12-30T06:04:14.647721946Z,0.001518011,22,1.497502012259112e-8,204.0778,-6.9450,546951.4,direct,1,4.925128268174739e-4,4,36,0,0,16139,1036,36,0,0,16139,1036,0.194
20201230,2020-12-30T08:29:13.168882012Z,2020-12-30T08:29:13.169685959Z,0.000803947,22,6.102332766453741e-7,352.8321,1.7001,531775.3,direct,0,1.8044839931153185e-3,7,26,9,3,16024,2865,26,9,3,16024,2865,0.154
20210104,2021-01-04T01:17:00.666325926Z,2021-01-04T01:17:00.666551947Z,0.000226021,15,8.040493276856854e-8,45.5038,24.5941,536877.8,direct,0,0e0,9,17,0,0,11625,1080,17,0,0,11625,1080,0.176
20210107,2021-01-07T03:58:25.453299999Z,2021-01-07T03:58:25.454407989Z,0.001107990,22,6.554808361091881e-6,15.2092,-3.2167,534204.2,direct,0,9.835259404966806e-4,8,31,3,1,15834,2053,31,3,1,15834,2053,0.129
20210108,2021-01-08T12:25:44.536687970Z,2021-01-08T12:25:44.537303984Z,0.000616014,15,1.6969148714455671e-6,40.9842,-13.8286,542887.9,direct,0,3.606861126137202e-3,6,24,3,1,17280,1809,24,3,1,17280,1809,0.125
20210109,2021-01-09T23:33:09.790225923Z,2021-01-09T23:33:09.790409922Z,0.000183999,12,2.9487590639756437e-7,254.1195,13.0110,543269.9,direct,1,5.119717236292108e-4,17,13,3,0,13359,2722,13,3,0,13359,2722,0.231
20210111,2021-01-11T11:51:56.951059937Z,2021-01-11T11:51:56.951471924Z,0.000411987,18,4.0493333801306273e-7,21.0677,-21.1158,541441.3,direct,1,2.9511294647979673e-3,2,24,3,2,23714,1313,24,3,2,23714,1313,0.125
20210113,2021-01-13T20:44:50.569543957Z,2021-01-13T20:44:50.569805979Z,0.000262022,18,5.406694977812716e-7,151.3184,-42.1162,544526.7,direct,0,5.364084829112368e-3,28,22,1,0,29155,1651,22,1,0,29155,1651,0.182
20210114,2021-01-14T03:26:31.302591979Z,2021-01-14T03:26:31.304113984Z,0.001522005,44,1.8575921795762008e-8,136.3111,-16.3936,539201.9,direct,0,1.3428514343086633e-2,9,53,10,3,16533,2978,53,10,3,16533,2978,0.132
20210115,2021-01-15T05:57:59.047325968Z,2021-01-15T05:57:59.048246026Z,0.000920058,9,6.5260638065262695e-6,327.1738,-29.7936,542392.6,direct,0,0e0,9,9,0,0,261,23,9,0,0,261,23,0.333
20210115,2021-01-15T05:57:59.057936012Z,2021-01-15T05:57:59.059650003Z,0.001713991,10,2.2193740611145233e-8,327.1744,-29.7940,542392.7,direct,0,0e0,9,14,0,0,239,23,14,0,0,239,23,0.357
20210117,2021-01-17T02:54:17.024088025Z,2021-01-17T02:54:17.025655984Z,0.001567959,28,1.321477109854433e-7,120.7262,-19.8608,537975.3,direct,1,6.475612187525613e-3,12,41,1,0,17896,1543,41,1,0,17896,1543,0.171
20210124,2021-01-24T13:49:46.286155998Z,2021-01-24T13:49:46.286803960Z,0.000647962,19,5.898857322407015e-7,124.4067,-12.0638,546136.3,direct,1,8.544498073928367e-4,8,23,6,1,14773,1688,23,6,1,14773,1688,0.174
20210201,2021-02-01T10:44:58.996089935Z,2021-02-01T10:44:58.997243940Z,0.001154005,18,5.6873618282650415e-8,99.6259,6.3864,543915.6,direct,1,7.586152036718302e-4,5,34,1,0,18160,1440,34,1,0,18160,1440,0.118
20210204,2021-02-04T08:46:56.208057999Z,2021-02-04T08:46:56.209625959Z,0.001567960,27,3.4871095145459843e-6,133.0533,-14.4592,547673.4,direct,0,9.443954405376608e-3,7,40,10,7,15948,1840,40,10,7,15948,1840,0.125
20210204,2021-02-04T15:06:43.611343979Z,2021-02-04T15:06:43.611619949Z,0.000275970,16,1.4526607324992117e-7,32.1536,-10.7822,546123.3,direct,0,6.556839603311204e-4,22,18,0,0,12529,1227,18,0,0,12529,1227,0.167
20210207,2021-02-07T17:56:21.269367992Z,2021-02-07T17:56:21.270257949Z,0.000889957,8,1.818386221716777e-8,2.0587,-33.1875,554130.6,direct,0,0e0,2,8,0,0,26,4,8,0,0,26,4,0.250
20210207,2021-02-07T17:57:42.086062014Z,2021-02-07T17:57:42.087473988Z,0.001411974,8,2.3559997354107344e-8,7.1449,-35.5558,555160.4,direct,0,0e0,2,10,2,0,4,0,10,2,0,4,0,0.300
20210212,2021-02-12T12:38:54.665753960Z,2021-02-12T12:38:54.666303992Z,0.000550032,20,2.9299851617661563e-6,143.4628,-32.5213,553102.3,direct,1,1.230243291533481e-3,5,25,2,0,26136,3329,25,2,0,26136,3329,0.120
20210215,2021-02-15T03:44:09.919433951Z,2021-02-15T03:44:09.920405983Z,0.000972032,23,3.2951327019112653e-8,142.1743,-17.1700,542566.8,direct,0,1.8852502663716088e-3,5,35,5,0,22854,2026,35,5,0,22854,2026,0.143
20210215,2021-02-15T05:21:20.841635942Z,2021-02-15T05:21:20.842269957Z,0.000634015,22,7.519403787663408e-7,123.2395,-21.6468,544596.0,direct,1,3.4568765183181707e-3,5,28,1,0,20747,905,28,1,0,20747,905,0.143
20210215,2021-02-15T21:51:17.114647984Z,2021-02-15T21:51:17.116123974Z,0.001475990,20,1.863791215601132e-6,19.8338,-6.0121,543492.0,direct,0,1.4752889107450208e-3,1,40,6,4,19222,1079,40,6,4,19222,1079,0.175
20210216,2021-02-16T12:05:58.838005959Z,2021-02-16T12:05:58.839035987Z,0.001030028,15,3.283612192859801e-7,153.4257,-13.9360,546747.1,direct,0,1.7222303417752645e-3,4,33,8,3,16258,1709,33,8,3,16258,1709,0.182
20210221,2021-02-21T11:09:53.624491930Z,2021-02-21T11:09:53.625931978Z,0.001440048,24,1.2586588422435354e-6,121.1431,-24.8135,551147.4,direct,0,4.347991041717892e-3,20,35,10,2,16250,3499,35,10,2,16250,3499,0.114
20210226,2021-02-26T15:09:09.884159922Z,2021-02-26T15:09:09.884765982Z,0.000606060,18,2.9350260542481376e-7,43.0069,-13.1339,547059.1,direct,1,1.3119181460536022e-3,4,26,3,2,22818,1950,26,3,2,22818,1950,0.231
20210227,2021-02-27T00:00:00.031361997Z,2021-02-27T00:00:00.033526003Z,0.002164006,17,1.0938253175827077e-6,106.5175,-3.9358,532795.0,direct,0,0e0,22,26,1,0,713,42,26,1,0,713,42,0.154
20210306,2021-03-06T17:52:00.464715957Z,2021-03-06T17:52:00.466197967Z,0.001482010,49,1.5427984888340728e-6,149.6330,-5.0994,535221.6,direct,0,1.9711218916482255e-3,5,56,0,0,23184,1142,56,0,0,23184,1142,0.107
20210308,2021-03-08T07:09:09.447393953Z,2021-03-08T07:09:09.449001967Z,0.001608014,24,1.4636669233010737e-6,112.9079,-1.8034,541444.3,direct,0,1.7219216621588394e-3,5,41,0,0,17468,1133,41,0,0,17468,1133,0.122
20210311,2021-03-11T12:18:33.300999999Z,2021-03-11T12:18:33.302343964Z,0.001343965,34,1.3600258209335424e-8,213.8570,-15.4962,538827.5,direct,0,4.048167920662241e-3,5,41,0,0,16917,1162,41,0,0,16917,1162,0.122
20210313,2021-03-13T10:20:46.075487971Z,2021-03-13T10:20:46.075962007Z,0.000474036,14,1.638110415301494e-7,225.5738,-10.9276,539738.3,direct,1,6.561735923284977e-4,9,19,1,0,12692,1241,19,1,0,12692,1241,0.211
20210315,2021-03-15T04:26:01.575081944Z,2021-03-15T04:26:01.575485944Z,0.000404000,17,8.44957490304873e-8,121.5775,9.7427,537729.7,direct,1,2.588045570035243e-4,1,21,7,0,18381,2536,21,7,0,18381,2536,0.143
20210316,2021-03-16T09:53:50.646633982Z,2021-03-16T09:53:50.647431969Z,0.000797987,15,6.736189432852999e-6,225.2088,-20.9458,542753.0,direct,1,3.278419801655602e-4,3,28,3,1,17392,1836,28,3,1,17392,1836,0.107
20210317,2021-03-17T01:00:00.009171962Z,2021-03-17T01:00:00.011731982Z,0.002560020,15,8.265516287571322e-6,176.9316,22.6547,539652.1,direct,0,0e0,15,30,1,1,312,30,30,1,1,312,30,0.133
20210317,2021-03-17T01:00:00.014519989Z,2021-03-17T01:00:00.016695976Z,0.002175987,15,8.185754972704782e-6,176.9319,22.6549,539652.2,direct,0,0e0,15,25,1,1,303,33,25,1,1,303,33,0.200
20210317,2021-03-17T01:00:00.031123995Z,2021-03-17T01:00:00.034047961Z,0.002923966,15,2.0661543327770923e-6,176.9327,22.6555,539652.4,direct,0,0e0,15,31,2,1,322,26,31,2,1,322,26,0.161
20210317,2021-03-17T01:00:00.049323976Z,2021-03-17T01:00:00.051299989Z,0.001976013,15,4.8941825436562654e-6,176.9336,22.6562,539652.6,direct,0,0e0,15,21,2,0,346,24,21,2,0,346,24,0.143
20210317,2021-03-17T01:00:00.051648020Z,2021-03-17T01:00:00.053597986Z,0.001949966,14,2.75856437497666e-6,176.9337,22.6563,539652.6,direct,0,0e0,15,19,4,3,350,25,19,4,3,350,25,0.158
20210329,2021-03-29T15:28:45.367115974Z,2021-03-29T15:28:45.367407977Z,0.000292003,14,5.169983811358213e-6,35.0176,-3.0787,545076.2,direct,1,1.3933455782312923e-3,13,17,1,1,15670,2123,17,1,1,15670,2123,0.176
20210329,2021-03-29T15:29:54.772849977Z,2021-03-29T15:29:54.773995935Z,0.001145958,18,4.129861307857263e-8,37.9341,-6.0598,545648.9,direct,0,1.311530645029096e-3,14,30,10,2,15789,2050,30,10,2,15789,2050,0.133
20210406,2021-04-06T12:29:22.172663986Z,2021-04-06T12:29:22.174362003Z,0.001698017,35,6.244660683975744e-8,25.5412,0.0471,540738.1,direct,0,2.0491342758790264e-3,13,43,13,6,11771,2410,43,13,6,11771,2410,0.116
20210415,2021-04-15T13:54:43.324343979Z,2021-04-15T13:54:43.325971961Z,0.001627982,49,3.831541627468282e-7,269.0126,29.2179,533597.0,direct,0,2.0246279100073764e-2,5,60,6,4,24457,1557,60,6,4,24457,1557,0.117
20210417,2021-04-17T01:00:26.734997987Z,2021-04-17T01:00:26.735897958Z,0.000899971,17,2.5903038370971206e-6,121.1511,7.9487,532940.5,direct,1,1.639209900827801e-4,4,34,0,0,23003,909,34,0,0,23003,909,0.176
20210420,2021-04-20T03:39:38.816205859Z,2021-04-20T03:39:38.817951679Z,0.001745820,23,1.6671801631084734e-8,60.3493,8.7263,531882.0,direct,0,1.39364297188755e-3,1,38,8,4,15918,1907,38,8,4,15918,1907,0.132
20210422,2021-04-22T06:32:26.478209972Z,2021-04-22T06:32:26.479533970Z,0.001323998,31,2.5699310442476688e-8,11.5972,1.1692,532008.7,direct,0,6.4548458405048765e-3,3,35,10,3,15573,2875,35,10,3,15573,2875,0.114
20210423,2021-04-23T06:21:33.332044005Z,2021-04-23T06:21:33.333669960Z,0.001625955,27,5.810616006829022e-7,6.4791,2.4942,531799.0,direct,0,6.147254364396361e-3,8,41,10,7,15844,2023,41,10,7,15844,2023,0.122
20210427,2021-04-27T04:05:02.646237969Z,2021-04-27T04:05:02.647175967Z,0.000937998,18,2.104433516427525e-6,16.1742,1.6956,532243.8,direct,0,6.01689536923203e-3,6,27,1,0,15737,980,27,1,0,15737,980,0.148
20210501,2021-05-01T17:39:19.314377963Z,2021-05-01T17:39:19.314689993Z,0.000312030,18,5.1092986008070246e-6,137.5953,6.7649,534737.7,direct,1,3.425586230636833e-3,1,21,1,0,23456,1362,21,1,0,23456,1362,0.190
20210502,2021-05-02T05:35:09.630941987Z,2021-05-02T05:35:09.632689952Z,0.001747965,37,5.750668502614899e-6,138.3259,-4.0743,542758.4,direct,0,1.147536415047947e-3,4,45,5,0,14991,2481,45,5,0,14991,2481,0.111
20210507,2021-05-07T07:04:29.776827931Z,2021-05-07T07:04:29.777259945Z,0.000432014,16,2.1080273407524275e-6,258.5069,8.4102,538492.0,direct,0,2.0505851487582984e-3,3,23,0,0,19309,1476,23,0,0,19309,1476,0.174
20210508,2021-05-08T06:13:12.162407994Z,2021-05-08T06:13:12.163915991Z,0.001507997,20,1.588552886284062e-6,103.9375,9.0579,539700.0,direct,0,3.852489033685763e-3,1,45,2,0,23676,1147,45,2,0,23676,1147,0.111
20210510,2021-05-10T16:57:57.749949932Z,2021-05-10T16:57:57.750253975Z,0.000304043,17,3.098098929803276e-8,282.4169,4.9560,537490.7,direct,0,9.839407015818375e-4,2,22,5,2,18343,1905,22,5,2,18343,1905,0.182
20210514,2021-05-14T01:53:27.889467954Z,2021-05-14T01:53:27.890337944Z,0.000869990,20,6.074159908058437e-7,112.3835,-8.3751,535320.5,direct,0,4.917629702483403e-4,4,27,2,0,16721,2511,27,2,0,16721,2511,0.148
20210516,2021-05-16T02:16:28.526142001Z,2021-05-16T02:16:28.526959955Z,0.000817954,21,1.252795196129768e-7,262.3866,17.9670,544304.7,direct,0,1.4921349528727153e-2,17,30,7,3,19759,3435,30,7,3,19759,3435,0.133
20210518,2021-05-18T11:32:12.552439987Z,2021-05-18T11:32:12.553513944Z,0.001073957,21,2.666866108361206e-7,121.6440,6.1388,544076.8,direct,1,1.0677022866978116e-3,2,36,2,1,21931,2138,36,2,1,21931,2138,0.111
20210519,2021-05-19T02:43:59.053149998Z,2021-05-19T02:43:59.054018020Z,0.000868022,24,5.8711175216998686e-8,87.3054,10.2573,533080.5,direct,0,1.639209900827801e-4,2,36,0,0,26475,1827,36,0,0,26475,1827,0.167
20210527,2021-05-27T14:43:11.000446021Z,2021-05-27T14:43:11.001941978Z,0.001495957,21,3.859947367585618e-8,11.3327,9.2677,542351.7,direct,0,1.3933959757396934e-3,7,36,6,1,15929,2095,36,6,1,15929,2095,0.111
20210615,2021-06-15T00:21:18.744025945Z,2021-06-15T00:21:18.745127975Z,0.001102030,17,9.927894745163908e-8,116.8997,0.7311,533400.8,direct,0,1.147467420703221e-3,5,34,6,2,20365,1368,34,6,2,20365,1368,0.147
20210617,2021-06-17T11:53:51.456769943Z,2021-06-17T11:53:51.456981956Z,0.000212013,18,3.3619674372352135e-6,103.7355,-4.4377,544960.1,direct,0,2.7624421440865504e-3,4,21,1,1,19732,2712,21,1,1,19732,2712,0.143
20210618,2021-06-18T20:32:51.400177955Z,2021-06-18T20:32:51.400717973Z,0.000540018,18,5.176204477381196e-6,159.9485,-9.2775,534443.4,direct,0,1.2324489713957873e-3,4,25,0,0,21689,1697,25,0,0,21689,1697,0.120
20210620,2021-06-20T05:48:48.319491982Z,2021-06-20T05:48:48.320109963Z,0.000617981,17,1.399332490634827e-7,356.8114,4.8098,531678.1,direct,1,2.5439144742234244e-3,5,23,5,2,15625,2238,23,5,2,15625,2238,0.174
20210622,2021-06-22T23:50:43.880749940Z,2021-06-22T23:50:43.882301926Z,0.001551986,27,4.382744695199743e-7,267.4406,12.5966,544145.9,direct,0,5.011633726743709e-3,10,38,11,7,19119,3149,38,11,7,19119,3149,0.211
20210623,2021-06-23T21:13:55.108994007Z,2021-06-23T21:13:55.110620021Z,0.001626014,24,1.691023007284015e-7,111.2985,-3.9328,533013.8,direct,1,5.11845008605852e-3,2,44,0,0,18297,965,44,0,0,18297,965,0.114
20210627,2021-06-27T01:23:36.956269979Z,2021-06-27T01:23:36.956761956Z,0.000491977,14,1.857820346526498e-6,14.6611,8.7653,533924.5,direct,0,7.376444553725104e-4,2,21,0,0,15910,2270,21,0,0,15910,2270,0.143
20210628,2021-06-28T18:36:04.586516559Z,2021-06-28T18:36:04.588052570Z,0.001536011,28,2.9238011834062732e-8,89.1293,22.1859,538139.9,direct,0,3.278419801655602e-4,3,48,2,1,19361,1313,48,2,1,19361,1313,0.104
20210709,2021-07-09T03:24:01.848881959Z,2021-07-09T03:24:01.850551962Z,0.001670003,20,2.2224591122123024e-8,107.3064,10.6137,536803.7,direct,0,2.4588148512417015e-4,2,49,2,0,22565,2363,49,2,0,22565,2363,0.102
20210713,2021-07-13T01:06:40.202449977Z,2021-07-13T01:06:40.203207969Z,0.000757992,19,2.333851757490567e-6,115.6666,9.9918,534343.5,direct,0,6.065331505614294e-3,6,27,0,0,20088,895,27,0,0,20088,895,0.148
20210713,2021-07-13T20:06:50.208563983Z,2021-07-13T20:06:50.209569990Z,0.001006007,21,3.419653447169534e-6,175.7865,1.0455,533603.1,direct,0,0e0,7,33,3,0,14866,974,33,3,0,14866,974,0.212
20210715,2021-07-15T10:55:04.526978015Z,2021-07-15T10:55:04.527526021Z,0.000548006,18,2.843302720154001e-6,104.3808,15.9743,544213.6,direct,0,2.049380468814032e-3,3,23,0,0,20398,1146,23,0,0,20398,1146,0.130
20210715,2021-07-15T23:41:34.878641963Z,2021-07-15T23:41:34.879135966Z,0.000494003,14,7.170443449648947e-6,281.0237,5.6461,543776.2,direct,1,6.009944061962134e-3,4,23,2,0,16438,2024,23,2,0,16438,2024,0.130
20210717,2021-07-17T19:22:20.769453942Z,2021-07-17T19:22:20.770971953Z,0.001518011,26,2.8257086374633014e-6,153.7996,-5.8754,533253.2,direct,0,8.196049504139005e-5,8,37,12,6,15013,2671,37,12,6,15013,2671,0.108
20210718,2021-07-18T21:28:31.140792012Z,2021-07-18T21:28:31.141427993Z,0.000635981,16,1.1952098722287193e-7,276.7068,21.4854,543782.6,direct,1,3.4447810999098435e-3,4,24,1,0,19687,2720,24,1,0,19687,2720,0.167
20210722,2021-07-22T06:29:10.549401998Z,2021-07-22T06:29:10.550305962Z,0.000903964,19,1.0890525210809936e-6,120.4289,20.9352,542538.2,direct,1,2.8687424391443325e-3,2,37,9,4,24803,1694,37,9,4,24803,1694,0.135
20210725,2021-07-25T08:33:15.276127994Z,2021-07-25T08:33:15.276477992Z,0.000349998,15,3.403251106457977e-7,285.1028,10.6977,532144.7,direct,1,7.240121744119334e-3,20,18,5,0,13183,2051,18,5,0,13183,2051,0.111
20210728,2021-07-28T18:13:19.043802022Z,2021-07-28T18:13:19.044709980Z,0.000907958,21,6.288593708147887e-8,275.9465,9.6977,539602.7,direct,1,9.019188345217604e-4,3,27,9,3,17052,2130,27,9,3,17052,2130,0.111
20210728,2021-07-28T18:15:06.504677951Z,2021-07-28T18:15:06.506143987Z,0.001466036,19,3.510043100002605e-6,280.5228,5.1039,540392.7,direct,1,1.6410736497008442e-3,3,35,2,0,16582,2052,35,2,0,16582,2052,0.143
20210810,2021-08-10T12:46:26.778029978Z,2021-08-10T12:46:26.778469920Z,0.000439942,20,6.02257757001011e-8,274.8699,9.7760,532438.4,direct,1,2.1157465043848867e-3,3,26,0,0,17403,1397,26,0,0,17403,1397,0.115
20210811,2021-08-11T00:44:31.051483988Z,2021-08-11T00:44:31.052709996Z,0.001226008,26,2.784682265156405e-7,281.2078,-1.4029,543025.9,direct,0,2.5489527169904108e-3,4,39,5,3,19637,2797,39,5,3,19637,2797,0.128
20210813,2021-08-13T11:33:05.060935974Z,2021-08-13T11:33:05.061779975Z,0.000844001,18,1.96382012907218e-7,109.9451,4.9041,542909.7,direct,0,2.950825686419146e-3,5,31,4,0,20151,2409,31,4,0,20151,2409,0.129
20210814,2021-08-14T02:02:09.481355965Z,2021-08-14T02:02:09.482773959Z,0.001417994,38,9.28171468461301e-8,284.6748,31.6912,542118.7,direct,1,4.509437701827719e-3,6,47,9,4,25296,3372,47,9,4,25296,3372,0.149
20210818,2021-08-18T10:44:55.893063962Z,2021-08-18T10:44:55.893911957Z,0.000847995,22,3.1633306899706724e-8,102.1448,15.8095,543556.1,direct,1,2.135386558478813e-3,0,33,1,0,23272,2033,33,1,0,23272,2033,0.121
20210822,2021-08-22T07:32:21.897163927Z,2021-08-22T07:32:21.897857964Z,0.000694037,16,2.6738087743737066e-7,283.7469,3.6824,533117.7,direct,0,5.351683230882714e-3,12,24,4,2,12634,1803,24,4,2,12634,1803,0.167
20210822,2021-08-22T18:40:37.779055953Z,2021-08-22T18:40:37.779575943Z,0.000519990,17,5.7795990614783945e-6,116.8910,0.6734,533395.1,direct,0,1.639209900827801e-4,1,25,0,0,20270,1738,25,0,0,20270,1738,0.120
20210824,2021-08-24T05:34:21.721535980Z,2021-08-24T05:34:21.722327947Z,0.000791967,17,2.910633277321116e-7,296.0264,8.1087,534254.4,direct,1,2.051963166953528e-3,10,25,2,2,15450,2339,25,2,2,15450,2339,0.200
20210826,2021-08-26T20:19:41.036674022Z,2021-08-26T20:19:41.037699997Z,0.001025975,19,6.521973832613237e-6,240.4917,-5.6031,541340.8,direct,0,0e0,16,26,4,1,12693,2081,26,4,1,12693,2081,0.154
20210827,2021-08-27T12:17:32.071501970Z,2021-08-27T12:17:32.072960019Z,0.001458049,22,1.0118715312805636e-8,10.1672,6.9243,541120.3,direct,0,4.099319064011147e-3,2,46,2,1,23344,1373,46,2,1,23344,1373,0.152
20210828,2021-08-28T04:09:20.912229955Z,2021-08-28T04:09:20.913299918Z,0.001069963,18,1.6896132940953013e-8,124.6356,3.8739,540661.6,direct,0,3.278788296041308e-4,4,30,3,0,16023,1092,30,3,0,16023,1092,0.200
20210901,2021-09-01T00:23:10.266813993Z,2021-09-01T00:23:10.266997992Z,0.000183999,13,3.884652501623686e-6,175.0576,20.0571,541155.1,direct,0,0e0,5,14,5,0,11584,1711,14,5,0,11584,1711,0.143
20210906,2021-09-06T17:33:15.281892001Z,2021-09-06T17:33:15.283244013Z,0.001352012,18,2.0682397671207682e-7,22.5277,13.7286,542514.2,direct,0,1.5575444389804114e-3,3,37,10,6,15925,2637,37,10,6,15925,2637,0.162
20210907,2021-09-07T10:58:10.784219980Z,2021-09-07T10:58:10.784677982Z,0.000458002,18,1.4787773595094967e-6,106.3536,21.8804,544165.9,direct,0,2.406158544381608e-3,4,24,2,1,21808,962,24,2,1,21808,962,0.125
20210907,2021-09-07T15:16:03.587387979Z,2021-09-07T15:16:03.588019967Z,0.000631988,21,6.268629602343713e-8,278.7498,26.8680,539012.9,direct,0,5.164830333579215e-3,10,27,1,0,22250,1431,27,1,0,22250,1431,0.148
20210908,2021-09-08T16:46:51.556851983Z,2021-09-08T16:46:51.557087957Z,0.000235974,19,7.069018589852008e-7,272.7896,37.9755,542781.8,direct,1,1.403253487419064e-3,5,22,1,0,30908,5123,22,1,0,30908,5123,0.227
20210910,2021-09-10T06:42:35.774613976Z,2021-09-10T06:42:35.775009989Z,0.000396013,17,1.652426715190453e-6,12.8138,14.0753,533932.6,direct,1,6.558262273584132e-4,0,20,2,1,23517,2169,20,2,1,23517,2169,0.200
20210912,2021-09-12T11:08:10.995727956Z,2021-09-12T11:08:10.995901942Z,0.000173986,14,5.826418897750875e-7,294.4549,15.9082,533355.2,direct,1,4.0181074338169e-3,4,17,1,0,19019,1114,17,1,0,19019,1114,0.176
20210915,2021-09-15T19:09:42.096361994Z,2021-09-15T19:09:42.097548007Z,0.001186013,22,1.877709132716627e-8,301.3813,12.2831,542963.0,direct,1,4.151071469551676e-4,4,32,5,2,15356,2069,32,5,2,15356,2069,0.156
20210915,2021-09-15T20:39:55.780149936Z,2021-09-15T20:39:55.781127929Z,0.000977993,24,1.1527688476400326e-8,262.7999,24.4841,542949.6,direct,0,3.770182771903942e-3,10,34,3,3,21436,1671,34,3,3,21436,1671,0.147
20210921,2021-09-21T09:33:33.081291973Z,2021-09-21T09:33:33.082485973Z,0.001194000,20,6.227094831324481e-7,260.6049,16.1960,532267.4,direct,1,1.2392428382919433e-2,6,34,14,3,19081,3719,34,14,3,19081,3719,0.118
20210924,2021-09-24T07:24:23.339681982Z,2021-09-24T07:24:23.340411961Z,0.000729979,15,3.787416755972717e-7,267.4532,10.5378,533290.7,direct,1,1.5932816138021475e-2,4,27,3,1,18038,1505,27,3,1,18038,1505,0.111
20210925,2021-09-25T16:38:11.253863990Z,2021-09-25T16:38:11.255023956Z,0.001159966,23,1.7077551907063686e-8,99.2571,-8.6667,538220.6,direct,0,6.639378296860913e-3,6,37,4,0,21547,2669,37,4,0,21547,2669,0.108
20211002,2021-10-02T09:16:31.605391979Z,2021-10-02T09:16:31.606273949Z,0.000881970,18,2.1570286859036665e-7,205.3493,24.9143,536800.1,direct,0,6.568192197360872e-4,11,25,0,0,17029,994,25,0,0,17029,994,0.160
20211004,2021-10-04T09:23:47.795889973Z,2021-10-04T09:23:47.797281980Z,0.001392007,20,3.0699254837544243e-8,314.1168,22.9000,532981.0,direct,0,2.6233600442586674e-3,6,34,9,4,16386,2839,34,9,4,16386,2839,0.147
20211009,2021-10-09T11:43:45.512155950Z,2021-10-09T11:43:45.512923955Z,0.000768005,18,3.6731323402666096e-8,253.0554,17.6464,531968.3,direct,0,1.176477537087124e-2,9,32,2,0,16113,1291,32,2,0,16113,1291,0.156
20211012,2021-10-12T15:17:00.893967986Z,2021-10-12T15:17:00.895199954Z,0.001231968,17,2.1658117750628917e-7,18.5249,-0.6091,543628.6,direct,0,2.379049954921728e-3,10,32,5,3,14073,1344,32,5,3,14073,1344,0.125
20211019,2021-10-19T12:28:30.214818Z,2021-10-19T12:28:30.216537952Z,0.001719952,26,4.768989709932546e-6,18.6548,1.8086,542519.6,direct,0,1.0081906630604048e-2,4,47,2,0,19369,1475,47,2,0,19369,1475,0.106
20211022,2021-10-22T04:38:46.059687972Z,2021-10-22T04:38:46.060714006Z,0.001026034,17,8.999297040074363e-6,272.4468,21.1835,537238.0,direct,0,3.693459388574707e-3,8,32,1,0,19604,1876,32,1,0,19604,1876,0.219
20211022,2021-10-22T07:15:50.254027962Z,2021-10-22T07:15:50.254951953Z,0.000923991,23,5.190265900247238e-7,93.0202,14.6228,542383.4,direct,0,1.3115424883206296e-3,1,34,0,0,25282,1362,34,0,0,25282,1362,0.118
20211024,2021-10-24T15:33:22.180823981Z,2021-10-24T15:33:22.181741952Z,0.000917971,32,1.6052501516607163e-8,118.2571,-0.8997,535626.1,direct,0,3.608757364150479e-3,4,42,3,0,20222,1835,42,3,0,20222,1835,0.119
20211024,2021-10-24T19:28:11.602925956Z,2021-10-24T19:28:11.608881950Z,0.005955994,45,7.201130134413113e-8,229.0518,-7.8752,540300.7,direct,0,0e0,7,219,41,12,17916,3204,219,41,12,17916,3204,0.082
20211025,2021-10-25T00:15:39.526997983Z,2021-10-25T00:15:39.528357982Z,0.001359999,18,1.6522143794702368e-8,160.3279,-3.7891,540081.0,direct,1,4.0980247520695025e-4,6,32,3,2,15451,2230,32,3,2,15451,2230,0.125
20211026,2021-10-26T19:30:35.913173913Z,2021-10-26T19:30:35.913225948Z,0.000052035,16,6.71376243861444e-7,297.3682,41.9562,547685.8,direct,1,5.738274977460864e-4,25,16,2,1,24944,2511,16,2,1,24944,2511,0.125
20211028,2021-10-28T14:49:41.700568020Z,2021-10-28T14:49:41.701229989Z,0.000661969,18,1.905225172249527e-6,100.0810,2.2742,538143.3,direct,1,2.2470223588230472e-3,5,25,0,0,17625,1433,25,0,0,17625,1433,0.160
20211102,2021-11-02T23:27:52.569485962Z,2021-11-02T23:27:52.570627927Z,0.001141965,20,1.5653306839791725e-8,294.6111,3.4080,541098.7,direct,1,7.473537316613392e-3,7,31,2,1,15420,2435,31,2,1,15420,2435,0.194
20211106,2021-11-06T12:34:41.752993941Z,2021-11-06T12:34:41.753111958Z,0.000118017,14,9.706737355630041e-8,279.9662,18.8912,535009.5,direct,1,1.0661251782640767e-3,21,15,0,0,13999,2414,15,0,0,13999,2414,0.133
20211107,2021-11-07T09:52:27.229995965Z,2021-11-07T09:52:27.231357991Z,0.001362026,27,1.5097586343386622e-8,110.0619,3.1157,542808.8,direct,0,3.791131751495779e-3,3,44,1,0,18473,1385,44,1,0,18473,1385,0.136
20211108,2021-11-08T03:09:17.867731928Z,2021-11-08T03:09:17.869275927Z,0.001543999,18,1.6068357541129986e-8,171.0464,30.2670,544563.6,direct,1,3.0222561429391033e-3,17,35,3,2,12780,1694,35,3,2,12780,1694,0.114
20211108,2021-11-08T09:51:26.865671992Z,2021-11-08T09:51:26.867229998Z,0.001558006,25,3.97217821563161e-7,131.5923,-21.2025,545687.5,direct,0,4.34694942217851e-3,9,36,5,3,14875,2103,36,5,3,14875,2103,0.167
20211108,2021-11-08T10:33:55.476131975Z,2021-11-08T10:33:55.476363956Z,0.000231981,12,5.0137987446577235e-6,285.4318,8.4186,532433.4,direct,0,1.4443069854929925e-2,15,15,1,0,12540,2193,15,1,0,12540,2193,0.200
20211111,2021-11-11T07:46:30.167371988Z,2021-11-11T07:46:30.169153988Z,0.001782000,35,3.0536214309822186e-7,151.5375,-26.4356,548154.0,direct,0,2.870357454307024e-3,6,63,2,1,24807,2517,63,2,1,24807,2517,0.127
20211111,2021-11-11T16:15:44.578029990Z,2021-11-11T16:15:44.578519940Z,0.000489950,15,1.2107905872610565e-7,158.3271,-10.6900,534108.1,direct,1,2.2131818293582494e-3,21,19,2,1,11580,2282,19,2,1,11580,2282,0.158
20211112,2021-11-12T19:22:03.018996Z,2021-11-12T19:22:03.019641995Z,0.000645995,19,1.092229883206826e-6,122.2437,5.7846,531567.8,direct,0,2.9544788787804277e-3,4,26,0,0,17053,2197,26,0,0,17053,2197,0.154
20211114,2021-11-14T09:13:41.654037952Z,2021-11-14T09:13:41.654085993Z,0.000048041,9,5.042356571685992e-6,217.3932,-31.3612,543360.3,direct,0,0e0,17,11,0,0,14983,3129,11,0,0,14983,3129,0.273
20211116,2021-11-16T05:03:37.761949956Z,2021-11-16T05:03:37.762543916Z,0.000593960,17,3.690798965954247e-7,118.7259,9.1428,541613.3,direct,1,3.1179349069748383e-3,5,22,0,0,17037,723,22,0,0,17037,723,0.182
20211122,2021-11-22T11:06:21.830769956Z,2021-11-22T11:06:21.832507967Z,0.001738011,34,1.5176754267745733e-8,161.3225,-14.5889,540271.2,direct,0,2.3817521760511433e-3,23,49,23,6,11977,1669,49,23,6,11977,1669,0.122
20211124,2021-11-24T12:20:47.451295971Z,2021-11-24T12:20:47.452145934Z,0.000849963,16,1.4088784857740278e-6,130.8311,-13.3946,540984.8,direct,0,6.087941234325055e-3,6,32,11,3,15852,2865,32,11,3,15852,2865,0.156
20211126,2021-11-26T00:58:29.189013957Z,2021-11-26T00:58:29.189499974Z,0.000486017,14,3.335182935164952e-6,308.5415,2.1714,536793.5,direct,1,2.9164661912957955e-3,2,23,1,0,23926,1966,23,1,0,23926,1966,0.174
20211127,2021-11-27T23:04:18.383221983Z,2021-11-27T23:04:18.383731961Z,0.000509978,18,6.48447730661218e-6,331.5143,8.5162,536756.7,direct,1,3.278777936234735e-3,2,33,2,0,31842,1438,33,2,0,31842,1438,0.121
20211202,2021-12-02T09:20:59.914987921Z,2021-12-02T09:20:59.915275931Z,0.000288010,11,1.6165662517167584e-6,127.4995,-11.0181,544111.1,direct,0,1.0598645488074748e-2,22,16,4,1,11677,2678,16,4,1,11677,2678,0.188
20211204,2021-12-04T15:19:11.363186001Z,2021-12-04T15:19:11.363595962Z,0.000409961,16,2.249031814508735e-7,18.8194,-14.9574,545714.3,direct,0,6.083390492582576e-3,5,19,2,1,15313,1827,19,2,1,15313,1827,0.263
20211211,2021-12-11T04:36:27.935959935Z,2021-12-11T04:36:27.937177896Z,0.001217961,19,7.074302263736351e-6,148.1779,-5.0632,543938.9,direct,1,4.426809974592247e-3,8,32,1,1,15050,2676,32,1,1,15050,2676,0.188
20211213,2021-12-13T04:20:49.498899936Z,2021-12-13T04:20:49.500325977Z,0.001426041,18,3.9438471055239115e-8,155.2421,9.8090,542798.9,direct,1,8.196049504139005e-5,8,45,3,1,15010,1948,45,3,1,15010,1948,0.111
20211222,2021-12-22T14:39:20.131179988Z,2021-12-22T14:39:20.132761955Z,0.001581967,21,2.0972045811384985e-7,120.4681,-10.6374,536282.0,direct,0,2.570303712810425e-3,15,34,4,2,13633,1822,34,4,2,13633,1822,0.147
20211225,2021-12-25T02:49:48.334147989Z,2021-12-25T02:49:48.335016012Z,0.000868023,20,1.003634844854669e-6,252.4850,15.8170,539319.5,direct,1,1.2966337103516106e-3,14,25,2,2,15181,1056,25,2,2,15181,1056,0.160
20211225,2021-12-25T20:22:24.609779953Z,2021-12-25T20:22:24.610475957Z,0.000696004,19,1.864431945566798e-7,357.4208,4.4435,537889.5,direct,1,2.470651766248668e-3,11,24,3,0,15880,2445,24,3,0,15880,2445,0.125
20211227,2021-12-27T18:28:23.691769957Z,2021-12-27T18:28:23.692731976Z,0.000962019,17,1.621609239455845e-7,21.1301,-2.7152,538704.7,direct,0,5.084366051962954e-3,26,26,2,1,11602,2407,26,2,1,11602,2407,0.115
20211230,2021-12-30T23:24:13.838421940Z,2021-12-30T23:24:13.839283943Z,0.000862003,19,8.37115164814248e-8,91.3665,-11.1680,534750.1,direct,0,8.196049504139005e-5,3,34,4,2,23522,2847,34,4,2,23522,2847,0.118
20220106,2022-01-06T07:14:22.560185968Z,2022-01-06T07:14:22.561613976Z,0.001428008,25,2.781794159873096e-7,142.9922,-16.1652,544915.8,direct,0,3.0588982460454063e-3,11,37,5,5,16338,1035,37,5,5,16338,1035,0.108
20220108,2022-01-08T13:09:19.915395975Z,2022-01-08T13:09:19.916663944Z,0.001267969,18,3.8857603462078586e-7,26.4571,-4.4489,543261.8,direct,0,1.880323547250225e-3,1,32,3,2,15712,1096,32,3,2,15712,1096,0.188
20220111,2022-01-11T14:58:18.805805921Z,2022-01-11T14:58:18.806921958Z,0.001116037,17,7.835234116633234e-8,154.6997,0.1548,532118.4,direct,1,9.04519736087206e-4,4,28,4,2,14629,2318,28,4,2,14629,2318,0.179
20220113,2022-01-13T04:23:17.567695975Z,2022-01-13T04:23:17.568117976Z,0.000422001,14,1.139491940845828e-6,140.0957,-15.2597,545806.9,direct,1,5.172453987378083e-3,6,19,1,0,16734,1015,19,1,0,16734,1015,0.158
20220113,2022-01-13T14:28:43.356076002Z,2022-01-13T14:28:43.356621980Z,0.000545978,17,2.597322798598519e-7,126.0788,-20.1553,538955.4,direct,0,1.3763778411605606e-2,16,20,5,2,13435,2964,20,5,2,13435,2964,0.150
20220113,2022-01-13T18:25:50.973189949Z,2022-01-13T18:25:50.973647952Z,0.000458003,12,2.6960013505789107e-6,242.5495,22.5079,539814.0,direct,1,2.623488345217605e-3,14,21,4,0,17231,2163,21,4,0,17231,2163,0.143
20220115,2022-01-15T14:07:58.857549905Z,2022-01-15T14:07:58.859107971Z,0.001558066,29,3.839419564892026e-7,120.9558,-18.1708,539166.3,direct,0,8.336221022866979e-3,8,43,4,0,17022,2285,43,4,0,17022,2285,0.140
20220118,2022-01-18T09:44:03.739705920Z,2022-01-18T09:44:03.740021944Z,0.000316024,13,8.9978216405609e-6,8.0304,1.0637,539461.5,direct,1,2.049343012867798e-3,7,19,5,3,15440,2344,19,5,3,15440,2344,0.158
20220121,2022-01-21T11:29:02.999147891Z,2022-01-21T11:29:02.999873936Z,0.000726045,14,9.988007549161867e-6,126.0040,-15.3476,541460.2,direct,1,1.1369444488156707e-2,7,25,8,3,16237,2924,25,8,3,16237,2924,0.240
20220128,2022-01-28T07:51:09.049488008Z,2022-01-28T07:51:09.049973964Z,0.000485956,11,2.497935648338159e-6,318.5622,13.2708,532054.0,direct,0,2.243312646504385e-3,13,18,6,4,11433,1722,18,6,4,11433,1722,0.167
20220204,2022-02-04T23:14:00.213503956Z,2022-02-04T23:14:00.214100003Z,0.000596047,17,5.09198928231779e-7,213.3787,-17.4092,546057.0,direct,1,6.533627825588067e-3,4,24,4,1,16554,2381,24,4,1,16554,2381,0.125
20220206,2022-02-06T01:34:56.045741975Z,2022-02-06T01:34:56.045957982Z,0.000216007,15,5.818355114203552e-6,16.3094,-5.3690,531912.6,direct,1,3.5243012867797723e-3,10,17,2,0,15866,2602,17,2,0,15866,2602,0.235
20220210,2022-02-10T13:47:41.997495949Z,2022-02-10T13:47:41.997869968Z,0.000374019,16,6.694274508853638e-6,268.4534,-40.7272,547681.2,direct,0,0e0,27,20,1,0,17475,1177,20,1,0,17475,1177,0.150
20220213,2022-02-13T08:56:27.827495932Z,2022-02-13T08:56:27.828531980Z,0.001036048,15,1.3154176949980657e-6,21.1334,-10.7815,541455.0,direct,0,2.872096229817228e-3,4,33,3,0,19275,1085,33,3,0,19275,1085,0.212
20220218,2022-02-18T04:03:40.426687955Z,2022-02-18T04:03:40.427085995Z,0.000398040,17,8.807698665486578e-6,243.2162,10.8150,536317.1,direct,1,4.821409712318662e-3,3,21,1,0,20107,1415,21,1,0,20107,1415,0.143
20220222,2022-02-22T19:24:24.349169969Z,2022-02-22T19:24:24.349550008Z,0.000380039,16,3.1765129142966543e-6,16.4612,-19.1639,538905.7,direct,0,3.8522163429227114e-3,9,22,1,0,18124,1159,22,1,0,18124,1159,0.227
20220306,2022-03-06T06:08:48.334091961Z,2022-03-06T06:08:48.334507942Z,0.000415981,19,3.3606940977819867e-6,150.3373,-25.7190,546695.4,direct,0,1.4228227850176215e-2,18,23,1,0,18863,1537,23,1,0,18863,1537,0.130
20220308,2022-03-08T15:56:03.808535933Z,2022-03-08T15:56:03.809609949Z,0.001074016,14,7.039843121914945e-8,138.0816,0.9864,530940.2,direct,1,4.926940578641095e-4,12,27,8,5,10680,2285,27,8,5,10680,2285,0.185
20220311,2022-03-11T01:05:36.287716031Z,2022-03-11T01:05:36.289200007Z,0.001483976,33,6.957587635908381e-6,345.1048,0.8377,531045.5,direct,0,1.6751076633062863e-3,1,66,3,2,39459,1508,66,3,2,39459,1508,0.106
20220311,2022-03-11T09:52:47.272444009Z,2022-03-11T09:52:47.272719979Z,0.000275970,16,6.037244608788812e-7,40.0672,-9.2776,543381.2,direct,0,1.2297677075649538e-3,6,19,3,0,15797,2410,19,3,0,15797,2410,0.211
20220311,2022-03-11T15:21:27.269295990Z,2022-03-11T15:21:27.270060002Z,0.000764012,15,5.859269292555845e-7,123.0151,-3.1692,532129.3,direct,1,2.80609800835997e-3,16,22,3,0,11281,1742,22,3,0,11281,1742,0.136
20220321,2022-03-21T06:25:08.118178009Z,2022-03-21T06:25:08.119341969Z,0.001163960,28,4.1884999954598185e-6,22.5827,-4.2071,537549.2,direct,0,5.904522744037374e-3,4,34,0,0,15509,1820,34,0,0,15509,1820,0.088
20220324,2022-03-24T21:40:03.723299980Z,2022-03-24T21:40:03.724053978Z,0.000753998,15,3.6971425707971408e-6,117.7954,7.4424,533015.0,direct,1,1.639209900827801e-4,4,24,2,0,14993,1512,24,2,0,14993,1512,0.167
20220327,2022-03-27T05:16:22.803081989Z,2022-03-27T05:16:22.803949952Z,0.000867963,22,5.223210749138963e-6,354.7227,1.8566,532417.2,direct,0,1.1474578395213506e-3,11,26,8,4,15146,1310,26,8,4,15146,1310,0.154
20220327,2022-03-27T22:47:56.793799996Z,2022-03-27T22:47:56.794793963Z,0.000993967,20,2.7733286876669107e-8,97.3728,-7.7072,534735.0,direct,1,1.3993619293500533e-3,2,26,2,0,16652,1524,26,2,0,16652,1524,0.154
20220328,2022-03-28T22:45:21.501307964Z,2022-03-28T22:45:21.502161979Z,0.000854015,21,1.1275006068259517e-7,117.9286,-28.0882,542869.3,direct,0,1.9672166707646916e-3,10,30,4,1,23050,2495,30,4,1,23050,2495,0.167
20220330,2022-03-30T19:13:00.769225955Z,2022-03-30T19:13:00.769341945Z,0.000115990,15,6.7559146749104965e-6,160.3424,-28.8776,542151.1,direct,0,3.5249339070567987e-3,15,17,1,0,20403,1294,17,1,0,20403,1294,0.176
20220330,2022-03-30T21:10:32.691857933Z,2022-03-30T21:10:32.692569971Z,0.000712038,17,4.838358282902267e-7,232.1635,-32.2473,549964.4,direct,1,6.560524956970741e-4,22,24,4,1,14742,2618,24,4,1,14742,2618,0.125
20220402,2022-04-02T08:12:18.076752007Z,2022-04-02T08:12:18.078469991Z,0.001717984,29,1.2323678758394614e-8,103.1358,9.3310,540601.8,direct,0,6.14964842226047e-3,1,51,2,1,22375,1064,51,2,1,22375,1064,0.098
20220414,2022-04-14T19:24:03.962619900Z,2022-04-14T19:24:03.964171886Z,0.001551986,15,6.241624227063742e-7,24.3609,-0.0529,532858.4,direct,1,1.065844578313253e-3,12,37,2,0,15182,1824,37,2,0,15182,1824,0.108
20220418,2022-04-18T18:41:12.092051982Z,2022-04-18T18:41:12.093526005Z,0.001474023,28,6.714937413027521e-7,15.2255,-5.5447,535113.4,direct,0,2.6230168182935823e-3,7,44,6,0,15405,2342,44,6,0,15405,2342,0.114
20220421,2022-04-21T06:10:06.616387963Z,2022-04-21T06:10:06.617357969Z,0.000970006,25,1.2875144386057092e-7,358.8503,-2.0115,534324.3,direct,1,4.057677788705844e-3,3,33,0,0,24600,1318,33,0,0,24600,1318,0.152
20220425,2022-04-25T21:23:53.687191963Z,2022-04-25T21:23:53.688303947Z,0.001111984,26,1.8625776653964863e-6,118.6356,14.6060,533179.6,direct,0,1.8857939595115151e-3,6,32,1,0,14937,1954,32,1,0,14937,1954,0.156
20220430,2022-04-30T22:03:10.870953917Z,2022-04-30T22:03:10.871227979Z,0.000274062,19,6.736566828064843e-6,78.3636,16.3876,530618.5,direct,0,2.295254110318826e-3,2,21,0,0,20488,883,21,0,0,20488,883,0.095
20220502,2022-05-02T00:56:22.676711976Z,2022-05-02T00:56:22.678333997Z,0.001622021,29,2.8748216236226927e-8,10.8976,1.2809,529320.2,direct,0,1.2297080403245635e-3,1,43,4,1,19207,1190,43,4,1,19207,1190,0.116
20220506,2022-05-06T22:22:14.288442015Z,2022-05-06T22:22:14.289425969Z,0.000983954,20,2.2744140080871493e-8,12.2514,-3.8321,530262.1,direct,0,2.5415262191623637e-3,2,32,7,4,19380,1312,32,7,4,19380,1312,0.125
20220509,2022-05-09T12:35:10.366989970Z,2022-05-09T12:35:10.367190003Z,0.000200033,12,5.848279035342037e-6,203.6225,38.2957,533238.8,direct,0,0e0,28,15,1,0,15903,2387,15,1,0,15903,2387,0.200
20220520,2022-05-20T10:19:11.347414016Z,2022-05-20T10:19:11.347433984Z,0.000019968,10,4.208586360865051e-6,129.6923,17.8705,533586.7,direct,0,6.558501516269158e-4,4,10,2,0,12623,1142,10,2,0,12623,1142,0.200
20220522,2022-05-22T20:58:43.203951954Z,2022-05-22T20:58:43.205536007Z,0.001584053,33,1.1862606319202009e-7,301.9466,7.5193,536324.3,direct,1,4.918919186951889e-4,3,51,1,0,19391,1541,51,1,0,19391,1541,0.118
20220523,2022-05-23T08:48:00.352805972Z,2022-05-23T08:48:00.353707969Z,0.000901997,17,1.1092516078215343e-6,287.8701,5.1138,530629.9,direct,1,1.3880145922465371e-2,4,26,3,0,15031,1538,26,3,0,15031,1538,0.115
20220524,2022-05-24T21:22:31.290261983Z,2022-05-24T21:22:31.291255950Z,0.000993967,19,9.36654714987482e-7,100.9076,-5.6714,532339.0,direct,0,5.703769813949676e-3,22,26,1,0,11352,1059,26,1,0,11352,1059,0.154
20220525,2022-05-25T14:00:28.775417923Z,2022-05-25T14:00:28.776815950Z,0.001398027,35,1.0239537393699345e-7,21.2138,0.3423,539140.5,direct,0,4.427407417424801e-3,5,45,3,2,17070,1082,45,3,2,17070,1082,0.111
20220604,2022-06-04T16:04:29.983895897Z,2022-06-04T16:04:29.985273957Z,0.001378060,22,6.473016053102811e-8,108.7979,-4.0782,529507.2,direct,0,2.295098131300713e-3,5,44,0,0,17057,823,44,0,0,17057,823,0.114
20220606,2022-06-06T11:04:06.467943966Z,2022-06-06T11:04:06.468421936Z,0.000477970,17,4.400861026173267e-8,197.5107,-24.8582,534594.2,direct,0,1.3650946160150808e-2,2,20,1,0,17428,1165,20,1,0,17428,1165,0.150
20220608,2022-06-08T11:59:53.952203989Z,2022-06-08T11:59:53.953743994Z,0.001540005,35,8.359548651298576e-6,122.8340,16.1024,532293.1,direct,0,1.4757244734038193e-3,1,47,1,0,23519,952,47,1,0,23519,952,0.149
20220610,2022-06-10T01:27:05.768117964Z,2022-06-10T01:27:05.769113957Z,0.000995993,16,4.188112520611596e-6,117.2974,7.8619,538675.9,direct,1,3.360380296696992e-3,3,30,6,2,17575,2183,30,6,2,17575,2183,0.133
20220611,2022-06-11T13:58:46.162724018Z,2022-06-11T13:58:46.163241982Z,0.000517964,14,3.363204056833873e-6,283.6198,11.5464,538370.8,direct,0,4.754073174329973e-3,5,23,10,9,17555,2259,23,10,9,17555,2259,0.130
20220617,2022-06-17T22:21:59.256446003Z,2022-06-17T22:21:59.257581949Z,0.001135946,16,4.0213617040326905e-6,121.0980,15.3677,535143.2,direct,0,4.918374477501844e-3,8,33,6,1,17997,1365,33,6,1,17997,1365,0.121
20220621,2022-06-21T18:57:13.436100006Z,2022-06-21T18:57:13.437665939Z,0.001565933,34,3.658760513045168e-8,282.7941,23.3814,540723.7,direct,0,1.215338050159823e-2,7,47,2,1,18557,1059,47,2,1,18557,1059,0.128
20220624,2022-06-24T08:16:41.138741970Z,2022-06-24T08:16:41.140103995Z,0.001362025,31,6.65043792370888e-6,285.0735,10.3977,530112.4,direct,0,1.4048693312023604e-2,9,35,0,0,17055,949,35,0,0,17055,949,0.171
20220626,2022-06-26T15:56:58.134832024Z,2022-06-26T15:56:58.136539995Z,0.001707971,22,1.5213572186408012e-8,178.6252,28.2526,533092.0,direct,1,1.4847155970822063e-3,5,37,3,1,14965,2388,37,3,1,14965,2388,0.135
20220627,2022-06-27T17:50:54.564251959Z,2022-06-27T17:50:54.564723968Z,0.000472009,18,4.561614253128903e-7,272.2442,14.4600,540063.0,direct,0,3.279779854110319e-4,11,22,0,0,16853,987,22,0,0,16853,987,0.182
20220701,2022-07-01T16:32:39.892677962Z,2022-07-01T16:32:39.894201934Z,0.001523972,33,9.474047078586189e-8,133.2653,25.8515,529696.7,direct,1,1.3114185804442258e-3,2,43,9,4,19211,2241,43,9,4,19211,2241,0.140
20220701,2022-07-01T16:32:39.895721912Z,2022-07-01T16:32:39.897149920Z,0.001428008,35,2.1482573004632425e-7,133.2654,25.8516,529696.7,direct,1,1.3114185722481763e-3,2,47,3,2,19207,2245,47,3,2,19207,2245,0.106
20220720,2022-07-20T19:50:07.245785951Z,2022-07-20T19:50:07.246111989Z,0.000326038,11,1.077393829898767e-6,114.9210,-5.8296,531768.2,direct,1,1.4200335382345709e-3,18,16,0,0,12832,1276,16,0,0,12832,1276,0.250
20220727,2022-07-27T15:09:14.524185955Z,2022-07-27T15:09:14.525424003Z,0.001238048,29,1.2392569221809014e-6,118.4707,14.7370,527745.7,direct,0,1.393451389230391e-3,4,39,1,0,20154,981,39,1,0,20154,981,0.103
20220802,2022-08-02T00:41:13.139459967Z,2022-08-02T00:41:13.140218019Z,0.000758052,15,9.120477258645063e-6,154.6702,16.1049,540002.1,direct,1,8.935573625112696e-3,8,24,2,0,13808,2227,24,2,0,13808,2227,0.208
20220806,2022-08-06T01:36:00.586833953Z,2022-08-06T01:36:00.588387966Z,0.001554013,32,3.6876709265872177e-7,137.6090,31.4858,541808.7,direct,0,6.967182386689616e-3,2,42,3,0,19488,2076,42,3,0,19488,2076,0.119
20220808,2022-08-08T00:05:14.926515936Z,2022-08-08T00:05:14.927179932Z,0.000663996,21,3.3666541816141197e-6,268.8521,16.2720,533334.0,direct,0,8.655935603639047e-3,5,29,4,1,17397,1801,29,4,1,17397,1801,0.138
20220808,2022-08-08T05:08:22.206164002Z,2022-08-08T05:08:22.206193983Z,0.000029981,11,2.660570412254588e-6,243.2454,-27.3228,534909.6,direct,0,0e0,12,11,0,0,12116,1069,11,0,0,12116,1069,0.182
20220816,2022-08-16T21:52:07.846173942Z,2022-08-16T21:52:07.847893953Z,0.001720011,35,4.343078305980838e-7,129.5573,34.4922,538882.8,direct,0,1.558195967543644e-3,5,54,3,1,23332,1657,54,3,1,23332,1657,0.148
20220816,2022-08-16T21:52:07.848215937Z,2022-08-16T21:52:07.849919915Z,0.001703978,29,8.44045497483613e-7,129.5574,34.4923,538882.8,direct,0,1.5581959593475945e-3,5,52,3,1,23335,1652,52,3,1,23335,1652,0.115
20220819,2022-08-19T08:24:19.604893922Z,2022-08-19T08:24:19.606073975Z,0.001180053,24,7.1613249218496575e-6,280.4455,10.9044,530233.1,direct,1,1.0083924039013197e-2,6,30,3,1,16963,1310,30,3,1,16963,1310,0.133
20220826,2022-08-26T22:53:59.957997918Z,2022-08-26T22:53:59.958813905Z,0.000815987,17,2.801433723227996e-6,16.1823,13.0757,527048.6,direct,0,1.722277952626834e-3,3,30,1,0,20692,1582,30,1,0,20692,1582,0.100
20220828,2022-08-28T05:01:40.497625946Z,2022-08-28T05:01:40.499205946Z,0.001580000,27,8.064613856685572e-7,272.5335,9.9260,526904.7,direct,0,7.615129136955987e-3,6,39,0,0,16780,1158,39,0,0,16780,1158,0.128
20220828,2022-08-28T05:06:18.891735970Z,2022-08-28T05:06:18.892513990Z,0.000778020,21,5.1753502383151054e-8,285.2800,21.3897,528059.3,direct,1,2.6278355954429964e-3,11,26,1,1,18579,1276,26,1,1,18579,1276,0.115
20220904,2022-09-04T12:12:52.170841991Z,2022-09-04T12:12:52.171826004Z,0.000984013,24,1.4589408117163469e-8,272.3265,13.0484,534684.3,direct,0,3.363248479632817e-3,11,33,6,1,16735,2708,33,6,1,16735,2708,0.152
20220904,2022-09-04T12:14:26.945523977Z,2022-09-04T12:14:26.946451902Z,0.000927925,17,1.395315328715673e-8,276.4593,9.0431,535269.5,direct,1,6.42628941890009e-3,9,28,2,2,15946,2336,28,2,2,15946,2336,0.143
20220905,2022-09-05T07:06:30.276646018Z,2022-09-05T07:06:30.276813983Z,0.000167965,13,4.216115803518308e-6,314.3912,32.9593,532945.9,direct,0,3.7724808458323086e-3,5,16,2,0,18041,2815,16,2,0,18041,2815,0.125
20220910,2022-09-10T23:05:44.508477985Z,2022-09-10T23:05:44.509014010Z,0.000536025,17,3.0146442324896633e-7,276.7140,13.8013,531633.2,direct,1,5.815320063929186e-3,6,21,0,0,17591,1217,21,0,0,17591,1217,0.143
20220911,2022-09-11T04:29:47.131613969Z,2022-09-11T04:29:47.131690025Z,0.000076056,9,4.495893132894436e-6,348.7442,9.5397,530346.6,direct,0,1.639209900827801e-4,7,10,6,2,14676,1973,10,6,2,14676,1973,0.200
20220912,2022-09-12T00:30:21.705691933Z,2022-09-12T00:30:21.705961942Z,0.000270009,16,2.0175251884072217e-6,252.8172,17.2351,532066.5,direct,0,2.954988861568724e-3,7,19,3,1,17481,3191,19,3,1,17481,3191,0.158
20220915,2022-09-15T18:52:35.387730002Z,2022-09-15T18:52:35.389101982Z,0.001371980,22,4.417790818202674e-6,300.6007,6.5950,535750.3,direct,0,1.722141570363085e-3,4,40,6,3,19906,2109,40,6,3,19906,2109,0.125
20220918,2022-09-18T04:42:32.682977914Z,2022-09-18T04:42:32.684553980Z,0.001576066,21,1.8306715353336532e-7,304.2636,5.7243,527272.4,direct,1,1.0666102860421277e-3,5,35,3,2,14357,1984,35,3,2,14357,1984,0.143
20220927,2022-09-27T07:35:02.797603964Z,2022-09-27T07:35:02.798541963Z,0.000937999,19,2.428513248325719e-7,188.1178,17.7706,528697.9,direct,1,6.068127202688304e-4,3,26,1,0,15772,1481,26,1,0,15772,1481,0.154
20220928,2022-09-28T01:08:01.538653969Z,2022-09-28T01:08:01.538883924Z,0.000229955,14,3.220200943832474e-7,296.9268,2.9765,527219.8,direct,0,5.096171117121548e-3,8,18,3,3,14153,1298,18,3,3,14153,1298,0.278
20220928,2022-09-28T14:41:16.736445963Z,2022-09-28T14:41:16.737241983Z,0.000796020,18,6.499112167482537e-8,281.2885,7.5899,538765.0,direct,0,1.1137195656093763e-2,3,29,3,2,16292,2214,29,3,2,16292,2214,0.138
20220929,2022-09-29T07:09:35.411705970Z,2022-09-29T07:09:35.412793993Z,0.001088023,15,2.9137428789219834e-8,177.5299,20.9329,530548.3,direct,0,3.301300467174822e-3,8,30,8,6,15206,1115,30,8,6,15206,1115,0.133
20221002,2022-10-02T12:18:56.482903957Z,2022-10-02T12:18:56.483623981Z,0.000720024,18,8.38578378202344e-8,294.9996,10.6914,537631.8,direct,0,5.277387878042783e-3,8,26,3,1,16609,1083,26,3,1,16609,1083,0.192
20221004,2022-10-04T19:55:07.290696024Z,2022-10-04T19:55:07.290748Z,0.000051976,13,3.050431300561275e-6,179.2873,21.6105,538636.2,direct,1,1.2297065650356527e-3,5,13,3,1,13640,2115,13,3,1,13640,2115,0.231
20221006,2022-10-06T08:58:17.825355947Z,2022-10-06T08:58:17.825797915Z,0.000441968,16,2.0850664665338836e-8,113.7389,13.4428,533360.5,direct,1,2.4526238423080073e-3,6,19,0,0,15523,1047,19,0,0,15523,1047,0.158
20221006,2022-10-06T19:18:25.994325935Z,2022-10-06T19:18:25.995815932Z,0.001489997,20,3.6023714874734457e-6,140.0048,-9.8487,534118.5,direct,0,4.261962396524875e-3,6,38,5,1,14099,2293,38,5,1,14099,2293,0.158
20221007,2022-10-07T01:54:16.989693939Z,2022-10-07T01:54:16.991195917Z,0.001501978,36,3.091184168906899e-6,83.8514,27.6370,538866.6,direct,0,1.0654864355380707e-3,2,43,2,1,17798,1206,43,2,1,17798,1206,0.140
20221007,2022-10-07T15:01:48.278494Z,2022-10-07T15:01:48.279150009Z,0.000656009,15,1.4684992685145e-6,358.7525,25.6156,537080.4,direct,0,2.4588148512417015e-4,17,19,3,0,11486,1150,19,3,0,11486,1150,0.105
20221008,2022-10-08T08:46:30.407547950Z,2022-10-08T08:46:30.407992005Z,0.000444055,15,5.284150652473857e-7,139.3935,-18.4856,533629.3,direct,1,1.7234588476354397e-3,8,19,4,1,15592,2096,19,4,1,15592,2096,0.158
20221010,2022-10-10T23:27:24.167307972Z,2022-10-10T23:27:24.167865991Z,0.000558019,18,5.18885358323775e-7,85.3320,20.8774,534453.6,direct,0,8.201546922383411e-4,3,22,0,0,18660,1275,22,0,0,18660,1275,0.136
20221012,2022-10-12T07:42:30.164350032Z,2022-10-12T07:42:30.165539979Z,0.001189947,41,5.294446442524499e-8,85.9005,20.0895,538171.3,direct,0,4.918738529628719e-3,3,45,1,0,16650,1303,45,1,0,16650,1303,0.111
20221015,2022-10-15T06:28:07.303023993Z,2022-10-15T06:28:07.303277969Z,0.000253976,15,3.961902215460807e-6,293.7296,5.0717,528247.8,direct,0,3.6699690599131217e-3,0,16,3,0,12898,1520,16,3,0,12898,1520,0.188
20221016,2022-10-16T05:28:19.384463965Z,2022-10-16T05:28:19.385379970Z,0.000916005,15,8.909664687616802e-6,122.5514,-5.1568,537687.6,direct,0,2.2148899926235552e-3,4,25,1,1,13061,1005,25,1,1,13061,1005,0.120
20221030,2022-10-30T07:31:52.004001975Z,2022-10-30T07:31:52.004920005Z,0.000918030,13,6.472320570074208e-6,32.3972,-29.8388,546104.4,direct,1,3.278419801655602e-4,1,25,0,0,14206,1163,25,0,0,14206,1163,0.200
20221103,2022-11-03T09:38:09.426771998Z,2022-11-03T09:38:09.428038001Z,0.001266003,20,3.7721236218736246e-8,290.5144,5.6801,532426.6,direct,1,2.469890345053684e-3,2,30,3,1,14603,1900,30,3,1,14603,1900,0.167
20221105,2022-11-05T06:49:50.128224015Z,2022-11-05T06:49:50.129189968Z,0.000965953,17,1.4501174878858586e-7,138.0482,-7.8091,534172.6,direct,0,7.975036964183264e-3,9,25,4,0,14261,2384,25,4,0,14261,2384,0.160
20221111,2022-11-11T07:16:58.864387989Z,2022-11-11T07:16:58.864507913Z,0.000119924,15,8.578537133959905e-7,111.0333,9.6526,533523.3,direct,0,2.2961912220309812e-3,4,17,4,2,19166,1391,17,4,2,19166,1391,0.176
20221111,2022-11-11T17:31:25.436075985Z,2022-11-11T17:31:25.437657952Z,0.001581967,23,1.6023223123565487e-6,123.3333,0.8184,527627.5,direct,0,1.4759956888779609e-3,4,44,3,0,19459,1892,44,3,0,19459,1892,0.136
20221113,2022-11-13T12:09:09.412015974Z,2022-11-13T12:09:09.413684010Z,0.001668036,22,8.18816870831538e-8,156.3365,29.3942,526529.2,direct,1,6.90175520039341e-3,4,39,6,4,16105,1448,39,6,4,16105,1448,0.154
20221118,2022-11-18T04:17:33.184819996Z,2022-11-18T04:17:33.185883998Z,0.001064002,19,4.659129628637291e-6,121.4118,18.2760,536541.0,direct,0,4.098942955495451e-4,4,30,4,0,18121,1029,30,4,0,18121,1029,0.233
20221122,2022-11-22T02:27:31.440727949Z,2022-11-22T02:27:31.441103935Z,0.000375986,16,4.150376866566685e-6,268.9046,12.7212,525289.5,direct,0,1.0785161945742153e-2,1,21,3,2,17034,2103,21,3,2,17034,2103,0.190
20221122,2022-11-22T20:03:58.094506025Z,2022-11-22T20:03:58.095398008Z,0.000891983,14,7.474613986607476e-6,27.2567,-12.1859,526637.1,direct,1,4.918472682567003e-3,7,28,4,2,15628,1048,28,4,2,15628,1048,0.143
20221123,2022-11-23T11:58:09.544578015Z,2022-11-23T11:58:09.545581996Z,0.001003981,18,1.4444687811682369e-6,152.0972,-18.5801,528623.2,direct,0,1.229761453979182e-3,3,36,0,0,22173,1337,36,0,0,22173,1337,0.139
20221203,2022-12-03T16:06:53.859531939Z,2022-12-03T16:06:53.860147953Z,0.000616014,14,5.66563209871172e-6,6.9078,-3.7991,530450.1,direct,0,2.462005606097861e-3,7,21,3,3,14538,1066,21,3,3,14538,1066,0.143
20221205,2022-12-05T11:48:21.138769984Z,2022-12-05T11:48:21.139333963Z,0.000563979,17,7.914294889490477e-7,252.9792,15.6045,533026.1,direct,1,1.71258132120318e-3,8,25,3,0,16003,2695,25,3,0,16003,2695,0.160
20221214,2022-12-14T10:41:51.118421971Z,2022-12-14T10:41:51.118874013Z,0.000452042,16,1.4259742037954088e-7,31.3727,-15.5384,538199.9,direct,0,2.2129333661175315e-3,18,19,2,1,12288,2660,19,2,1,12288,2660,0.211
20221215,2022-12-15T12:43:07.870297968Z,2022-12-15T12:43:07.871301949Z,0.001003981,20,9.918160290318173e-7,149.3772,-6.8879,525481.9,direct,0,2.194853012048193e-3,8,29,5,2,13559,2229,29,5,2,13559,2229,0.138
20221218,2022-12-18T12:01:40.500527977Z,2022-12-18T12:01:40.502383947Z,0.001855970,33,2.6117627778501514e-6,131.0781,-15.1401,527573.8,direct,0,1.4052094090648308e-3,10,45,3,2,11638,1294,45,3,2,11638,1294,0.111
20221221,2022-12-21T16:17:48.262359976Z,2022-12-21T16:17:48.264041960Z,0.001681984,26,7.365436587455329e-7,71.7284,7.9504,523543.2,direct,0,2.461586673223506e-4,3,48,3,0,20763,1306,48,3,0,20763,1306,0.146
20221224,2022-12-24T09:51:35.946901917Z,2022-12-24T09:51:35.947431921Z,0.000530004,18,3.383267881857709e-8,286.5809,28.5185,532955.6,direct,1,1.192017816572412e-2,9,24,1,0,19806,1321,24,1,0,19806,1321,0.208
20221230,2022-12-30T04:01:03.781947970Z,2022-12-30T04:01:03.782949924Z,0.001001954,16,2.816361834233929e-7,12.7388,-0.4986,532455.8,direct,0,3.2786443242357184e-3,10,28,2,1,13592,948,28,2,1,13592,948,0.143
20230101,2023-01-01T07:27:22.680947959Z,2023-01-01T07:27:22.681087970Z,0.000140011,16,1.5742377014031076e-6,110.5420,-14.6403,535501.5,direct,1,9.015654454552904e-4,7,17,0,0,15141,1997,17,0,0,15141,1997,0.118
20230101,2023-01-01T12:12:45.084515988Z,2023-01-01T12:12:45.085893988Z,0.001378000,26,1.0922082007761904e-8,37.7567,-14.7696,535567.8,direct,0,6.558665847061717e-4,3,38,4,2,19903,1839,38,4,2,19903,1839,0.132
20230107,2023-01-07T09:19:18.362291991Z,2023-01-07T09:19:18.364051997Z,0.001760006,26,1.5354008496839258e-8,40.4545,-16.8113,539566.1,direct,0,1.639209900827801e-4,3,52,5,2,21995,1918,52,5,2,21995,1918,0.096
20230111,2023-01-11T15:49:55.496449947Z,2023-01-11T15:49:55.497543990Z,0.001094043,21,2.4981053817578823e-8,136.6229,-19.9714,530553.8,direct,0,1.1888647651831818e-3,8,34,1,0,19737,1713,34,1,0,19737,1713,0.147
20230117,2023-01-17T13:35:43.591669976Z,2023-01-17T13:35:43.593139946Z,0.001469970,20,7.548831986424231e-8,287.6998,-1.2174,536639.5,direct,0,5.264936054421769e-3,5,39,0,0,17932,2386,39,0,0,17932,2386,0.128
20230124,2023-01-24T11:33:22.163021981Z,2023-01-24T11:33:22.163598001Z,0.000576020,17,8.401910979280629e-6,150.5334,-37.8356,533129.4,direct,0,4.363648078026391e-3,4,30,0,0,27059,1231,30,0,0,27059,1231,0.167
20230125,2023-01-25T15:57:16.756631970Z,2023-01-25T15:57:16.757877945Z,0.001245975,17,1.5289150231856574e-6,45.8468,-21.5339,527888.7,direct,0,2.6234184738955823e-3,10,36,8,1,16665,2348,36,8,1,16665,2348,0.139
20230130,2023-01-30T02:08:33.149662017Z,2023-01-30T02:08:33.150103986Z,0.000441969,14,3.149481276490809e-7,219.1264,-17.5696,529887.6,direct,1,2.460094090648308e-4,10,18,1,1,15086,750,18,1,1,15086,750,0.167
20230131,2023-01-31T14:27:37.161859989Z,2023-01-31T14:27:37.162551999Z,0.000692010,16,5.348154329159003e-6,0.0510,4.4365,530666.2,direct,0,4.337492353085812e-3,3,21,1,1,14268,2013,21,1,1,14268,2013,0.143
20230202,2023-02-02T14:10:34.667383968Z,2023-02-02T14:10:34.667655944Z,0.000271976,17,1.7761164368097922e-8,18.5895,-19.7160,532273.8,direct,0,2.2137160724530775e-3,10,19,0,0,17225,1428,19,0,0,17225,1428,0.211
20230203,2023-02-03T09:44:51.713458001Z,2023-02-03T09:44:51.714214026Z,0.000756025,15,8.567739696144544e-6,217.7051,-17.4297,527220.9,direct,0,6.3798433816900256e-3,12,23,6,4,14478,2047,23,6,4,14478,2047,0.130
20230209,2023-02-09T22:09:40.928009927Z,2023-02-09T22:09:40.928631961Z,0.000622034,17,7.584417800277584e-6,216.6566,-23.7468,538266.3,direct,1,3.01271867879682e-3,11,24,1,0,15699,1010,24,1,0,15699,1010,0.125
20230211,2023-02-11T16:02:51.174030005Z,2023-02-11T16:02:51.174301981Z,0.000271976,16,9.402315661257772e-7,95.6173,6.1197,521779.9,direct,1,1.5575288992705516e-3,3,21,0,0,21601,790,21,0,0,21601,790,0.143
20230219,2023-02-19T09:22:16.867969989Z,2023-02-19T09:22:16.868672013Z,0.000702024,17,3.1988258707849054e-6,124.9953,-12.7799,527066.5,direct,0,1.373972101467093e-2,5,25,3,2,13792,2154,25,3,2,13792,2154,0.160
20230224,2023-02-24T13:57:56.385719954Z,2023-02-24T13:57:56.386171996Z,0.000452042,14,2.3179179452693853e-6,233.1347,-15.1934,535539.7,direct,1,5.765087615769199e-4,6,21,0,0,15475,1108,21,0,0,15475,1108,0.143
20230301,2023-03-01T13:29:02.241551995Z,2023-03-01T13:29:02.242377996Z,0.000826001,16,1.087790977835496e-6,5.0556,-5.6860,531236.0,direct,0,7.379329317269076e-4,0,29,4,2,18123,1759,29,4,2,18123,1759,0.103
20230311,2023-03-11T15:14:43.939481914Z,2023-03-11T15:14:43.940047919Z,0.000566005,16,7.353518529325982e-7,106.5078,-6.7970,528297.2,direct,1,6.228938660765511e-3,6,22,1,0,15310,711,22,1,0,15310,711,0.273
20230318,2023-03-18T23:12:40.031920015Z,2023-03-18T23:12:40.033706009Z,0.001785994,33,8.460381239900034e-7,290.7101,1.3010,524361.1,direct,0,1.6660187517416606e-2,6,44,3,2,13653,1416,44,3,2,13653,1416,0.136
20230319,2023-03-19T10:20:17.882673919Z,2023-03-19T10:20:17.883325934Z,0.000652015,12,8.537555883251879e-7,125.3559,-2.9783,524958.4,direct,1,1.3121107860011474e-3,9,20,1,1,13776,1207,20,1,1,13776,1207,0.200
20230322,2023-03-22T03:26:34.839323937Z,2023-03-22T03:26:34.840521931Z,0.001197994,17,6.14758845590368e-8,227.2036,-17.1653,527850.3,direct,1,2.3218444553725105e-3,12,30,3,0,14340,1069,30,3,0,14340,1069,0.133
20230322,2023-03-22T03:28:13.299333989Z,2023-03-22T03:28:13.300399959Z,0.001065970,19,6.085144514910692e-8,231.8777,-21.1210,529058.5,direct,1,3.3551185886402752e-3,13,31,10,8,14626,1084,31,10,8,14626,1084,0.129
20230330,2023-03-30T06:25:52.069386005Z,2023-03-30T06:25:52.070262014Z,0.000876009,20,9.348391776245152e-7,123.5450,-12.0731,528901.1,direct,1,2.4651984099663964e-3,7,30,2,1,16288,1225,30,2,1,16288,1225,0.133
20230331,2023-03-31T04:28:48.774359941Z,2023-03-31T04:28:48.775363922Z,0.001003981,16,2.0223001106057426e-7,122.0443,10.6981,530278.9,direct,1,3.032951135152856e-3,4,31,2,0,15203,1382,31,2,0,15203,1382,0.129
20230331,2023-03-31T23:35:30.186613976Z,2023-03-31T23:35:30.187070012Z,0.000456036,14,4.220596320459403e-6,204.6661,-2.6741,529627.3,direct,1,8.196049504139005e-5,10,19,2,2,13698,1569,19,2,2,13698,1569,0.105
20230401,2023-04-01T01:19:09.349877953Z,2023-04-01T01:19:09.350861966Z,0.000984013,19,1.4433822576506583e-8,203.5725,-23.8691,531641.4,direct,0,1.0705102204737315e-3,16,29,4,1,11393,1077,29,4,1,11393,1077,0.138
20230415,2023-04-15T16:12:19.934799909Z,2023-04-15T16:12:19.935695946Z,0.000896037,17,5.697466501194347e-7,20.0526,-15.3856,526529.9,direct,0,5.742143676747808e-4,6,28,0,0,17558,1628,28,0,0,17558,1628,0.143
20230417,2023-04-17T04:02:10.544037938Z,2023-04-17T04:02:10.545389950Z,0.001352012,20,8.438088127050462e-6,40.7790,-10.0061,536321.8,direct,1,8.198068355052864e-4,9,31,4,0,13939,929,31,4,0,13939,929,0.129
20230417,2023-04-17T21:24:11.781053960Z,2023-04-17T21:24:11.782389938Z,0.001335978,21,7.87174987663436e-6,123.8900,0.7911,534667.1,direct,0,1.8854498975493812e-3,3,37,5,2,17361,1512,37,5,2,17361,1512,0.162
20230418,2023-04-18T09:17:36.343813955Z,2023-04-18T09:17:36.345461964Z,0.001648009,29,1.2236155719976576e-7,122.4151,-0.6990,523577.5,direct,0,1.6400884517662486e-3,10,40,7,2,13062,1684,40,7,2,13062,1684,0.150
20230419,2023-04-19T09:03:00.111230015Z,2023-04-19T09:03:00.112905979Z,0.001675964,36,1.2702810484965066e-6,116.1961,-3.9114,524446.0,direct,0,2.873974985656914e-3,7,43,8,2,13374,987,43,8,2,13374,987,0.116
20230421,2023-04-21T20:33:25.330341994Z,2023-04-21T20:33:25.332009971Z,0.001667977,23,5.7119132082858675e-8,118.5201,-6.4041,534738.9,direct,0,4.524043783296451e-3,3,40,1,0,15033,1628,40,1,0,15033,1628,0.125
20230422,2023-04-22T18:46:46.492857992Z,2023-04-22T18:46:46.493535935Z,0.000677943,20,6.953162232232364e-6,144.4908,-11.2141,535700.1,direct,0,6.556839603311204e-4,7,28,0,0,18711,1309,28,0,0,18711,1309,0.179
20230426,2023-04-26T12:15:49.934989929Z,2023-04-26T12:15:49.936611950Z,0.001622021,28,1.9466526557491145e-8,25.8871,0.0952,526533.6,direct,0,9.015654454552904e-4,5,40,1,0,15050,1172,40,1,0,15050,1172,0.100
20230428,2023-04-28T01:44:59.767949938Z,2023-04-28T01:44:59.768349945Z,0.000400007,15,2.167756542007041e-6,39.1334,-33.9238,542561.8,direct,0,2.3815072371117124e-3,6,20,0,0,21863,2036,20,0,0,21863,2036,0.150
20230501,2023-05-01T10:25:48.260374009Z,2023-05-01T10:25:48.261034011Z,0.000660002,17,1.900101441307253e-6,216.1098,-13.5054,531630.7,direct,0,8.20217982132612e-4,4,22,2,1,14601,1225,22,2,1,14601,1225,0.136
20230507,2023-05-07T21:36:48.487549960Z,2023-05-07T21:36:48.489105939Z,0.001555979,15,9.56200155713976e-6,343.3689,7.5392,522175.3,direct,1,4.116761339234489e-3,6,34,7,2,13630,1491,34,7,2,13630,1491,0.147
20230508,2023-05-08T11:48:42.898238003Z,2023-05-08T11:48:42.898901939Z,0.000663936,17,3.9957230657235633e-8,115.1519,17.3941,522244.2,direct,0,6.068314752889108e-3,5,26,1,0,19826,916,26,1,0,19826,916,0.154
20230508,2023-05-08T13:22:12.365480005Z,2023-05-08T13:22:12.366929948Z,0.001449943,20,7.17182627429345e-8,86.3800,21.2456,522631.0,direct,0,9.017521760511432e-4,12,35,1,1,15858,1721,35,1,1,15858,1721,0.171
20230508,2023-05-08T22:23:54.443237960Z,2023-05-08T22:23:54.443989992Z,0.000752032,16,2.9595998756885705e-6,183.3838,25.3947,531048.4,direct,1,1.1474726907630523e-3,11,24,3,0,13651,1192,24,3,0,13651,1192,0.167
20230511,2023-05-11T00:55:24.856755912Z,2023-05-11T00:55:24.857131958Z,0.000376046,15,1.6728931924356557e-6,98.4406,-2.7929,533839.0,direct,1,5.293925981476928e-3,3,20,4,0,17557,1805,20,4,0,17557,1805,0.200
20230511,2023-05-11T17:32:08.731233954Z,2023-05-11T17:32:08.732589960Z,0.001356006,18,2.5908273379646945e-7,20.1750,7.0326,521497.2,direct,1,4.758172461273666e-3,8,30,3,2,13206,2034,30,3,2,13206,2034,0.167
20230516,2023-05-16T21:06:43.898413956Z,2023-05-16T21:06:43.899115920Z,0.000701964,18,6.232828247612482e-8,287.3370,12.1456,522801.9,direct,0,4.758006327350217e-3,4,22,2,2,13769,1623,22,2,2,13769,1623,0.091
20230517,2023-05-17T02:50:52.041768014Z,2023-05-17T02:50:52.042437970Z,0.000669956,18,3.912550627694737e-8,51.8702,16.8712,533016.2,direct,0,0e0,11,24,4,2,14854,1134,24,4,2,14854,1134,0.167
20230520,2023-05-20T10:06:48.470831990Z,2023-05-20T10:06:48.471561968Z,0.000729978,19,1.3588856092713952e-8,287.2864,21.4430,533390.8,direct,0,7.331252798950905e-3,9,27,0,0,16908,1308,27,0,0,16908,1308,0.185
20230523,2023-05-23T04:55:23.912411093Z,2023-05-23T04:55:23.914271235Z,0.001860142,46,7.807217629337066e-6,52.4619,43.1756,536836.2,direct,0,0e0,14,79,1,0,26971,1091,79,1,0,26971,1091,0.152
20230530,2023-05-30T15:44:28.958855926Z,2023-05-30T15:44:28.960797905Z,0.001941979,36,5.392238067185107e-6,118.7519,6.6584,531626.8,direct,0,7.134824997950988e-3,1,58,7,3,15065,1952,58,7,3,15065,1952,0.121
20230601,2023-06-01T01:43:24.972774028Z,2023-06-01T01:43:24.973873972Z,0.001099944,16,4.117231665604782e-7,121.4157,10.3782,530787.1,direct,0,3.5243012867797723e-3,2,37,3,0,19115,1074,37,3,0,19115,1074,0.135
20230602,2023-06-02T15:04:18.560393989Z,2023-06-02T15:04:18.561757981Z,0.001363992,45,4.3138422730778576e-8,105.3277,2.8000,530084.9,direct,0,1.477060396688796e-3,6,51,4,3,17847,857,51,4,3,17847,857,0.118
20230603,2023-06-03T04:28:09.503265976Z,2023-06-03T04:28:09.504265964Z,0.000999988,16,2.083324373305746e-8,67.2601,9.6886,531466.0,direct,0,1.2298208343578395e-3,4,27,2,0,13837,1669,27,2,0,13837,1669,0.222
20230604,2023-06-04T01:57:06.808195948Z,2023-06-04T01:57:06.809695959Z,0.001500011,20,1.0645297948938924e-8,291.9708,2.1349,529341.0,direct,1,9.876350790918775e-4,5,36,7,4,16331,1675,36,7,4,16331,1675,0.139
20230607,2023-06-07T11:29:08.387843966Z,2023-06-07T11:29:08.389593958Z,0.001749992,22,6.987633875114682e-8,285.3671,17.1850,533428.7,direct,0,2.8710944840586836e-3,8,39,1,0,14960,2086,39,1,0,14960,2086,0.231
20230612,2023-06-12T13:02:40.782999932Z,2023-06-12T13:02:40.784695923Z,0.001695991,39,2.209979765744872e-6,94.2854,22.3272,528267.9,direct,0,2.70504280796656e-3,1,58,0,0,19879,974,58,0,0,19879,974,0.121
20230613,2023-06-13T10:15:44.167519986Z,2023-06-13T10:15:44.168721973Z,0.001201987,19,2.159050645235608e-7,277.7891,6.0839,533521.8,direct,1,4.842524260306532e-3,12,33,6,4,14487,1773,33,6,4,14487,1773,0.121
20230614,2023-06-14T17:17:27.271189987Z,2023-06-14T17:17:27.272495985Z,0.001305998,19,1.7716564018677038e-6,2.3359,10.9082,526112.6,direct,0,2.939497098598475e-3,2,42,1,1,24300,1155,42,1,1,24300,1155,0.167
20230622,2023-06-22T05:01:49.529565989Z,2023-06-22T05:01:49.530051946Z,0.000485957,16,1.0172842636499114e-8,280.1262,22.0651,531304.1,direct,1,7.3748610031964595e-3,8,22,2,0,16697,1928,22,2,0,16697,1928,0.182
20230622,2023-06-22T06:40:35.707055985Z,2023-06-22T06:40:35.708515942Z,0.001459957,27,8.358119186448033e-7,266.1099,13.1994,531408.7,direct,1,1.2694032349807392e-2,7,38,4,0,15491,1434,38,4,0,15491,1434,0.132
20230702,2023-07-02T14:58:07.467923939Z,2023-07-02T14:58:07.468499958Z,0.000576019,15,4.879545774866379e-6,283.7487,13.4597,528891.0,direct,1,6.964234341447422e-3,9,22,3,0,15586,2060,22,3,0,15586,2060,0.136
20230704,2023-07-04T23:01:47.812765955Z,2023-07-04T23:01:47.813079953Z,0.000313998,20,1.5134338361174373e-8,290.2541,19.8398,526328.4,direct,0,6.9724914679124665e-3,8,21,0,0,15237,1499,21,0,0,15237,1499,0.143
20230708,2023-07-08T13:46:43.472557961Z,2023-07-08T13:46:43.473249971Z,0.000692010,20,2.0755555145881792e-8,288.5044,31.2812,531512.0,direct,1,9.448809171379396e-3,11,29,4,2,20269,2910,29,4,2,20269,2910,0.138
20230711,2023-07-11T05:32:23.414487957Z,2023-07-11T05:32:23.415327966Z,0.000840009,17,5.6305900129767e-8,132.0764,32.3126,528275.4,direct,1,3.2784755102040816e-3,10,28,3,3,16253,1188,28,3,3,16253,1188,0.143
20230712,2023-07-12T21:18:22.655325949Z,2023-07-12T21:18:22.656723976Z,0.001398027,31,1.6815367886216012e-6,271.7744,14.0084,525311.4,direct,0,7.297683271862962e-3,7,39,3,0,15547,2214,39,3,0,15547,2214,0.154
20230717,2023-07-17T08:32:04.369780004Z,2023-07-17T08:32:04.370173990Z,0.000393986,14,1.2722806049882956e-6,292.9148,20.2747,532705.7,direct,0,4.917629702483403e-4,4,18,6,2,16133,1440,18,6,2,16133,1440,0.167
20230721,2023-07-21T17:45:14.648279964Z,2023-07-21T17:45:14.649645984Z,0.001366020,23,1.194220430352994e-8,272.8607,9.3225,526760.4,direct,0,5.08503256290468e-3,6,31,2,0,15024,1469,31,2,0,15024,1469,0.129
20230724,2023-07-24T08:32:16.453971982Z,2023-07-24T08:32:16.455189943Z,0.001217961,18,7.067642194163299e-7,243.2279,17.0337,531465.4,direct,0,0e0,7,32,4,1,15285,1954,32,4,1,15285,1954,0.156
20230724,2023-07-24T14:48:40.065988004Z,2023-07-24T14:48:40.067535996Z,0.001547992,21,1.2629030149801988e-8,135.7479,6.8651,530316.0,direct,0,0e0,6,34,6,4,13153,2095,34,6,4,13153,2095,0.206
20230725,2023-07-25T13:34:07.833113968Z,2023-07-25T13:34:07.834759950Z,0.001645982,21,7.767983788013773e-8,288.1087,26.8999,531115.7,direct,1,7.704643119416441e-3,14,41,6,3,17465,2173,41,6,3,17465,2173,0.146
20230726,2023-07-26T08:00:58.163756012Z,2023-07-26T08:00:58.164117991Z,0.000361979,14,5.93210408796209e-7,225.2809,5.7387,529772.8,direct,1,1.7632805507745267e-4,8,19,1,0,13368,827,19,1,0,13368,827,0.158
20230726,2023-07-26T15:02:27.648633956Z,2023-07-26T15:02:27.649325966Z,0.000692010,15,1.284239933243834e-7,279.9223,10.9832,528575.8,direct,0,3.4948586017539544e-3,3,23,1,0,13829,1357,23,1,0,13829,1357,0.130
20230727,2023-07-27T04:41:22.073571979Z,2023-07-27T04:41:22.075343966Z,0.001771987,26,9.021489819081985e-6,281.2216,15.9924,530255.1,direct,0,8.255306524055405e-3,7,42,0,0,16210,2278,42,0,0,16210,2278,0.143
20230728,2023-07-28T17:10:40.409943997Z,2023-07-28T17:10:40.411299943Z,0.001355946,20,4.899043620131858e-6,89.9160,20.6523,530351.1,direct,0,6.559430292598968e-4,0,37,8,6,18175,794,37,8,6,18175,794,0.108
20230729,2023-07-29T01:42:54.180807769Z,2023-07-29T01:42:54.181719720Z,0.000911951,18,4.179970042127319e-7,108.4722,6.8744,529265.4,direct,1,7.212523563642324e-3,2,29,6,6,15569,1097,29,6,6,15569,1097,0.172
20230729,2023-07-29T15:19:46.914705932Z,2023-07-29T15:19:46.915027916Z,0.000321984,14,1.934027210533397e-6,104.5163,14.9760,529055.7,direct,0,8.196049504139005e-4,7,19,1,0,19036,1239,19,1,0,19036,1239,0.158
20230731,2023-07-31T02:08:36.857505977Z,2023-07-31T02:08:36.859192013Z,0.001686036,35,1.7226862321830325e-8,283.0685,6.3042,527599.6,direct,1,8.146424391443325e-3,5,45,4,1,15412,1054,45,4,1,15412,1054,0.133
20230731,2023-07-31T13:50:31.364505946Z,2023-07-31T13:50:31.365587949Z,0.001082003,17,2.484209192737534e-6,251.6222,22.3838,531720.9,direct,0,4.0986744529136954e-4,3,37,7,1,17801,996,37,7,1,17801,996,0.108
20230802,2023-08-02T00:06:14.589096009Z,2023-08-02T00:06:14.590596020Z,0.001500011,28,8.068685533421219e-7,300.3497,5.5098,526703.3,direct,0,1.1485144906155233e-3,4,36,1,0,16632,915,36,1,0,16632,915,0.139
20230802,2023-08-02T19:40:33.776941955Z,2023-08-02T19:40:33.778695940Z,0.001753985,41,3.260069405784336e-8,137.8826,29.8332,533527.5,direct,0,9.015654454552904e-4,5,50,8,2,15011,919,50,8,2,15011,919,0.100
20230806,2023-08-06T00:47:57.529639959Z,2023-08-06T00:47:57.530193984Z,0.000554025,13,1.991173395673665e-7,265.5366,7.1826,525611.1,direct,1,2.787183173510368e-3,4,24,1,0,14386,2015,24,1,0,14386,2015,0.167
20230808,2023-08-08T08:59:34.446927964Z,2023-08-08T08:59:34.448389947Z,0.001461983,28,7.548216609240136e-6,295.4051,4.0109,531340.2,direct,0,9.018145561839194e-4,8,39,3,2,12740,886,39,3,2,12740,886,0.128
20230809,2023-08-09T10:16:14.420837998Z,2023-08-09T10:16:14.421973943Z,0.001135945,25,6.963899733621158e-6,255.4148,16.3815,531405.5,direct,0,1.3629368019014834e-2,6,32,3,0,16327,1687,32,3,0,16327,1687,0.094
20230811,2023-08-11T17:07:59.166279971Z,2023-08-11T17:07:59.167303979Z,0.001024008,20,1.2187863165299409e-6,348.5425,11.6266,524354.6,direct,1,5.737439800016392e-4,2,45,2,0,34938,1297,45,2,0,34938,1297,0.133
20230812,2023-08-12T13:41:07.806159973Z,2023-08-12T13:41:07.806595921Z,0.000435948,15,5.102172250211984e-7,25.9765,3.7049,524431.7,direct,1,2.214424383247274e-3,10,20,2,1,15961,1292,20,2,1,15961,1292,0.200
20230812,2023-08-12T13:47:10.684789955Z,2023-08-12T13:47:10.686373949Z,0.001583994,23,5.36392185986205e-7,42.0021,18.9918,524931.5,direct,0,8.948641258913204e-3,11,36,4,1,15243,1275,36,4,1,15243,1275,0.167
20230814,2023-08-14T02:37:34.649433970Z,2023-08-14T02:37:34.650323927Z,0.000889957,19,5.3045844784015496e-8,302.1728,37.7834,531728.5,direct,0,2.295028235390542e-3,2,32,5,4,20521,1804,32,5,4,20521,1804,0.156
20230815,2023-08-15T05:44:02.720059931Z,2023-08-15T05:44:02.721497952Z,0.001438021,23,4.524098874529035e-8,284.2996,17.4971,530034.0,direct,1,2.050919293500533e-3,8,33,1,0,15217,1426,33,1,0,15217,1426,0.091
20230816,2023-08-16T05:28:49.628253936Z,2023-08-16T05:28:49.629545986Z,0.001292050,24,4.238851398063238e-8,276.7248,21.3177,529764.1,direct,1,3.120310146709286e-3,12,37,10,5,16605,2383,37,10,5,16605,2383,0.216
20230816,2023-08-16T20:53:11.027827978Z,2023-08-16T20:53:11.029143989Z,0.001316011,39,2.0583816522596887e-8,284.4592,30.2417,526474.6,direct,0,8.309748381280223e-3,7,46,2,1,20559,3184,46,2,1,20559,3184,0.109
20230819,2023-08-19T12:56:12.220358014Z,2023-08-19T12:56:12.220919966Z,0.000561952,15,5.766924424723301e-8,180.3575,-11.4154,532715.6,direct,0,2.049061962134251e-3,8,22,1,0,14619,1070,22,1,0,14619,1070,0.182
20230823,2023-08-23T02:20:50.209854006Z,2023-08-23T02:20:50.211405992Z,0.001551986,29,2.3865633503866185e-7,287.7416,14.3997,527033.4,direct,1,3.8580913777559217e-3,5,49,8,4,14360,2047,49,8,4,14360,2047,0.143
20230823,2023-08-23T03:56:55.235329985Z,2023-08-23T03:56:55.235888004Z,0.000558019,20,2.4711327277449017e-6,266.2057,11.8858,527165.9,direct,0,1.361496349479551e-2,8,24,2,2,15553,977,24,2,2,15553,977,0.125
20230824,2023-08-24T10:19:59.854141950Z,2023-08-24T10:19:59.854709923Z,0.000567973,15,1.281016040134829e-7,211.1859,-28.8864,537579.7,direct,1,1.5603080567166629e-3,6,24,4,2,16289,1082,24,4,2,16289,1082,0.125
20230824,2023-08-24T10:21:27.347481966Z,2023-08-24T10:21:27.348035991Z,0.000554025,15,2.383838703290901e-8,216.2162,-31.8278,538830.2,direct,0,2.1330721908040325e-3,6,21,3,2,16733,1053,21,3,2,16733,1053,0.190
20230825,2023-08-25T22:23:56.805593967Z,2023-08-25T22:23:56.806945919Z,0.001351952,17,4.496782697622663e-6,310.8869,27.3857,526339.7,direct,1,1.2317424555364314e-3,10,37,4,2,15125,1829,37,4,2,15125,1829,0.135
20230828,2023-08-28T06:49:58.410727977Z,2023-08-28T06:49:58.411681950Z,0.000953973,21,3.50989217757705e-8,20.9712,-1.5299,528795.8,direct,0,1.639209900827801e-3,8,27,1,1,15545,771,27,1,1,15545,771,0.185
20230831,2023-08-31T12:31:06.725285947Z,2023-08-31T12:31:06.727155983Z,0.001870036,38,7.838966139635537e-6,280.7649,4.2149,528837.9,direct,0,6.857824596344562e-3,8,57,9,2,14889,1620,57,9,2,14889,1620,0.105
20230902,2023-09-02T12:05:13.357836008Z,2023-09-02T12:05:13.358669996Z,0.000833988,27,2.5601588016969637e-6,279.2818,8.7519,528912.0,direct,0,1.016652510449963e-2,10,30,1,0,14759,1062,30,1,0,14759,1062,0.100
20230902,2023-09-02T22:15:14.874163925Z,2023-09-02T22:15:14.875787973Z,0.001624048,38,1.1445852250243809e-6,281.8122,11.7114,523917.7,direct,0,4.428794844684862e-3,6,47,7,4,13975,1555,47,7,4,13975,1555,0.128
20230906,2023-09-06T03:48:33.817201972Z,2023-09-06T03:48:33.818267941Z,0.001065969,15,8.366097244868915e-6,160.7211,24.8002,525175.7,direct,1,6.937958282108024e-4,8,30,0,0,14290,1023,30,0,0,14290,1023,0.133
20230912,2023-09-12T13:38:39.600245952Z,2023-09-12T13:38:39.601299941Z,0.001053989,13,1.0380962300074523e-6,355.8996,4.7658,523895.6,direct,1,1.0662480452421931e-3,5,28,3,0,13751,871,28,3,0,13751,871,0.214
20230918,2023-09-18T04:04:07.983632028Z,2023-09-18T04:04:07.984925985Z,0.001293957,8,1.6815498342342684e-6,51.6700,38.0447,531823.2,direct,0,0e0,1,10,4,2,45,0,10,4,2,45,0,0.300
20230918,2023-09-18T05:12:13.426689982Z,2023-09-18T05:12:13.428067982Z,0.001378000,37,9.21104813745874e-6,280.9355,9.3251,528179.3,direct,0,1.0670938283747234e-2,6,42,2,1,15132,989,42,2,1,15132,989,0.143
20230919,2023-09-19T04:58:19.536989986Z,2023-09-19T04:58:19.538093984Z,0.001103998,23,4.43460028453192e-8,278.4520,9.7618,527889.1,direct,0,3.979779280386854e-3,7,30,2,1,14982,1338,30,2,1,14982,1338,0.133
20230922,2023-09-22T02:45:02.120360016Z,2023-09-22T02:45:02.120759963Z,0.000399947,16,1.2766675955790053e-7,305.0230,19.9300,528094.0,direct,1,5.739694287353495e-4,7,19,2,1,15102,1716,19,2,1,15102,1716,0.158
20230928,2023-09-28T06:02:28.019258022Z,2023-09-28T06:02:28.020326018Z,0.001067996,32,4.006868285283408e-7,207.7764,13.4686,525061.4,direct,1,8.196049504139005e-5,7,33,1,0,13102,833,33,1,0,13102,833,0.121
20230929,2023-09-29T16:47:05.795363962Z,2023-09-29T16:47:05.796677947Z,0.001313985,20,3.875586534156833e-7,18.9796,-3.2114,524196.9,direct,0,9.84392115400377e-4,5,31,1,0,15617,1243,31,1,0,15617,1243,0.129
20230930,2023-09-30T10:59:28.583523988Z,2023-09-30T10:59:28.584053993Z,0.000530005,17,8.83052181933817e-7,279.1215,4.9105,528054.2,direct,0,1.042432578477174e-2,11,21,2,0,13573,684,21,2,0,13573,684,0.190
20231006,2023-10-06T15:10:18.482273995Z,2023-10-06T15:10:18.483493983Z,0.001219988,21,5.745478892482361e-8,7.7950,5.8971,522405.3,direct,0,1.2294074256208507e-3,5,34,11,6,18337,1185,34,11,6,18337,1185,0.176
20231007,2023-10-07T19:39:04.019289970Z,2023-10-07T19:39:04.019954025Z,0.000664055,18,5.977835900339759e-7,287.4699,0.8563,522733.4,direct,1,1.2168970330300797e-2,5,23,2,0,15740,2156,23,2,0,15740,2156,0.217
20231011,2023-10-11T12:20:33.581993997Z,2023-10-11T12:20:33.583549976Z,0.001555979,32,1.669005399036463e-6,11.6853,-0.4116,523103.5,direct,0,8.196049504139005e-5,4,45,4,1,16399,1211,45,4,1,16399,1211,0.133
20231013,2023-10-13T12:43:48.836125969Z,2023-10-13T12:43:48.837843954Z,0.001717985,24,5.409119351311605e-8,186.4265,-12.1311,529560.9,direct,0,4.3467729776247846e-3,4,37,7,4,14083,1464,37,7,4,14083,1464,0.135
20231014,2023-10-14T04:26:40.448001980Z,2023-10-14T04:26:40.449699997Z,0.001698017,32,6.537745449528086e-7,285.6607,7.0207,525772.3,direct,0,8.563739603311204e-3,9,44,4,1,13870,1879,44,4,1,13870,1879,0.136
20231014,2023-10-14T19:41:36.521381974Z,2023-10-14T19:41:36.522735953Z,0.001353979,19,5.1765013322564766e-8,268.0391,23.5691,523201.5,direct,0,1.2810349561511352e-2,10,34,4,4,18114,2629,34,4,4,18114,2629,0.176
20231017,2023-10-17T11:43:31.234961986Z,2023-10-17T11:43:31.235661983Z,0.000699997,20,4.0988090570522574e-8,170.4188,-7.3835,527207.2,direct,0,2.463631095811819e-4,11,24,1,0,14955,1432,24,1,0,14955,1432,0.250
20231017,2023-10-17T14:50:38.285272002Z,2023-10-17T14:50:38.286484003Z,0.001212001,15,3.0662948775394936e-6,114.6391,0.2014,525605.6,direct,1,1.432928030489304e-2,5,32,1,0,15687,1243,32,1,0,15687,1243,0.188
20231025,2023-10-25T23:51:21.601445972Z,2023-10-25T23:51:21.603003978Z,0.001558006,22,2.152708864873296e-6,265.7943,17.2492,522059.4,direct,0,9.114205515941316e-3,6,37,1,0,15806,877,37,1,0,15806,877,0.108
20231026,2023-10-26T02:19:34.364582002Z,2023-10-26T02:19:34.366117954Z,0.001535952,20,1.4406347228880511e-6,64.2920,-2.9108,526349.2,direct,0,3.278419801655602e-4,6,46,1,0,19777,1393,46,1,0,19777,1393,0.130
20231030,2023-10-30T03:00:57.108227968Z,2023-10-30T03:00:57.109005987Z,0.000778019,19,1.4087262894004028e-7,43.2991,11.4691,525334.6,direct,1,4.595847250225392e-3,11,24,0,0,13598,838,24,0,0,13598,838,0.167
20231031,2023-10-31T08:06:45.894785940Z,2023-10-31T08:06:45.896247923Z,0.001461983,23,1.00016760934217e-7,105.1686,18.8095,521922.4,direct,0,8.424868453405459e-5,1,37,7,4,17294,1061,37,7,4,17294,1061,0.135
20231101,2023-11-01T21:27:44.288903951Z,2023-11-01T21:27:44.290654003Z,0.001750052,47,2.2176346843250145e-8,98.3233,2.1062,526157.2,direct,0,1.639209900827801e-3,5,61,3,0,18706,1919,61,3,0,18706,1919,0.115
20231105,2023-11-05T07:51:42.636977970Z,2023-11-05T07:51:42.638597965Z,0.001619995,25,9.88408257017005e-6,290.1365,11.4110,525675.5,direct,0,1.211131716252766e-2,8,40,1,1,14598,2147,40,1,1,14598,2147,0.150
20231107,2023-11-07T04:50:14.474475979Z,2023-11-07T04:50:14.474883973Z,0.000407994,16,1.8428748361146109e-7,117.9233,11.8738,521775.4,direct,0,9.83616629784444e-4,5,21,1,0,15967,909,21,1,0,15967,909,0.095
20231107,2023-11-07T13:58:41.073283731Z,2023-11-07T13:58:41.075319886Z,0.002036155,46,4.400190979778605e-6,248.7302,42.4835,529277.1,direct,0,0e0,17,85,9,3,20468,1849,85,9,3,20468,1849,0.212
20231107,2023-11-07T13:58:41.084617733Z,2023-11-07T13:58:41.086691856Z,0.002074123,48,4.0735333894818983e-8,248.7311,42.4836,529277.1,direct,0,0e0,17,87,6,0,20256,1836,87,6,0,20256,1836,0.218
20231107,2023-11-07T13:58:41.152427852Z,2023-11-07T13:58:41.154423832Z,0.001995980,45,2.5974476662093783e-8,248.7366,42.4842,529277.2,direct,0,0e0,17,83,7,0,18955,1704,83,7,0,18955,1704,0.229
20231110,2023-11-10T06:36:46.576549947Z,2023-11-10T06:36:46.577097952Z,0.000548005,14,6.232321506425345e-8,276.6545,11.4332,525050.6,direct,1,1.7285668371444962e-2,9,22,1,0,14521,2077,22,1,0,14521,2077,0.136
20231110,2023-11-10T15:06:36.539721965Z,2023-11-10T15:06:36.541401982Z,0.001680017,15,8.246627429230515e-7,290.6417,20.7385,523166.3,direct,1,1.8276053110400784e-3,8,40,6,2,15074,2008,40,6,2,15074,2008,0.150
20231111,2023-11-11T15:50:05.563305974Z,2023-11-11T15:50:05.564313948Z,0.001007974,27,7.213801676941321e-7,124.6965,7.2893,524611.1,direct,0,7.427453651340054e-4,4,30,1,0,12645,1239,30,1,0,12645,1239,0.233
20231117,2023-11-17T03:03:19.687703967Z,2023-11-17T03:03:19.690607964Z,0.002903997,51,1.522260134320999e-8,248.4464,-21.2389,526682.8,direct,0,0e0,28,116,21,14,18032,1372,116,21,14,18032,1372,0.103
20231117,2023-11-17T03:03:19.708001971Z,2023-11-17T03:03:19.712417960Z,0.004415989,47,5.47963975817845e-6,248.4474,-21.2381,526682.6,direct,0,0e0,28,163,14,2,17961,1371,163,14,2,17961,1371,0.104
20231123,2023-11-23T22:17:24.656453967Z,2023-11-23T22:17:24.657616019Z,0.001162052,18,1.9237764901517072e-8,305.1381,4.7328,521317.5,direct,0,6.582899926235555e-4,2,33,9,5,16901,1137,33,9,5,16901,1137,0.121
20231128,2023-11-28T14:37:00.272881984Z,2023-11-28T14:37:00.274621963Z,0.001739979,22,5.8529770349896445e-6,18.3058,-5.9365,521484.7,direct,0,5.743644865174985e-4,9,38,3,0,15181,1159,38,3,0,15181,1159,0.158
20231129,2023-11-29T08:49:16.235625982Z,2023-11-29T08:49:16.236051976Z,0.000425994,16,5.0571490020989636e-8,280.4759,5.7698,524005.7,direct,0,1.0428863380050815e-2,9,18,0,0,13015,981,18,0,0,13015,981,0.167
20231201,2023-12-01T19:27:10.115072548Z,2023-12-01T19:27:10.116626441Z,0.001553893,23,2.841151802423483e-6,115.7337,-4.1875,524882.7,direct,0,2.5444701745758543e-3,3,36,0,0,13596,1019,36,0,0,13596,1019,0.139
20231205,2023-12-05T18:21:46.173165977Z,2023-12-05T18:21:46.173977971Z,0.000811994,15,2.3446643175405195e-6,96.3904,5.0764,523213.4,direct,1,5.658246266699451e-3,7,26,1,1,13480,1106,26,1,1,13480,1106,0.154
20231205,2023-12-05T18:25:12.439525961Z,2023-12-05T18:25:12.439859986Z,0.000334025,15,6.6891808093935565e-6,105.0640,-3.8517,524293.4,direct,1,1.1606166543725923e-3,7,19,3,2,13441,978,19,3,2,13441,978,0.158
20231218,2023-12-18T06:19:34.038121998Z,2023-12-18T06:19:34.038981974Z,0.000859976,19,6.831904340737679e-8,21.7533,0.8245,522148.7,direct,0,1.8031619457421523e-3,3,27,0,0,14795,1124,27,0,0,14795,1124,0.222
20231220,2023-12-20T11:26:51.949201941Z,2023-12-20T11:26:51.950663924Z,0.001461983,34,9.119628271889676e-7,128.4407,-16.8432,524503.4,direct,0,1.688813423489878e-2,7,44,0,0,15602,1033,44,0,0,15602,1033,0.114
20231220,2023-12-20T12:09:37.908161997Z,2023-12-20T12:09:37.909175992Z,0.001013995,18,5.498583946738432e-7,283.8225,4.7625,522048.7,direct,0,3.48398032948119e-4,9,27,1,0,14600,1223,27,1,0,14600,1223,0.185
20231223,2023-12-23T09:03:24.022581994Z,2023-12-23T09:03:24.023231983Z,0.000649989,18,2.109338597262205e-6,140.9411,-13.1118,522855.9,direct,0,2.9294374313580855e-3,4,26,1,0,17145,1081,26,1,0,17145,1081,0.192
20231223,2023-12-23T21:38:10.963631927Z,2023-12-23T21:38:10.964821934Z,0.001190007,16,7.09567683586094e-8,295.1294,-0.6365,520082.8,direct,1,5.242294467666585e-3,6,30,5,0,13130,1757,30,5,0,13130,1757,0.167
20231226,2023-12-26T08:15:49.697485923Z,2023-12-26T08:15:49.697823941Z,0.000338018,17,3.302658895434799e-7,132.1699,-11.9730,522073.9,direct,1,1.2100367027292844e-2,6,20,0,0,15673,941,20,0,0,15673,941,0.150
20240101,2024-01-01T15:12:29.672885954Z,2024-01-01T15:12:29.674469947Z,0.001583993,39,4.7808202075255395e-8,135.8950,-16.1846,525340.2,direct,0,6.5644760593393985e-3,6,46,11,5,13416,1913,46,11,5,13416,1913,0.109
20240103,2024-01-03T16:17:27.690791964Z,2024-01-03T16:17:27.691989958Z,0.001197994,18,2.5314688353454463e-8,111.2194,-12.0164,524008.7,direct,0,4.185211662978444e-3,11,28,3,1,12944,1734,28,3,1,12944,1734,0.214
20240103,2024-01-03T16:17:28.728539943Z,2024-01-03T16:17:28.729139924Z,0.000599981,14,3.043502513951558e-6,111.2651,-11.9727,523999.9,direct,0,4.185187164986477e-3,11,21,3,0,13081,1767,21,3,0,13081,1767,0.143
20240202,2024-02-02T04:21:32.672427952Z,2024-02-02T04:21:32.673409938Z,0.000981986,13,5.954387719332131e-6,289.0906,1.5943,519809.4,direct,1,1.5662394295549546e-2,10,29,2,2,12811,1881,29,2,2,12811,1881,0.138
20240202,2024-02-02T15:27:37.264153957Z,2024-02-02T15:27:37.265572011Z,0.001418054,22,3.7118321510950703e-8,124.2961,-2.8530,520514.4,direct,0,1.2719119400049175e-2,7,35,5,2,15862,1634,35,5,2,15862,1634,0.171
20240202,2024-02-02T15:28:56.947539925Z,2024-02-02T15:28:56.948075950Z,0.000536025,15,7.961862542807013e-7,127.6673,-6.2966,521054.7,direct,1,1.1898303048930416e-2,8,21,4,2,15793,1764,21,4,2,15793,1764,0.143
20240206,2024-02-06T15:55:45.947791934Z,2024-02-06T15:55:45.949539959Z,0.001748025,24,1.4975398405083698e-8,87.7351,0.2227,519227.2,direct,0,5.740898123104664e-4,4,41,4,1,13248,1298,41,4,1,13248,1298,0.122
20240210,2024-02-10T15:31:44.763001918Z,2024-02-10T15:31:44.763225972Z,0.000224054,11,3.997718165731567e-6,231.6060,-14.8020,522415.8,direct,0,0e0,17,13,2,0,10495,1885,13,2,0,10495,1885,0.154
20240210,2024-02-10T19:44:03.958429932Z,2024-02-10T19:44:03.959831953Z,0.001402021,29,6.130603768125326e-6,31.2490,-23.4236,524272.2,direct,0,1.3113679206622408e-3,31,41,8,1,12897,2702,41,8,1,12897,2702,0.122
20240222,2024-02-22T16:54:00.617115974Z,2024-02-22T16:54:00.617927968Z,0.000811994,19,5.082457316345712e-7,121.5663,-23.1414,524241.2,direct,1,1.738898942709614e-4,7,25,0,0,15534,1237,25,0,0,15534,1237,0.120
20240224,2024-02-24T00:39:51.120148003Z,2024-02-24T00:39:51.120818018Z,0.000670015,14,2.390438332596849e-6,20.3926,-2.9712,519275.5,direct,0,5.65718496024916e-3,1,22,2,1,14217,1171,22,2,1,14217,1171,0.136
20240224,2024-02-24T18:03:31.982989907Z,2024-02-24T18:03:31.984509944Z,0.001520037,34,9.438192862169548e-6,114.5367,-3.1606,519388.9,direct,0,5.577723366937137e-3,8,39,7,0,12790,833,39,7,0,12790,833,0.154
20240224,2024-02-24T19:21:40.394413948Z,2024-02-24T19:21:40.395949959Z,0.001536011,35,1.3272821920788077e-6,36.8261,-39.4230,529513.1,direct,0,3.7704856651094177e-3,4,57,1,1,33084,3315,57,1,1,33084,3315,0.123
20240225,2024-02-25T19:22:19.119340002Z,2024-02-25T19:22:19.121573984Z,0.002233982,43,5.415249055954134e-7,89.6564,-1.5671,519015.7,direct,0,3.181366642078518e-3,4,81,6,4,18135,1853,81,6,4,18135,1853,0.111
20240302,2024-03-02T07:25:33.530107975Z,2024-03-02T07:25:33.531235933Z,0.001127958,21,5.430304970993514e-7,54.5511,0.0193,517440.1,direct,0,0e0,8,31,5,0,12580,1455,31,5,0,12580,1455,0.129
20240304,2024-03-04T02:12:44.715499937Z,2024-03-04T02:12:44.716743946Z,0.001244009,23,8.893038799466121e-7,136.5588,-14.0108,519972.5,direct,1,2.4588148512417015e-4,9,27,1,0,12381,870,27,1,0,12381,870,0.111
20240309,2024-03-09T14:08:13.519303977Z,2024-03-09T14:08:13.519821941Z,0.000517964,14,2.245808763058321e-6,83.1724,-2.9829,517576.9,direct,0,1.1258468977952626e-3,3,24,0,0,19452,1171,24,0,0,19452,1171,0.125
20240310,2024-03-10T16:58:06.082181990Z,2024-03-10T16:58:06.083011984Z,0.000829994,22,3.0652222215978565e-8,25.0989,-10.5780,518628.7,direct,0,3.858333153020244e-3,3,27,0,0,14904,905,27,0,0,14904,905,0.148
20240330,2024-03-30T15:17:00.876801967Z,2024-03-30T15:17:00.878157913Z,0.001355946,29,6.710990451253567e-8,111.4303,0.1712,516241.1,direct,0,2.4593474797147776e-3,6,37,1,0,13202,917,37,1,0,13202,917,0.162
20240401,2024-04-01T14:49:44.337835967Z,2024-04-01T14:49:44.338573992Z,0.000738025,18,9.962081603645569e-8,126.7618,-18.8044,519942.2,direct,1,4.060667756741251e-3,22,24,0,0,11714,1847,24,0,0,11714,1847,0.125
20240404,2024-04-04T20:16:50.921265959Z,2024-04-04T20:16:50.921735942Z,0.000469983,13,8.687342856092126e-8,23.7457,-18.6948,519506.5,direct,0,2.0492153430046716e-3,28,16,0,0,11316,1122,16,0,0,11316,1122,0.125
20240415,2024-04-15T09:21:00.968159914Z,2024-04-15T09:21:00.969139933Z,0.000980019,20,3.0456666343307455e-8,105.0419,-6.7837,523252.4,direct,0,2.9413922301450702e-3,7,28,0,0,14060,876,28,0,0,14060,876,0.143
20240415,2024-04-15T15:45:43.327481985Z,2024-04-15T15:45:43.328817963Z,0.001335978,18,5.2892856579853884e-8,20.2012,-18.0767,528450.3,direct,0,8.196049504139005e-5,11,36,0,0,14758,2110,36,0,0,14758,2110,0.111
20240419,2024-04-19T07:41:45.222093999Z,2024-04-19T07:41:45.222437977Z,0.000343978,13,4.18298098535987e-6,299.0792,19.4354,530998.3,direct,0,0e0,26,17,4,0,11754,1995,17,4,0,11754,1995,0.235
20240423,2024-04-23T11:57:26.672585964Z,2024-04-23T11:57:26.673941969Z,0.001356005,15,6.349156295471132e-8,330.0338,28.7759,518310.8,direct,1,9.840528973034995e-4,9,31,1,0,13580,973,31,1,0,13580,973,0.129
20240509,2024-05-09T10:38:55.474015951Z,2024-05-09T10:38:55.475319981Z,0.001304030,19,1.007299194332995e-6,103.8838,2.0877,524314.5,direct,0,2.4588469633636586e-3,3,32,8,2,15599,1785,32,8,2,15599,1785,0.156
20240509,2024-05-09T11:21:37.633983969Z,2024-05-09T11:21:37.634427964Z,0.000443995,15,1.974565588438542e-6,259.4246,10.4717,527569.9,direct,1,9.17106679780346e-3,9,21,1,0,14716,1836,21,1,0,14716,1836,0.143
20240510,2024-05-10T10:24:10.690003931Z,2024-05-10T10:24:10.691655933Z,0.001652002,30,4.653102309002053e-7,101.0206,1.9913,523144.7,direct,0,8.129539660683551e-3,5,41,8,5,16433,1891,41,8,5,16433,1891,0.146
20240510,2024-05-10T15:07:58.884981930Z,2024-05-10T15:07:58.885849893Z,0.000867963,16,1.4036073821325608e-7,25.3052,-1.2711,522321.7,direct,0,2.458862035898697e-3,7,26,0,0,14096,1265,26,0,0,14096,1265,0.154
20240515,2024-05-15T00:05:28.967249929Z,2024-05-15T00:05:28.967617928Z,0.000367999,14,2.604607656352384e-6,325.8724,42.5312,537346.6,direct,0,0e0,32,18,8,1,14754,5012,18,8,1,14754,5012,0.167
20240519,2024-05-19T03:22:56.697377920Z,2024-05-19T03:22:56.698241949Z,0.000864029,14,2.679973450800588e-7,142.0332,-5.0888,515085.7,direct,1,1.639209900827801e-4,22,23,4,1,9403,1560,23,4,1,9403,1560,0.130
20240530,2024-05-30T21:24:13.698103964Z,2024-05-30T21:24:13.698735952Z,0.000631988,17,1.3551057511655953e-8,189.9621,24.7126,514230.8,direct,0,0e0,7,25,1,0,12945,1218,25,1,0,12945,1218,0.160
20240530,2024-05-30T23:31:57.455359935Z,2024-05-30T23:31:57.456541955Z,0.001182020,17,3.2795742533000593e-6,294.6745,12.2698,526700.8,direct,0,3.278419801655602e-4,2,28,0,0,12996,1146,28,0,0,12996,1146,0.143
20240601,2024-06-01T03:22:25.112989962Z,2024-06-01T03:22:25.114035964Z,0.001046002,22,1.185443530758334e-6,72.0350,8.4672,515325.6,direct,1,1.803130890910581e-3,4,28,2,1,16955,1110,28,2,1,16955,1110,0.107
20240601,2024-06-01T14:29:05.774301946Z,2024-06-01T14:29:05.774925947Z,0.000624001,14,2.1241592652420393e-8,267.3925,12.9428,515122.4,direct,1,1.2983943709532006e-2,11,22,0,0,14066,1299,22,0,0,14066,1299,0.136
20240604,2024-06-04T17:16:17.221709966Z,2024-06-04T17:16:17.222343981Z,0.000634015,13,6.984059897374741e-7,302.0168,41.2315,518027.9,direct,0,0e0,29,25,9,1,17269,6124,25,9,1,17269,6124,0.160
20240605,2024-06-05T09:23:24.638858675Z,2024-06-05T09:23:24.639240682Z,0.000382007,13,8.551287996565967e-7,118.4902,6.0265,522495.6,direct,0,3.6397783214490616e-3,15,18,0,0,11639,1379,18,0,0,11639,1379,0.167
20240612,2024-06-12T13:06:45.385027945Z,2024-06-12T13:06:45.386355936Z,0.001327991,19,7.1660542872668e-6,190.0601,-11.4000,532449.7,direct,1,9.023878780427834e-4,11,30,2,1,12530,1018,30,2,1,12530,1018,0.133
20240612,2024-06-12T13:19:03.631835937Z,2024-06-12T13:19:03.632693946Z,0.000858009,12,1.4019750504851492e-7,222.0968,19.9468,523909.4,direct,0,0e0,12,28,3,1,13331,935,28,3,1,13331,935,0.214
20240613,2024-06-13T22:36:49.815959930Z,2024-06-13T22:36:49.817233920Z,0.001273990,30,1.0380765119734252e-6,84.5682,27.5040,523903.0,direct,0,0e0,4,39,1,1,14763,994,39,1,1,14763,994,0.103
20240615,2024-06-15T17:51:45.078751981Z,2024-06-15T17:51:45.080573976Z,0.001821995,38,8.349368751653897e-6,274.6013,14.3089,512404.7,direct,0,8.307016154413573e-3,12,49,6,4,14430,1074,49,6,4,14430,1074,0.122
20240620,2024-06-20T11:11:29.016806006Z,2024-06-20T11:11:29.017596006Z,0.000790000,17,7.175320224830011e-7,190.2979,9.8304,530963.2,direct,0,1.1492694615195477e-3,10,22,1,0,12525,1020,22,1,0,12525,1020,0.182
20240630,2024-06-30T08:28:35.496661961Z,2024-06-30T08:28:35.496905982Z,0.000244021,15,1.5193036533049752e-8,146.0956,-9.0832,526075.8,direct,1,1.3118091140070483e-3,9,17,3,0,12084,1223,17,3,0,12084,1223,0.118
20240630,2024-06-30T13:28:42.107707977Z,2024-06-30T13:28:42.109286010Z,0.001578033,40,4.531369816266804e-6,115.1033,28.6255,531997.2,direct,0,9.015654454552904e-4,4,53,1,0,17786,1473,53,1,0,17786,1473,0.094
20240701,2024-07-01T00:26:03.593085944Z,2024-07-01T00:26:03.593607962Z,0.000522018,18,3.27190886232365e-8,284.4738,11.2762,527674.7,direct,1,3.0351085484796327e-3,14,20,8,6,14219,1383,20,8,6,14219,1383,0.100
20240701,2024-07-01T21:40:06.667315065Z,2024-07-01T21:40:06.667761385Z,0.000446320,18,1.9976000570178005e-8,117.9918,9.1902,520079.7,direct,1,3.688222276862552e-3,1,20,3,0,15598,1259,20,3,0,15598,1259,0.300
20240702,2024-07-02T10:18:22.877831935Z,2024-07-02T10:18:22.879451930Z,0.001619995,22,7.602515346644366e-8,280.9981,12.7193,521324.1,direct,0,1.3946707614129987e-2,11,38,5,1,13413,1975,38,5,1,13413,1975,0.158
20240713,2024-07-13T18:30:02.615759968Z,2024-07-13T18:30:02.616705954Z,0.000945986,17,3.684467812928924e-8,83.6030,13.1553,529852.9,direct,0,1.639209900827801e-4,1,24,4,0,12670,1438,24,4,0,12670,1438,0.125
20240713,2024-07-13T19:31:28.385017991Z,2024-07-13T19:31:28.385509967Z,0.000491976,15,5.396546044522001e-7,288.3233,22.3039,518314.4,direct,1,1.8872508482911236e-3,7,20,8,5,15186,1560,20,8,5,15186,1560,0.200
20240717,2024-07-17T18:22:21.599251925Z,2024-07-17T18:22:21.600097954Z,0.000846029,14,2.358862909545219e-6,262.3279,7.8384,511965.0,direct,0,2.03573768543562e-3,7,24,1,1,13756,1291,24,1,1,13756,1291,0.125
20240720,2024-07-20T22:44:57.865813910Z,2024-07-20T22:44:57.866183936Z,0.000370026,17,6.085892673734376e-6,281.7959,40.5294,525991.4,direct,1,4.0989792639947546e-4,11,23,0,0,23451,1787,23,0,0,23451,1787,0.130
20240722,2024-07-22T17:14:32.988254010Z,2024-07-22T17:14:32.988683998Z,0.000429988,15,3.993585023203004e-6,286.1104,34.7043,515643.4,direct,1,2.131511203999672e-3,15,24,7,1,20340,2001,24,7,1,20340,2001,0.250
20240723,2024-07-23T12:38:59.689550518Z,2024-07-23T12:38:59.691224515Z,0.001673997,22,1.7113951971261822e-6,100.9391,18.7457,526216.1,direct,0,3.279110400786821e-3,5,40,1,1,14618,1191,40,1,1,14618,1191,0.225
20240802,2024-08-02T21:05:52.867691934Z,2024-08-02T21:05:52.868413925Z,0.000721991,16,3.9342206209159384e-6,276.2869,10.6680,517047.1,direct,1,1.3944615031554791e-3,6,22,1,0,13399,1637,22,1,0,13399,1637,0.182
20240803,2024-08-03T12:23:43.761297941Z,2024-08-03T12:23:43.762705922Z,0.001407981,33,3.583708410334799e-8,270.4604,29.0001,515160.0,direct,1,1.0015164035734776e-2,15,46,0,0,19010,1384,46,0,0,19010,1384,0.109
20240803,2024-08-03T12:25:31.305975973Z,2024-08-03T12:25:31.306829988Z,0.000854015,20,1.1418246488677032e-6,276.7480,32.5930,515065.9,direct,0,9.631385329071387e-3,13,31,4,4,20157,1320,31,4,4,20157,1320,0.161
20240805,2024-08-05T07:31:50.680025935Z,2024-08-05T07:31:50.681227922Z,0.001201987,18,4.291010727587559e-6,85.1402,25.3631,513357.8,direct,0,6.082892139988525e-4,2,30,0,0,14678,1277,30,0,0,14678,1277,0.133
20240827,2024-08-27T11:01:40.033789992Z,2024-08-27T11:01:40.034138023Z,0.000348031,16,1.4238032755274705e-7,264.4744,12.7376,515830.4,direct,0,1.469022957954266e-2,0,17,2,1,9273,906,17,2,1,9273,906,0.176
20240829,2024-08-29T19:52:44.114345073Z,2024-08-29T19:52:44.115285634Z,0.000940561,17,6.329424687121598e-8,102.7528,23.3669,521335.8,direct,1,1.7532977133021884e-3,0,22,1,0,10676,724,22,1,0,10676,724,0.182
20240830,2024-08-30T08:35:20.343943953Z,2024-08-30T08:35:20.345109939Z,0.001165986,24,1.747195938059538e-8,279.9534,14.5903,518749.6,direct,1,6.0733768953364475e-3,3,31,2,1,8852,1100,31,2,1,8852,1100,0.161
20240831,2024-08-31T09:20:04.199441969Z,2024-08-31T09:20:04.199979960Z,0.000537991,14,8.692544797751451e-7,123.2727,21.7200,522543.5,direct,1,3.2790499795098764e-3,0,17,0,0,9334,549,17,0,0,9334,549,0.235
20240901,2024-09-01T08:02:17.800309896Z,2024-09-01T08:02:17.801215946Z,0.000906050,17,9.809645250730509e-6,277.9419,12.3206,519714.6,direct,0,1.25225281288419e-2,3,20,2,1,8936,918,20,2,1,8936,918,0.200
20240901,2024-09-01T13:45:10.105737984Z,2024-09-01T13:45:10.106970012Z,0.001232028,17,5.137528859967902e-6,41.4952,15.6403,519644.3,direct,0,1.3666499680354069e-2,3,24,3,3,8495,687,24,3,3,8495,687,0.167
20240901,2024-09-01T19:04:18.480277180Z,2024-09-01T19:04:18.481789410Z,0.001512230,23,2.3604624266707512e-8,103.3434,17.4326,521639.4,direct,0,6.386804909433653e-3,1,36,5,0,9518,633,36,5,0,9518,633,0.139
20240905,2024-09-05T18:53:22.800617933Z,2024-09-05T18:53:22.801989912Z,0.001371979,17,2.308603175878682e-7,288.3921,8.2160,513736.2,direct,1,6.552451536759282e-3,9,34,1,0,13500,1787,34,1,0,13500,1787,0.147
20240906,2024-09-06T20:15:49.494671940Z,2024-09-06T20:15:49.496269941Z,0.001598001,21,2.4839295095155706e-6,274.9850,20.1061,516001.5,direct,0,4.018623498073928e-3,12,35,0,0,15346,1145,35,0,0,15346,1145,0.114
20240913,2024-09-13T23:02:05.674657940Z,2024-09-13T23:02:05.674963951Z,0.000306011,14,1.4529082115136172e-6,196.8392,27.0036,511722.7,direct,0,0e0,12,17,2,1,12812,1208,17,2,1,12812,1208,0.176
20240915,2024-09-15T19:09:27.190461993Z,2024-09-15T19:09:27.190476Z,0.000014007,9,7.939285912615667e-6,218.2562,7.6046,507103.0,direct,0,0e0,11,9,0,0,11662,928,9,0,0,11662,928,0.222
20240920,2024-09-20T13:04:42.836273968Z,2024-09-20T13:04:42.837545931Z,0.001271963,21,1.2889714099146531e-8,302.0527,26.3254,507962.8,direct,0,4.673681288418982e-3,14,27,2,1,13970,1300,27,2,1,13970,1300,0.148
20240921,2024-09-21T22:43:45.259007990Z,2024-09-21T22:43:45.260367989Z,0.001359999,19,2.6771139347582084e-7,269.9542,22.5972,517698.1,direct,0,2.4604492828456683e-3,7,35,3,1,15512,1510,35,3,1,15512,1510,0.143
20240921,2024-09-21T22:49:14.894173920Z,2024-09-21T22:49:14.895829916Z,0.001655996,22,2.853935456031122e-8,285.1262,9.0425,519581.2,direct,0,9.289384878288664e-3,7,36,1,0,12111,1272,36,1,0,12111,1272,0.167
20240926,2024-09-26T07:03:51.763229906Z,2024-09-26T07:03:51.764917731Z,0.001687825,24,3.3373847696628436e-8,122.9856,17.6670,514275.0,direct,0,1.558159404966806e-3,4,40,0,0,16046,881,40,0,0,16046,881,0.125
20240929,2024-09-29T19:50:58.330735981Z,2024-09-29T19:50:58.332019984Z,0.001284003,15,3.177018143887405e-7,130.2336,19.5867,510042.5,direct,0,1.7223272518646013e-3,10,29,0,0,12471,806,29,0,0,12471,806,0.138
20241003,2024-10-03T17:43:45.795351922Z,2024-10-03T17:43:45.796681940Z,0.001330018,20,6.836420562781295e-6,293.8999,0.2368,510759.3,direct,1,1.3156207171543316e-2,7,27,3,1,12124,1527,27,3,1,12124,1527,0.148
20241015,2024-10-15T13:21:39.956463932Z,2024-10-15T13:21:39.958223879Z,0.001759947,23,1.6482668347436284e-6,117.3280,13.6575,519326.7,direct,1,8.291087828866487e-3,8,40,3,2,13200,1229,40,3,2,13200,1229,0.175
20241017,2024-10-17T19:01:20.908478021Z,2024-10-17T19:01:20.908944010Z,0.000465989,16,1.434779634416717e-7,11.5991,8.2102,519226.6,direct,0,6.559298418162446e-4,6,21,1,0,15357,875,21,1,0,15357,875,0.190
20241019,2024-10-19T13:40:48.800703942Z,2024-10-19T13:40:48.802163958Z,0.001460016,25,8.704974413161788e-7,83.0848,10.8935,518970.9,direct,0,6.699741332677649e-4,6,42,0,0,15628,1296,42,0,0,15628,1296,0.143
20241021,2024-10-21T16:05:54.857253909Z,2024-10-21T16:05:54.858087956Z,0.000834047,17,4.7014528566844635e-8,13.4695,-7.2016,517398.1,direct,0,1.3134986804360298e-3,8,26,0,0,14276,1060,26,0,0,14276,1060,0.154
20241024,2024-10-24T23:11:24.946053922Z,2024-10-24T23:11:24.946659922Z,0.000606000,18,2.1475207154620825e-7,268.3915,13.7720,516904.6,direct,1,1.8860123514466028e-3,13,23,0,0,14083,1001,23,0,0,14083,1001,0.174
20241024,2024-10-24T23:21:45.183030009Z,2024-10-24T23:21:45.183600008Z,0.000569999,17,1.8978358738328165e-7,301.8076,36.1669,522086.0,direct,1,4.778294057864109e-3,14,24,1,0,17600,1375,24,1,0,17600,1375,0.125
20241103,2024-11-03T04:06:57.651587963Z,2024-11-03T04:06:57.653145909Z,0.001557946,31,3.098769494320193e-8,115.3124,-3.4940,506127.7,direct,0,5.820353356282272e-3,7,39,3,3,10795,877,39,3,3,10795,877,0.128
20241104,2024-11-04T12:32:38.439876019Z,2024-11-04T12:32:38.441218018Z,0.001341999,17,1.2973081972018512e-6,171.3892,-7.0933,514150.6,direct,0,3.310533530038522e-3,14,29,2,1,11979,1388,29,2,1,11979,1388,0.138
20241105,2024-11-05T00:57:11.768667936Z,2024-11-05T00:57:11.768679916Z,0.000011980,9,7.397386625745778e-7,303.2445,25.7847,517843.0,direct,0,0e0,23,9,0,0,10558,741,9,0,0,10558,741,0.222
20241107,2024-11-07T00:20:00.966183900Z,2024-11-07T00:20:00.966197907Z,0.000014007,9,2.2731967344312388e-6,305.2141,21.9023,517082.9,direct,0,8.196049504139005e-5,27,9,3,0,10187,2097,9,3,0,10187,2097,0.222
20241108,2024-11-08T14:24:29.647221922Z,2024-11-08T14:24:29.648725926Z,0.001504004,26,1.5933341335433834e-7,117.5156,-7.8462,516105.9,direct,0,6.203449077944431e-3,11,37,1,0,9656,949,37,1,0,9656,949,0.135
20241108,2024-11-08T20:40:32.911143898Z,2024-11-08T20:40:32.911773920Z,0.000630022,17,4.7741416803096446e-8,14.1567,-0.7665,515608.8,direct,0,3.011284812720269e-3,8,22,1,0,11612,1891,22,1,0,11612,1891,0.136
20241108,2024-11-08T20:43:19.232209980Z,2024-11-08T20:43:19.233691990Z,0.001482010,34,7.044140169599653e-7,21.1997,-7.9543,515920.4,direct,0,2.623501172035079e-3,8,41,2,0,12021,2478,41,2,0,12021,2478,0.098
20241110,2024-11-10T22:22:55.496295928Z,2024-11-10T22:22:55.497061967Z,0.000766039,16,4.230827097101139e-7,153.6826,-0.4542,501475.2,direct,1,1.065498409966396e-3,9,20,3,0,10800,1548,20,3,0,10800,1548,0.200
20241113,2024-11-13T12:51:23.237509012Z,2024-11-13T12:51:23.239378809Z,0.001869797,27,1.4310146268452014e-8,123.5813,-20.5862,519617.8,direct,0,1.4754425211048277e-3,13,43,5,0,14000,1647,43,5,0,14000,1647,0.093
20241115,2024-11-15T12:06:59.100265979Z,2024-11-15T12:06:59.101265966Z,0.000999987,20,4.8744157744296404e-8,107.0750,-8.2694,517308.5,direct,0,6.505525874928284e-3,6,25,0,0,11854,754,25,0,0,11854,754,0.200
20241122,2024-11-22T14:31:50.257093966Z,2024-11-22T14:31:50.258709967Z,0.001616001,20,2.0901796060236565e-8,22.8949,-7.0060,513775.1,direct,0,8.52912446520777e-3,31,27,6,0,9380,1852,27,6,0,9380,1852,0.148
20241125,2024-11-25T19:03:48.522467970Z,2024-11-25T19:03:48.522955954Z,0.000487984,13,3.401200412096287e-7,114.8362,7.7831,504150.1,direct,1,5.166003524301287e-3,10,18,0,0,12564,713,18,0,0,12564,713,0.167
20241126,2024-11-26T12:55:16.590773940Z,2024-11-26T12:55:16.592125952Z,0.001352012,14,1.3189760759187573e-6,328.7705,33.5281,504078.2,direct,0,2.632883943939021e-4,28,30,1,0,11075,1184,30,1,0,11075,1184,0.167
20241202,2024-12-02T13:24:56.829663932Z,2024-12-02T13:24:56.830445945Z,0.000782013,17,1.517285509792919e-7,129.8086,-15.3164,516036.8,direct,0,1.279885768379641e-2,16,21,2,2,12292,2396,21,2,2,12292,2396,0.143
20241210,2024-12-10T18:42:54.745793938Z,2024-12-10T18:42:54.747373938Z,0.001580000,25,5.963481732741294e-6,17.0266,3.4628,513229.1,direct,0,3.1992109827063357e-3,6,35,3,1,13438,1230,35,3,1,13438,1230,0.143
20241212,2024-12-12T12:24:51.529533922Z,2024-12-12T12:24:51.529649972Z,0.000116050,15,3.9428926279302426e-7,263.5697,11.7998,498375.2,direct,1,3.084565486435538e-3,10,16,0,0,12989,1488,16,0,0,12989,1488,0.188
20241212,2024-12-12T16:21:10.763973951Z,2024-12-12T16:21:10.764759957Z,0.000786006,19,1.5710872489357477e-7,22.5943,-12.5125,515206.3,direct,0,4.100597991967872e-3,6,24,0,0,14003,1368,24,0,0,14003,1368,0.208
20241213,2024-12-13T18:31:54.321077942Z,2024-12-13T18:31:54.321523964Z,0.000446022,16,3.253421389734003e-8,188.9722,-11.5125,500460.5,direct,1,4.917647733792312e-4,7,22,1,0,11664,1186,22,1,0,11664,1186,0.182
20241217,2024-12-17T03:43:13.728289902Z,2024-12-17T03:43:13.729259908Z,0.000970006,15,1.040631220690227e-8,202.6642,5.8581,512542.3,direct,1,7.398835005327432e-3,6,25,1,0,11739,1909,25,1,0,11739,1909,0.160
20241217,2024-12-17T06:41:39.463041961Z,2024-12-17T06:41:39.463259935Z,0.000217974,16,8.62514859655156e-6,125.9321,-21.6543,513834.3,direct,0,3.944090230308991e-3,14,19,3,1,13873,2082,19,3,1,13873,2082,0.158
20241219,2024-12-19T20:30:36.865801930Z,2024-12-19T20:30:36.866255939Z,0.000454009,15,1.5657839194298468e-7,316.5143,24.9303,513634.5,direct,1,5.438951069584461e-3,33,17,2,1,10426,1158,17,2,1,10426,1158,0.176
20241220,2024-12-20T17:41:02.174434006Z,2024-12-20T17:41:02.176135957Z,0.001701951,22,6.681163428296477e-7,151.7890,-7.7797,500988.8,direct,0,4.264275674125071e-3,10,31,7,0,11183,1469,31,7,0,11183,1469,0.129
20250106,2025-01-06T19:34:17.229092001Z,2025-01-06T19:34:17.229415953Z,0.000323952,13,1.9469213482807578e-8,1.7003,1.1167,510387.3,direct,0,0e0,10,16,1,0,11177,1414,16,1,0,11177,1414,0.188
20250108,2025-01-08T12:38:24.976639926Z,2025-01-08T12:38:24.978291928Z,0.001652002,30,1.1584984249054336e-8,108.4040,-11.7333,512180.8,direct,0,0e0,7,41,4,2,11776,1533,41,4,2,11776,1533,0.146
20250109,2025-01-09T20:04:04.284371972Z,2025-01-09T20:04:04.284745991Z,0.000374019,12,9.85380897068925e-7,331.5976,3.7382,510466.2,direct,0,0e0,24,15,8,2,9183,1112,15,8,2,9183,1112,0.133
20250114,2025-01-14T20:41:12.581597924Z,2025-01-14T20:41:12.581797957Z,0.000200033,12,3.263854832773986e-7,114.4079,1.0671,496437.5,direct,0,0e0,15,15,3,0,9343,1602,15,3,0,9343,1602,0.200
20250121,2025-01-21T14:54:13.452915966Z,2025-01-21T14:54:13.453775942Z,0.000859976,20,1.430017933330743e-7,134.3635,-18.7508,507784.5,direct,0,0e0,16,26,3,1,12496,1322,26,3,1,12496,1322,0.154
20250123,2025-01-23T02:36:36.750669896Z,2025-01-23T02:36:36.750715911Z,0.000046015,13,5.4374620519851774e-8,171.8094,-19.0620,511153.2,direct,0,0e0,21,13,2,1,11539,1573,13,2,1,11539,1573,0.231
20250123,2025-01-23T06:43:19.133524Z,2025-01-23T06:43:19.134400010Z,0.000876010,19,4.961699705178664e-7,327.8216,39.2099,498586.7,direct,0,0e0,33,27,7,2,12853,1724,27,7,2,12853,1724,0.111
20250125,2025-01-25T07:10:39.213065981Z,2025-01-25T07:10:39.213073968Z,0.000007987,8,1.8855076011557703e-6,229.2467,-16.1909,509117.4,direct,0,0e0,25,8,0,0,9438,1378,8,0,0,9438,1378,0.250
20250201,2025-02-01T08:06:18.729725956Z,2025-02-01T08:06:18.730325937Z,0.000599981,17,3.312322023791196e-6,225.7960,30.4096,503407.6,direct,0,0e0,9,22,3,1,14715,1247,22,3,1,14715,1247,0.136
20250201,2025-02-01T10:54:06.967355906Z,2025-02-01T10:54:06.968747913Z,0.001392007,27,1.0209002227482776e-7,118.6872,-22.1134,514213.5,direct,0,0e0,16,43,0,0,13820,1417,43,0,0,13820,1417,0.163
20250202,2025-02-02T10:35:33.271492004Z,2025-02-02T10:35:33.272300004Z,0.000808000,14,6.229907000486534e-7,127.0372,-14.0427,511658.0,direct,0,0e0,26,21,2,0,9531,1901,21,2,0,9531,1901,0.190
20250208,2025-02-08T21:54:33.847118735Z,2025-02-08T21:54:33.848433613Z,0.001314878,20,7.960995647738789e-6,115.4339,-4.9204,493936.0,direct,0,0e0,7,30,0,0,12011,1098,30,0,0,12011,1098,0.167
20250213,2025-02-13T20:11:51.929967880Z,2025-02-13T20:11:51.931113898Z,0.001146018,13,6.724157339689379e-6,132.2952,-24.3801,498337.6,direct,0,0e0,13,30,0,0,15296,969,30,0,0,15296,969,0.167
20250224,2025-02-24T04:09:20.173316001Z,2025-02-24T04:09:20.173659980Z,0.000343979,17,6.360225184047728e-7,100.5808,4.2535,498469.0,direct,0,0e0,6,19,1,0,13869,898,19,1,0,13869,898,0.211
20250302,2025-03-02T09:54:55.650691926Z,2025-03-02T09:54:55.652259945Z,0.001568019,12,9.984389245080957e-8,221.2174,-41.7947,564318.4,direct,0,0e0,34,16,0,0,299,34,16,0,0,299,34,0.312
20250302,2025-03-02T09:55:00.551787972Z,2025-03-02T09:55:00.553537964Z,0.001749992,9,8.712715292498313e-6,221.5984,-41.8575,564275.2,direct,0,0e0,34,12,0,0,239,25,12,0,0,239,25,0.250
20250302,2025-03-02T09:55:00.562465965Z,2025-03-02T09:55:00.564009964Z,0.001543999,10,1.0548618064949931e-6,221.5993,-41.8576,564275.1,direct,0,0e0,34,12,0,0,234,29,12,0,0,234,29,0.417
20250308,2025-03-08T18:06:30.824421942Z,2025-03-08T18:06:30.827473938Z,0.003051996,57,3.6826620080829166e-6,57.6739,-41.8819,566575.9,direct,0,0e0,20,157,17,1,28610,2890,157,17,1,28610,2890,0.140
20250308,2025-03-08T21:41:10.450735986Z,2025-03-08T21:41:10.451477944Z,0.000741958,18,5.879291093946205e-7,102.1791,-7.3977,534752.2,direct,0,0e0,6,25,3,0,13565,1870,25,3,0,13565,1870,0.160
20250309,2025-03-09T08:04:56.172179996Z,2025-03-09T08:04:56.173835992Z,0.001655996,31,6.4533292037785155e-6,139.4607,-7.5163,534466.4,direct,0,0e0,10,45,3,3,16070,853,45,3,3,16070,853,0.178
20250309,2025-03-09T08:05:09.831869959Z,2025-03-09T08:05:09.833793938Z,0.001923979,39,1.624575157810444e-7,140.0439,-8.1003,534955.2,direct,0,0e0,10,56,5,2,16005,968,56,5,2,16005,968,0.125
20250310,2025-03-10T00:36:13.337921977Z,2025-03-10T00:36:13.338696002Z,0.000774025,16,1.07700980467164e-6,45.6507,-12.2914,541716.0,direct,0,0e0,6,26,1,1,16555,1353,26,1,1,16555,1353,0.115
20250310,2025-03-10T19:37:18.939061939Z,2025-03-10T19:37:18.940569937Z,0.001507998,24,1.0376808089957378e-7,114.4098,-12.9994,544374.2,direct,0,0e0,13,33,4,0,11921,1551,33,4,0,11921,1551,0.152
20250312,2025-03-12T06:40:49.159547984Z,2025-03-12T06:40:49.160053968Z,0.000505984,19,4.073714350661986e-6,330.0944,15.1808,527532.1,direct,0,0e0,3,26,3,3,22100,2560,26,3,3,22100,2560,0.154
20250314,2025-03-14T12:22:11.763789951Z,2025-03-14T12:22:11.764903962Z,0.001114011,14,9.214599845213231e-6,195.1249,-16.3851,554072.4,direct,0,0e0,7,26,3,0,12296,1231,26,3,0,12296,1231,0.154
20250314,2025-03-14T14:59:20.923343956Z,2025-03-14T14:59:20.923793911Z,0.000449955,15,1.2013799277292705e-7,17.3910,-20.8830,531528.8,direct,0,0e0,15,20,4,2,15756,1329,20,4,2,15756,1329,0.150
20250317,2025-03-17T16:26:26.719617962Z,2025-03-17T16:26:26.720989942Z,0.001371980,33,1.6578703650017409e-6,110.9306,-18.4215,557659.4,direct,0,0e0,10,40,1,0,13352,1081,40,1,0,13352,1081,0.175
20250318,2025-03-18T12:27:52.867435932Z,2025-03-18T12:27:52.868861913Z,0.001425981,17,7.435643547411385e-6,21.5809,-14.1952,515205.0,direct,0,0e0,11,31,0,0,13113,1420,31,0,0,13113,1420,0.129
20250403,2025-04-03T06:19:01.672633945Z,2025-04-03T06:19:01.673209965Z,0.000576020,15,4.196297040109991e-7,170.3216,-5.0755,534497.2,direct,0,0e0,9,20,1,0,11230,990,20,1,0,11230,990,0.250
20250409,2025-04-09T21:33:58.227617561Z,2025-04-09T21:33:58.228257596Z,0.000640035,16,7.332379718550226e-8,78.0970,5.3708,538273.5,direct,0,0e0,7,20,2,0,11258,1739,20,2,0,11258,1739,0.150
20250411,2025-04-11T00:38:01.144060015Z,2025-04-11T00:38:01.145731985Z,0.001671970,36,2.749505001310967e-7,46.9342,-14.8678,531610.3,direct,0,0e0,16,46,14,3,12240,1827,46,14,3,12240,1827,0.109
20250412,2025-04-12T10:30:15.347675979Z,2025-04-12T10:30:15.347925961Z,0.000249982,14,6.985527941223995e-7,36.9270,-14.7771,508507.4,direct,0,0e0,9,16,0,0,14548,1403,16,0,0,14548,1403,0.188
20250415,2025-04-15T06:46:37.963471889Z,2025-04-15T06:46:37.963621914Z,0.000150025,14,4.061873017495604e-6,98.7531,7.5297,509329.1,direct,0,0e0,4,15,4,0,16445,1602,15,4,0,16445,1602,0.200
20250415,2025-04-15T13:04:34.385316014Z,2025-04-15T13:04:34.386341989Z,0.001025975,24,4.95115698228778e-6,356.0815,1.5218,506580.7,direct,0,0e0,4,32,1,0,16639,1058,32,1,0,16639,1058,0.156
20250429,2025-04-29T18:20:10.796253919Z,2025-04-29T18:20:10.796701967Z,0.000448048,13,7.95564106661813e-7,341.8967,18.6676,528631.7,direct,0,0e0,9,19,1,0,11761,1832,19,1,0,11761,1832,0.158
20250501,2025-05-01T08:04:11.943672001Z,2025-05-01T08:04:11.944634020Z,0.000962019,12,2.99516215316502e-7,53.4249,43.1268,507420.2,direct,0,0e0,12,12,0,0,245,28,12,0,0,245,28,0.333
20250501,2025-05-01T10:02:57.812285006Z,2025-05-01T10:02:57.813111007Z,0.000826001,18,2.712135515452038e-6,114.8592,1.5739,535025.0,direct,0,0e0,5,25,0,0,13717,775,25,0,0,13717,775,0.160
20250502,2025-05-02T01:04:28.895873963Z,2025-05-02T01:04:28.896471917Z,0.000597954,18,1.266763337545026e-8,60.9369,-5.7373,520844.6,direct,0,0e0,2,24,0,0,17613,1018,24,0,0,17613,1018,0.208
20250504,2025-05-04T22:59:14.982564747Z,2025-05-04T22:59:14.984207391Z,0.001642644,46,2.172751738391486e-7,112.1438,26.8862,509267.5,direct,0,0e0,17,60,5,2,18251,1387,60,5,2,18251,1387,0.233
20250507,2025-05-07T14:06:33.383639991Z,2025-05-07T14:06:33.384097993Z,0.000458002,17,7.798456345384856e-7,186.3746,-8.4360,537534.1,direct,0,0e0,11,20,1,1,12033,1051,20,1,1,12033,1051,0.150
20250509,2025-05-09T20:05:24.837167918Z,2025-05-09T20:05:24.837979912Z,0.000811994,18,1.862120302595889e-7,103.5536,11.4233,529341.9,direct,0,0e0,2,27,0,0,15618,733,27,0,0,15618,733,0.148
20250510,2025-05-10T18:08:54.916755914Z,2025-05-10T18:08:54.918081939Z,0.001326025,31,3.430294898042104e-6,107.2908,-6.4889,542816.5,direct,0,0e0,11,37,5,1,12543,1194,37,5,1,12543,1194,0.135
20250511,2025-05-11T17:56:33.801793932Z,2025-05-11T17:56:33.802331924Z,0.000537992,14,1.322191082557265e-7,109.9521,-0.8768,541308.4,direct,0,0e0,6,21,2,2,12688,1075,21,2,2,12688,1075,0.143
20250513,2025-05-13T17:26:05.382055997Z,2025-05-13T17:26:05.383177995Z,0.001121998,17,8.068403320830943e-8,100.8648,-4.4473,546521.3,direct,0,0e0,4,27,6,3,13215,1654,27,6,3,13215,1654,0.148
20250514,2025-05-14T10:59:43.609289944Z,2025-05-14T10:59:43.609887957Z,0.000598013,12,6.531133504931216e-6,216.1598,16.7552,537950.1,direct,0,0e0,10,21,0,0,12287,1406,21,0,0,12287,1406,0.143
20250518,2025-05-18T10:23:02.778229951Z,2025-05-18T10:23:02.779393970Z,0.001164019,21,3.951096257378132e-6,293.1762,40.9279,518508.2,direct,0,0e0,10,43,13,4,20450,2802,43,13,4,20450,2802,0.116
20250519,2025-05-19T04:05:02.319760262Z,2025-05-19T04:05:02.321146249Z,0.001385987,16,7.584456028731158e-8,83.4200,6.5309,500465.2,direct,0,0e0,9,29,2,1,12401,780,29,2,1,12401,780,0.172
20250521,2025-05-21T14:41:10.007781982Z,2025-05-21T14:41:10.009046018Z,0.001264036,14,2.533676891240738e-6,268.9198,6.1345,501884.0,direct,0,0e0,8,29,7,2,12402,1405,29,7,2,12402,1405,0.138
20250522,2025-05-22T12:04:10.312377989Z,2025-05-22T12:04:10.312455952Z,0.000077963,13,1.2624154859841237e-6,122.9763,-5.5702,547496.2,direct,0,0e0,21,13,5,3,8897,914,13,5,3,8897,914,0.154
20250527,2025-05-27T03:42:21.688343942Z,2025-05-27T03:42:21.689863920Z,0.001519978,24,7.3518583097470764e-6,35.1041,8.3413,511750.7,direct,0,0e0,10,35,6,4,11382,1697,35,6,4,11382,1697,0.143
20250527,2025-05-27T11:37:35.865233957Z,2025-05-27T11:37:35.866163909Z,0.000929952,20,1.992544236404931e-7,274.4993,8.0256,512497.3,direct,0,0e0,11,25,3,1,12232,1607,25,3,1,12232,1607,0.160
20250528,2025-05-28T11:23:02.001738011Z,2025-05-28T11:23:02.002641975Z,0.000903964,15,1.3585293381606655e-6,271.9685,7.7750,514713.1,direct,0,0e0,12,24,0,0,12196,1540,24,0,0,12196,1540,0.167
20250529,2025-05-29T13:41:49.682557940Z,2025-05-29T13:41:49.683739960Z,0.001182020,32,1.1895659111875887e-6,81.8200,20.3737,545278.2,direct,0,0e0,8,39,7,0,12835,978,39,7,0,12835,978,0.128
20250602,2025-06-02T01:09:37.674302339Z,2025-06-02T01:09:37.678468346Z,0.004166007,29,3.067250155608518e-7,151.8123,-41.7517,513921.5,direct,0,0e0,7,93,63,18,7399,5004,93,63,18,7399,5004,0.237
20250602,2025-06-02T01:09:37.697086334Z,2025-06-02T01:09:37.702734291Z,0.005647957,28,4.427172778081467e-6,151.8140,-41.7514,513921.6,direct,0,0e0,7,129,80,19,7561,5114,129,80,19,7561,5114,0.225
20250603,2025-06-03T09:17:39.093382Z,2025-06-03T09:17:39.094735980Z,0.001353980,16,8.379523863600911e-7,114.6143,18.9301,534814.2,direct,0,0e0,3,27,1,0,12063,724,27,1,0,12063,724,0.148
20250603,2025-06-03T13:54:36.557547986Z,2025-06-03T13:54:36.558917939Z,0.001369953,20,5.7639524451273255e-6,20.9039,-1.6620,521950.0,direct,0,0e0,7,27,1,0,11468,927,27,1,0,11468,927,0.148
20250613,2025-06-13T15:17:01.745095670Z,2025-06-13T15:17:01.746351659Z,0.001255989,14,6.425435438297739e-7,92.8328,20.6837,548423.4,direct,0,0e0,6,32,11,3,11839,1376,32,11,3,11839,1376,0.094
20250614,2025-06-14T01:52:39.255961954Z,2025-06-14T01:52:39.256733953Z,0.000771999,16,6.73920023675002e-8,164.1087,24.6809,511995.4,direct,0,0e0,8,22,3,0,11079,1607,22,3,0,11079,1607,0.182
20250616,2025-06-16T01:59:38.671985924Z,2025-06-16T01:59:38.672637939Z,0.000652015,17,9.66413120171968e-7,297.1263,2.6674,547985.0,direct,0,0e0,9,22,2,0,11422,1225,22,2,0,11422,1225,0.136
20250617,2025-06-17T02:37:52.853537917Z,2025-06-17T02:37:52.854743957Z,0.001206040,18,1.8249084306061972e-8,116.4916,11.7110,500825.2,direct,0,0e0,5,33,8,1,13555,1625,33,8,1,13555,1625,0.182
20250618,2025-06-18T15:27:41.833788156Z,2025-06-18T15:27:41.834261953Z,0.000473797,14,7.769767075754648e-7,18.5793,39.8129,532697.1,direct,0,0e0,28,19,9,6,12695,1800,19,9,6,12695,1800,0.211
20250620,2025-06-20T19:09:25.625605940Z,2025-06-20T19:09:25.626203954Z,0.000598014,15,9.56826574404817e-7,178.9689,-11.7757,507834.5,direct,0,0e0,16,22,0,0,11413,1255,22,0,0,11413,1255,0.182
20250622,2025-06-22T13:05:06.347747623Z,2025-06-22T13:05:06.348453342Z,0.000705719,18,2.7826136049606257e-8,73.1945,16.4237,536640.1,direct,0,0e0,4,22,1,0,12041,934,22,1,0,12041,934,0.136
20250625,2025-06-25T10:41:54.472238183Z,2025-06-25T10:41:54.473888158Z,0.001649975,33,6.574522317430062e-7,78.9502,24.7699,524949.2,direct,0,0e0,5,43,2,0,13133,1078,43,2,0,13133,1078,0.116
20250701,2025-07-01T06:06:55.045519530Z,2025-07-01T06:06:55.045951545Z,0.000432015,15,5.987274584715934e-7,123.9425,13.9654,515707.9,direct,0,0e0,4,19,0,0,16416,882,19,0,0,16416,882,0.158
20250701,2025-07-01T22:00:47.188145995Z,2025-07-01T22:00:47.188354015Z,0.000208020,14,8.599791149703882e-6,252.0950,4.1491,519946.1,direct,0,0e0,13,15,2,0,12027,1094,15,2,0,12027,1094,0.133
20250703,2025-07-03T08:08:13.121169984Z,2025-07-03T08:08:13.122601985Z,0.001432001,31,4.9330483782557684e-8,283.8412,7.8357,523226.3,direct,0,0e0,8,38,5,0,13253,1018,38,5,0,13253,1018,0.105
20250714,2025-07-14T05:26:58.836085975Z,2025-07-14T05:26:58.837761938Z,0.001675963,31,4.018095608957381e-7,264.4828,17.5597,542701.3,direct,0,0e0,7,46,0,0,15181,1547,46,0,0,15181,1547,0.152
20250719,2025-07-19T02:42:15.054965972Z,2025-07-19T02:42:15.057133972Z,0.002168000,25,4.292528895985397e-8,292.4799,30.2100,546412.7,direct,0,0e0,12,66,3,2,16597,2270,66,3,2,16597,2270,0.136
20250725,2025-07-25T15:17:37.455082058Z,2025-07-25T15:17:37.455904066Z,0.000822008,16,8.173903103237867e-7,32.7815,9.2789,538335.2,direct,0,0e0,7,22,0,0,12417,947,22,0,0,12417,947,0.182
20250726,2025-07-26T21:19:37.290008008Z,2025-07-26T21:19:37.291513979Z,0.001505971,22,4.506043296636172e-6,286.1943,1.9685,532144.8,direct,0,0e0,12,33,1,0,13079,1016,33,1,0,13079,1016,0.121
20250727,2025-07-27T10:08:54.034676015Z,2025-07-27T10:08:54.035157978Z,0.000481963,19,2.755837056081324e-7,118.1911,25.0576,543230.8,direct,0,0e0,5,21,1,0,14843,727,21,1,0,14843,727,0.143
20250728,2025-07-28T08:48:50.852401912Z,2025-07-28T08:48:50.852981925Z,0.000580013,16,4.4009315705888954e-8,260.6083,19.0109,530366.3,direct,0,0e0,16,23,1,0,14679,1138,23,1,0,14679,1138,0.217
20250728,2025-07-28T08:52:38.643609941Z,2025-07-28T08:52:38.644533932Z,0.000923991,20,2.2806236827484276e-8,270.8654,9.5435,524120.3,direct,0,0e0,12,25,6,3,12983,1088,25,6,3,12983,1088,0.160
20250801,2025-08-01T06:20:16.118387997Z,2025-08-01T06:20:16.119463980Z,0.001075983,15,3.8767070948855295e-8,292.6450,1.1800,529382.4,direct,0,0e0,8,25,6,0,11409,1390,25,6,0,11409,1390,0.160
20250803,2025-08-03T13:01:53.473931968Z,2025-08-03T13:01:53.475055992Z,0.001124024,16,6.004999812450739e-7,10.5970,10.9970,517417.0,direct,0,0e0,2,32,1,0,15149,1016,32,1,0,15149,1016,0.156
20250804,2025-08-04T05:29:49.440049946Z,2025-08-04T05:29:49.440299987Z,0.000250041,11,1.8094387414473624e-6,272.2287,13.6136,541373.7,direct,0,0e0,5,15,1,0,13415,1763,15,1,0,13415,1763,0.133
20250806,2025-08-06T06:01:30.589271962Z,2025-08-06T06:01:30.589497983Z,0.000226021,17,2.479376658891733e-7,113.9495,23.6724,519474.2,direct,0,0e0,2,19,0,0,16212,892,19,0,0,16212,892,0.158
20250808,2025-08-08T20:23:58.938325941Z,2025-08-08T20:23:58.939105927Z,0.000779986,17,1.1546572619998265e-6,33.3318,0.1826,543544.8,direct,0,0e0,14,24,2,2,11094,1348,24,2,2,11094,1348,0.167
20250814,2025-08-14T18:55:13.035238027Z,2025-08-14T18:55:13.035816013Z,0.000577986,16,2.8052269702990315e-6,25.0079,-7.4385,547113.3,direct,0,0e0,19,19,0,0,11809,1752,19,0,0,11809,1752,0.158
20250815,2025-08-15T05:46:16.271259963Z,2025-08-15T05:46:16.271842002Z,0.000582039,16,1.4889216830369676e-7,178.7241,26.7987,537790.2,direct,0,0e0,15,21,2,0,13333,857,21,2,0,13333,857,0.143
20250815,2025-08-15T16:27:28.766881942Z,2025-08-15T16:27:28.768405914Z,0.001523972,23,8.10646352988422e-8,268.2188,31.1584,505074.4,direct,0,0e0,13,39,7,5,18449,1530,39,7,5,18449,1530,0.103
20250815,2025-08-15T23:05:32.831967949Z,2025-08-15T23:05:32.833113908Z,0.001145959,41,3.751367733938176e-6,252.8927,37.1572,530163.7,direct,0,0e0,31,44,2,0,13613,1989,44,2,0,13613,1989,0.136
20250822,2025-08-22T03:24:12.139145970Z,2025-08-22T03:24:12.139693975Z,0.000548005,19,3.101220550173148e-7,26.6035,4.4654,506584.2,direct,0,0e0,4,21,0,0,13831,1057,21,0,0,13831,1057,0.143
20250825,2025-08-25T21:51:13.333181977Z,2025-08-25T21:51:13.333893954Z,0.000711977,15,1.8402350935877618e-7,129.7170,35.3863,503067.3,direct,0,0e0,3,26,0,0,18412,1343,26,0,0,18412,1343,0.154
20250829,2025-08-29T01:39:34.731187939Z,2025-08-29T01:39:34.731785953Z,0.000598014,22,1.9164122231750397e-6,16.5240,12.5299,517764.4,direct,0,0e0,4,26,3,0,15615,1427,26,3,0,15615,1427,0.154
20250829,2025-08-29T19:22:40.820855915Z,2025-08-29T19:22:40.822779953Z,0.001924038,43,1.8159284190087649e-7,179.5127,43.1397,503821.8,direct,0,0e0,22,61,4,2,15055,820,61,4,2,15055,820,0.098
20250901,2025-09-01T05:36:20.419317960Z,2025-09-01T05:36:20.420667946Z,0.001349986,22,7.461091812077235e-8,291.7978,8.1686,528276.7,direct,0,0e0,4,29,1,0,14207,1859,29,1,0,14207,1859,0.138
20250903,2025-09-03T17:48:06.080046236Z,2025-09-03T17:48:06.081344246Z,0.001298010,22,1.1865227595918436e-6,101.5533,16.0412,529825.0,direct,0,0e0,6,37,1,0,16585,1339,37,1,0,16585,1339,0.108
20250909,2025-09-09T14:43:35.033710002Z,2025-09-09T14:43:35.034287989Z,0.000577987,17,1.218185094042715e-7,122.3937,25.6909,537992.5,direct,0,0e0,5,23,0,0,15148,1685,23,0,0,15148,1685,0.174
20250914,2025-09-14T01:21:26.451023936Z,2025-09-14T01:21:26.451103985Z,0.000080049,10,6.401009345313812e-6,79.5413,3.3295,500219.9,direct,0,0e0,10,11,2,1,11757,1101,11,2,1,11757,1101,0.182
20250914,2025-09-14T03:53:35.773995935Z,2025-09-14T03:53:35.774491965Z,0.000496030,15,3.8959194869761985e-8,248.8975,21.2807,544634.6,direct,0,0e0,13,22,2,2,14425,2286,22,2,2,14425,2286,0.136
20250915,2025-09-15T00:30:26.882175922Z,2025-09-15T00:30:26.883817970Z,0.001642048,33,2.233043523710328e-7,302.1799,26.8289,544930.9,direct,0,0e0,6,50,0,0,14975,1136,50,0,0,14975,1136,0.100
20250916,2025-09-16T00:09:52.802726030Z,2025-09-16T00:09:52.803936004Z,0.001209974,15,1.6455383273605175e-8,285.3782,15.4302,544094.4,direct,0,0e0,12,31,1,0,13923,1089,31,1,0,13923,1089,0.129
20250916,2025-09-16T01:45:19.315911948Z,2025-09-16T01:45:19.316143989Z,0.000232041,13,4.886863179655381e-6,262.5345,16.6270,544322.1,direct,0,0e0,14,17,1,0,14497,1268,17,1,0,14497,1268,0.118
20250918,2025-09-18T23:21:15.248959958Z,2025-09-18T23:21:15.250414013Z,0.001454055,20,4.97064532567087e-6,273.8276,11.6993,540272.5,direct,0,0e0,15,33,5,1,13593,1087,33,5,1,13593,1087,0.121
20250919,2025-09-19T16:44:45.579797983Z,2025-09-19T16:44:45.580339968Z,0.000541985,16,4.234497071028947e-7,5.4765,9.2544,537979.5,direct,0,0e0,10,20,0,0,17220,2007,20,0,0,17220,2007,0.150
20250919,2025-09-19T17:14:41.246860742Z,2025-09-19T17:14:41.248560667Z,0.001699925,23,1.0040354553214466e-8,123.1977,33.4019,531132.3,direct,0,0e0,7,36,4,3,14772,1632,36,4,3,14772,1632,0.111
20250920,2025-09-20T05:15:44.977695941Z,2025-09-20T05:15:44.979077935Z,0.001381994,24,2.076774480393801e-8,150.1809,-12.9112,528642.3,direct,0,0e0,8,34,4,3,12202,1875,34,4,3,12202,1875,0.147
20250922,2025-09-22T11:17:15.758663952Z,2025-09-22T11:17:15.759773969Z,0.001110017,21,8.054550462667924e-8,71.0360,9.8449,532777.0,direct,0,0e0,12,29,4,2,13823,1052,29,4,2,13823,1052,0.138
20250923,2025-09-23T22:08:30.637091994Z,2025-09-23T22:08:30.638005971Z,0.000913977,21,1.080761967599022e-8,278.4799,26.1149,539261.5,direct,0,0e0,10,31,4,1,16482,1517,31,4,1,16482,1517,0.129
20250924,2025-09-24T00:19:32.972155928Z,2025-09-24T00:19:32.973679900Z,0.001523972,15,4.8435375979084015e-6,30.8983,2.5520,519214.7,direct,0,0e0,14,30,1,0,11363,1034,30,1,0,11363,1034,0.133
20251001,2025-10-01T12:36:00.552113950Z,2025-10-01T12:36:00.552933931Z,0.000819981,18,1.2130035013681184e-7,137.6831,19.9986,542365.3,direct,0,0e0,7,21,3,1,12890,1246,21,3,1,12890,1246,0.143
20251008,2025-10-08T05:25:40.408651947Z,2025-10-08T05:25:40.409999966Z,0.001348019,15,3.9479606051001515e-8,62.2641,16.0825,500296.4,direct,0,0e0,4,33,0,0,12786,1049,33,0,0,12786,1049,0.182
20251009,2025-10-09T01:04:18.183510005Z,2025-10-09T01:04:18.184029996Z,0.000519991,16,1.1653809309701136e-6,279.6626,4.3994,542710.7,direct,0,0e0,9,21,5,4,12079,1163,21,5,4,12079,1163,0.190
20251009,2025-10-09T23:12:44.843459963Z,2025-10-09T23:12:44.843769907Z,0.000309944,12,4.1998847937008635e-6,300.0856,5.7378,542145.4,direct,0,0e0,7,20,8,2,11359,1431,20,8,2,11359,1431,0.200
20251011,2025-10-11T00:28:55.774119973Z,2025-10-11T00:28:55.775567948Z,0.001447975,37,1.460103665750837e-6,266.7506,12.4108,539837.6,direct,0,0e0,18,39,4,1,13616,1740,39,4,1,13616,1740,0.128
20251011,2025-10-11T10:05:19.350085973Z,2025-10-11T10:05:19.351415991Z,0.001330018,26,1.7713166218217718e-8,139.1342,-5.1631,543701.5,direct,0,0e0,5,37,0,0,14077,738,37,0,0,14077,738,0.135
20251015,2025-10-15T16:38:35.920373916Z,2025-10-15T16:38:35.921043932Z,0.000670016,19,3.084690799730022e-6,320.4976,34.4100,520110.8,direct,0,0e0,7,25,2,1,14272,1608,25,2,1,14272,1608,0.120
20251016,2025-10-16T16:36:08.105015993Z,2025-10-16T16:36:08.105791985Z,0.000775992,18,2.2876718039645617e-7,358.8423,2.4876,534365.7,direct,0,0e0,12,21,4,1,11653,1711,21,4,1,11653,1711,0.095
20251016,2025-10-16T19:40:40.152815997Z,2025-10-16T19:40:40.154157996Z,0.001341999,25,6.000853072847858e-6,296.7350,15.9965,527246.8,direct,0,0e0,8,31,2,0,12369,1444,31,2,0,12369,1444,0.129
20251018,2025-10-18T21:44:24.303389966Z,2025-10-18T21:44:24.305139958Z,0.001749992,23,4.952994081886487e-7,111.1142,18.6858,500062.4,direct,0,0e0,3,42,11,2,16152,1658,42,11,2,16152,1658,0.167
20251019,2025-10-19T18:51:32.295445978Z,2025-10-19T18:51:32.297158002Z,0.001712024,21,4.6286474908793666e-7,288.2062,17.1835,519152.7,direct,0,0e0,14,42,3,2,12538,987,42,3,2,12538,987,0.119
20251020,2025-10-20T08:31:23.720573961Z,2025-10-20T08:31:23.721037924Z,0.000463963,14,1.2154790195711444e-6,296.2353,15.7247,503164.4,direct,0,0e0,8,19,0,0,13732,1517,19,0,0,13732,1517,0.158
20251020,2025-10-20T08:34:09.559099972Z,2025-10-20T08:34:09.560685992Z,0.001586020,18,9.774066565011222e-6,304.1712,22.4300,501165.3,direct,0,0e0,8,36,2,0,14085,1507,36,2,0,14085,1507,0.167
20251021,2025-10-21T07:22:39.680558204Z,2025-10-21T07:22:39.682322621Z,0.001764417,21,1.055478815847628e-8,113.4059,-3.4339,528043.4,direct,0,0e0,14,34,0,0,9959,1167,34,0,0,9959,1167,0.147
20251031,2025-10-31T08:30:07.620981931Z,2025-10-31T08:30:07.621003925Z,0.000021994,10,6.831599432738074e-6,192.6212,-13.3589,542680.4,direct,0,0e0,13,10,0,0,11970,1296,10,0,0,11970,1296,0.300
20251103,2025-11-03T13:13:16.952187895Z,2025-11-03T13:13:16.952695906Z,0.000508011,16,2.854563995736445e-7,282.2165,12.2773,495745.0,direct,0,0e0,7,19,0,0,12637,1614,19,0,0,12637,1614,0.158
20251105,2025-11-05T00:58:34.867661952Z,2025-11-05T00:58:34.869645953Z,0.001984001,45,2.7879129427196407e-8,304.1827,13.3115,537529.3,direct,0,0e0,9,71,2,2,15579,1815,71,2,2,15579,1815,0.113
20251111,2025-11-11T03:59:12.110907971Z,2025-11-11T03:59:12.110917985Z,0.000010014,8,8.1213083888213e-6,205.6857,1.1892,539370.5,direct,0,0e0,31,8,2,0,8949,1308,8,2,0,8949,1308,0.250
20251112,2025-11-12T14:42:27.632735967Z,2025-11-12T14:42:27.633827924Z,0.001091957,16,4.294558717600342e-7,23.2659,-10.0540,534535.4,direct,0,0e0,19,22,3,0,9504,967,22,3,0,9504,967,0.136
20251113,2025-11-13T16:52:59.525946021Z,2025-11-13T16:52:59.526322007Z,0.000375986,11,9.861988402173382e-6,176.8101,-2.2552,501004.2,direct,0,0e0,18,15,2,0,8546,928,15,2,0,8546,928,0.200
20251115,2025-11-15T12:13:28.691723942Z,2025-11-15T12:13:28.692415952Z,0.000692010,17,1.0877741321312596e-6,29.5408,-20.0890,525002.3,direct,0,0e0,2,24,1,0,15120,1354,24,1,0,15120,1354,0.167
20251116,2025-11-16T05:39:49.175807952Z,2025-11-16T05:39:49.176975965Z,0.001168013,18,1.09205243594936e-7,131.0867,-13.7065,525399.1,direct,0,0e0,8,27,3,2,11265,816,27,3,2,11265,816,0.148
20251116,2025-11-16T16:08:39.770149946Z,2025-11-16T16:08:39.771163940Z,0.001013994,15,2.5500122067481386e-7,185.0885,-16.9819,503104.0,direct,0,0e0,4,26,0,0,11755,777,26,0,0,11755,777,0.192
20251117,2025-11-17T07:03:47.000501990Z,2025-11-17T07:03:47.002215981Z,0.001713991,22,8.310245869212857e-8,119.5716,1.2377,528344.5,direct,0,0e0,12,35,3,1,10571,710,35,3,1,10571,710,0.171
20251118,2025-11-18T08:26:41.012000918Z,2025-11-18T08:26:41.013318955Z,0.001318037,18,8.61469819596804e-7,105.4315,13.4858,531693.4,direct,0,0e0,4,31,5,1,14208,1554,31,5,1,14208,1554,0.226
20251119,2025-11-19T07:15:53.729523897Z,2025-11-19T07:15:53.730803906Z,0.001280009,18,4.230553274478717e-7,278.0024,3.8414,514687.1,direct,0,0e0,6,28,4,2,11282,1372,28,4,2,11282,1372,0.143
20251127,2025-11-27T19:48:26.969601869Z,2025-11-27T19:48:26.970189869Z,0.000588000,17,1.5959441369985412e-6,168.0274,-35.8057,505281.5,direct,0,0e0,13,24,1,0,17991,1586,24,1,0,17991,1586,0.208
20251128,2025-11-28T05:19:37.518822073Z,2025-11-28T05:19:37.523830056Z,0.005007983,64,2.101430878511176e-6,30.4871,-32.3260,503693.1,direct,0,0e0,8,254,0,0,31118,127,254,0,0,31118,127,0.075
20251129,2025-11-29T14:05:10.948265910Z,2025-11-29T14:05:10.949543893Z,0.001277983,17,3.2006547549070893e-7,132.9883,-18.0988,530568.3,direct,0,0e0,6,30,6,4,13340,918,30,6,4,13340,918,0.167
20251203,2025-12-03T03:58:44.561453938Z,2025-12-03T03:58:44.562997937Z,0.001543999,20,2.156370481818403e-7,31.9607,-24.3653,502077.6,direct,0,0e0,10,40,3,2,15631,1963,40,3,2,15631,1963,0.125
20251208,2025-12-08T09:53:20.523338019Z,2025-12-08T09:53:20.524648010Z,0.001309991,21,2.987270468120466e-7,126.3978,-7.8960,540640.7,direct,0,0e0,8,31,1,0,12994,1178,31,1,0,12994,1178,0.161
20251209,2025-12-09T21:23:04.110419988Z,2025-12-09T21:23:04.111321985Z,0.000901997,17,3.0864802056049284e-8,110.8634,-4.6167,499147.5,direct,0,0e0,15,22,1,0,11783,1423,22,1,0,11783,1423,0.182
20251211,2025-12-11T03:38:02.873401165Z,2025-12-11T03:38:02.874727547Z,0.001326382,19,2.241739251272209e-7,46.5021,26.8656,495726.4,direct,0,0e0,10,32,0,0,12860,1006,32,0,0,12860,1006,0.156
20251214,2025-12-14T02:35:44.064159989Z,2025-12-14T02:35:44.065497994Z,0.001338005,33,3.467817587777816e-7,9.2395,-0.7849,503991.1,direct,0,0e0,19,36,3,0,11035,1544,36,3,0,11035,1544,0.111
20251214,2025-12-14T08:59:18.087543964Z,2025-12-14T08:59:18.088245987Z,0.000702023,14,1.5610151303615085e-7,283.2263,9.9565,499459.9,direct,0,0e0,26,20,5,4,9954,1770,20,5,4,9954,1770,0.150
20251216,2025-12-16T07:41:54.669677972Z,2025-12-16T07:41:54.671091973Z,0.001414001,27,1.4362780526125294e-8,123.0655,-20.8808,539299.0,direct,0,0e0,11,41,2,0,14395,1657,41,2,0,14395,1657,0.146
20251222,2025-12-22T10:36:31.061397969Z,2025-12-22T10:36:31.061770021Z,0.000372052,15,9.795320400475972e-6,18.6611,-3.0439,512102.6,direct,0,0e0,12,16,3,2,11608,1840,16,3,2,11608,1840,0.188
20260101,2026-01-01T08:24:04.197911977Z,2026-01-01T08:24:04.199491977Z,0.001580000,34,1.973769717498676e-8,145.5794,-16.3209,541148.1,direct,0,0e0,21,41,4,1,12792,1925,41,4,1,12792,1925,0.146
20260102,2026-01-02T12:50:35.183232009Z,2026-01-02T12:50:35.184709966Z,0.001477957,26,3.66694082540092e-6,69.2142,-17.9316,540179.4,direct,0,0e0,4,40,3,0,18981,1535,40,3,0,18981,1535,0.125
20260102,2026-01-02T17:41:46.260717988Z,2026-01-02T17:41:46.261371970Z,0.000653982,15,4.106717015704709e-6,14.1214,-1.0794,538379.2,direct,0,0e0,5,21,0,0,13852,1219,21,0,0,13852,1219,0.143
20260105,2026-01-05T14:40:13.092256009Z,2026-01-05T14:40:13.092279970Z,0.000023961,10,2.0876095989021087e-6,260.5250,-30.3698,504835.8,direct,0,0e0,11,10,1,0,10019,1273,10,1,0,10019,1273,0.200
20260112,2026-01-12T11:30:57.310689985Z,2026-01-12T11:30:57.311921954Z,0.001231969,24,6.3097321086393616e-6,23.7507,-18.2109,520647.3,direct,0,0e0,21,31,4,1,11678,1235,31,4,1,11678,1235,0.129
20260112,2026-01-12T11:32:01.063657999Z,2026-01-12T11:32:01.063870012Z,0.000212013,13,2.3609228726494661e-7,26.6970,-15.5984,521469.5,direct,0,0e0,21,16,0,0,10721,1139,16,0,0,10721,1139,0.188
20260113,2026-01-13T03:31:49.973583936Z,2026-01-13T03:31:49.974565923Z,0.000981987,11,2.0865510429016577e-7,174.9140,13.8347,531624.3,direct,0,0e0,30,22,7,1,8559,1785,22,7,1,8559,1785,0.182
20260120,2026-01-20T22:39:30.876723945Z,2026-01-20T22:39:30.876735925Z,0.000011980,9,5.16930257523289e-7,349.1455,11.6076,528690.6,direct,0,0e0,15,9,0,0,10260,331,9,0,0,10260,331,0.333
20260120,2026-01-20T22:45:02.022835969Z,2026-01-20T22:45:02.023185968Z,0.000349999,14,1.8659499960941586e-7,3.1977,-2.6327,522488.7,direct,0,0e0,16,18,2,0,10266,385,18,2,0,10266,385,0.167
20260124,2026-01-24T13:56:09.628668010Z,2026-01-24T13:56:09.630511999Z,0.001843989,64,1.7261023003035435e-6,164.9335,-37.9012,518594.0,direct,0,0e0,12,94,21,8,34516,4049,94,21,8,34516,4049,0.096
20260126,2026-01-26T11:31:41.396195948Z,2026-01-26T11:31:41.397265970Z,0.001070022,16,1.0960107530326096e-6,139.6824,-6.6500,532361.4,direct,0,0e0,2,31,0,0,12969,1249,31,0,0,12969,1249,0.097
20260127,2026-01-27T20:02:32.563723981Z,2026-01-27T20:02:32.566611945Z,0.002887964,42,1.3607279952518705e-6,204.7731,24.3259,504882.5,direct,0,0e0,27,93,6,1,14226,1133,93,6,1,14226,1133,0.140
20260127,2026-01-27T20:02:32.577681958Z,2026-01-27T20:02:32.581761956Z,0.004079998,44,2.1757723315090453e-8,204.7738,24.3264,504882.8,direct,0,0e0,27,141,13,6,14193,1138,141,13,6,14193,1138,0.092
20260203,2026-02-03T06:04:56.147431969Z,2026-02-03T06:04:56.148908019Z,0.001476050,22,1.5141504820371788e-7,184.8520,-18.9471,540260.9,direct,0,0e0,11,30,5,3,12612,864,30,5,3,12612,864,0.100
20260212,2026-02-12T04:49:44.294116020Z,2026-02-12T04:49:44.295234024Z,0.001118004,18,1.7895272534459165e-7,118.6596,4.6656,517696.9,direct,0,0e0,5,27,0,0,13696,1037,27,0,0,13696,1037,0.111
20260223,2026-02-23T10:12:26.157021999Z,2026-02-23T10:12:26.158423960Z,0.001401961,27,8.045175660300301e-6,141.4225,-7.5428,535067.4,direct,0,0e0,18,33,5,0,10677,1436,33,5,0,10677,1436,0.152
20260228,2026-02-28T13:21:02.066128015Z,2026-02-28T13:21:02.067730009Z,0.001601994,44,7.061802754418773e-8,44.7289,-20.9465,537547.0,direct,0,0e0,5,53,12,7,18484,2014,53,12,7,18484,2014,0.113
20260307,2026-03-07T15:26:41.226223945Z,2026-03-07T15:26:41.227581977Z,0.001358032,16,4.3836245099828657e-7,192.2312,-18.7546,496056.7,direct,0,0e0,10,31,5,0,12348,887,31,5,0,12348,887,0.129
20260307,2026-03-07T19:17:36.655157923Z,2026-03-07T19:17:36.655871927Z,0.000714004,16,1.613761025516882e-7,296.0365,3.5616,530370.4,direct,0,0e0,9,23,3,0,13048,893,23,3,0,13048,893,0.130
20260310,2026-03-10T09:24:09.723509907Z,2026-03-10T09:24:09.725335955Z,0.001826048,41,4.143598887656642e-6,190.1060,37.0396,527298.8,direct,0,0e0,13,50,0,0,16920,1508,50,0,0,16920,1508,0.140
20260315,2026-03-15T09:52:15.381827950Z,2026-03-15T09:52:15.382333934Z,0.000505984,14,1.438815048874804e-6,228.4955,-21.4183,506277.5,direct,0,0e0,14,19,0,0,11755,1151,19,0,0,11755,1151,0.158
20260316,2026-03-16T22:03:21.797629892Z,2026-03-16T22:03:21.799069941Z,0.001440049,24,2.647840469075438e-7,10.1914,0.8829,517018.0,direct,0,0e0,12,37,2,0,11174,958,37,2,0,11174,958,0.162
20260318,2026-03-18T06:22:57.498305916Z,2026-03-18T06:22:57.499835968Z,0.001530052,17,7.760229660286115e-8,47.4650,-9.2118,502549.3,direct,0,0e0,8,36,4,1,14310,1222,36,4,1,14310,1222,0.139
20260318,2026-03-18T18:59:18.784366011Z,2026-03-18T18:59:18.784380018Z,0.000014007,9,7.373727169038124e-6,209.5079,-13.9719,500742.9,direct,0,0e0,6,9,1,0,11445,1237,9,1,0,11445,1237,0.333
20260322,2026-03-22T13:57:52.506965935Z,2026-03-22T13:57:52.507951974Z,0.000986039,15,5.1684856178331005e-6,104.9210,-8.7892,526151.2,direct,0,0e0,11,27,5,0,11522,1414,27,5,0,11522,1414,0.148
20260325,2026-03-25T17:48:27.352589964Z,2026-03-25T17:48:27.353039979Z,0.000450015,15,1.7532272952528868e-7,30.8202,-12.5462,530776.1,direct,0,0e0,8,18,8,1,11915,4432,18,8,1,11915,4432,0.222
20260326,2026-03-26T09:30:49.162292003Z,2026-03-26T09:30:49.163271963Z,0.000979960,16,1.3209419334573613e-6,135.9401,1.2070,533432.6,direct,0,0e0,3,27,1,0,13486,814,27,1,0,13486,814,0.148
20260326,2026-03-26T22:54:06.689185917Z,2026-03-26T22:54:06.690189957Z,0.001004040,14,3.7011936335985386e-8,105.1376,-7.0865,491954.6,direct,0,0e0,6,25,9,1,12134,2376,25,9,1,12134,2376,0.120
20260327,2026-03-27T10:50:36.235029995Z,2026-03-27T10:50:36.236786007Z,0.001756012,16,6.708203705593965e-8,118.6662,-7.7086,533727.9,direct,0,0e0,16,33,2,0,11638,1133,33,2,0,11638,1133,0.182
20260329,2026-03-29T19:28:02.927545905Z,2026-03-29T19:28:02.927695870Z,0.000149965,11,1.6950508049292662e-6,291.6419,27.6322,529091.2,direct,0,0e0,9,13,1,0,15467,2150,13,1,0,15467,2150,0.231
20260330,2026-03-30T23:06:34.504279971Z,2026-03-30T23:06:34.504937946Z,0.000657975,21,6.1711243478050536e-6,49.1362,-27.8352,505843.0,direct,0,0e0,2,33,3,0,26016,3948,33,3,0,26016,3948,0.152
20260331,2026-03-31T15:54:58.666341900Z,2026-03-31T15:54:58.667597949Z,0.001256049,27,2.034274282802479e-7,12.6960,-5.5971,534794.4,direct,0,0e0,13,33,7,1,11516,1482,33,7,1,11516,1482,0.152
20260403,2026-04-03T13:27:53.329477965Z,2026-04-03T13:27:53.330821990Z,0.001344025,20,2.87373800556242e-7,39.7041,-13.8264,535987.2,direct,0,0e0,6,29,1,0,11782,1057,29,1,0,11782,1057,0.138
20260408,2026-04-08T11:50:24.257385969Z,2026-04-08T11:50:24.258589982Z,0.001204013,24,4.59105824270442e-6,18.9279,-2.2124,522927.9,direct,0,0e0,23,28,5,1,9504,1956,28,5,1,9504,1956,0.143
20260408,2026-04-08T13:31:09.583973944Z,2026-04-08T13:31:09.584303915Z,0.000329971,14,9.177020853109314e-6,10.4843,-17.4375,532491.8,direct,0,0e0,20,15,3,3,11234,2283,15,3,3,11234,2283,0.200
20260415,2026-04-15T11:31:24.467877924Z,2026-04-15T11:31:24.468185961Z,0.000308037,16,1.48140028907738e-7,35.1088,-38.9619,539327.0,direct,0,0e0,5,22,1,0,20126,1503,22,1,0,20126,1503,0.136
20260419,2026-04-19T18:01:13.091163992Z,2026-04-19T18:01:13.091471970Z,0.000307978,14,4.64384485743801e-6,234.3910,-21.0724,511501.4,direct,0,0e0,13,17,1,0,12593,929,17,1,0,12593,929,0.118
20260421,2026-04-21T18:02:39.168121993Z,2026-04-21T18:02:39.168587982Z,0.000465989,16,4.1679819904352665e-8,15.5340,-1.0710,530391.3,direct,0,0e0,4,20,0,0,13704,1109,20,0,0,13704,1109,0.150
20260422,2026-04-22T19:19:31.893917918Z,2026-04-22T19:19:31.894493937Z,0.000576019,16,6.473820832987057e-8,351.7244,1.0952,530795.0,direct,0,0e0,5,24,0,0,18293,1090,24,0,0,18293,1090,0.125
20260423,2026-04-23T01:44:06.019497990Z,2026-04-23T01:44:06.020413994Z,0.000916004,17,8.361179121247512e-8,269.6175,15.2999,526339.3,direct,0,0e0,19,24,3,1,11204,2218,24,3,1,11204,2218,0.167
20260425,2026-04-25T02:40:30.086989998Z,2026-04-25T02:40:30.088108003Z,0.001118005,17,2.0048290702928213e-8,239.4588,13.0062,530157.7,direct,0,0e0,11,27,14,4,12434,6324,27,14,4,12434,6324,0.148
20260425,2026-04-25T10:27:25.654103934Z,2026-04-25T10:27:25.655891895Z,0.001787961,33,8.392798903003193e-7,101.4766,-4.5616,534024.3,direct,0,0e0,9,47,15,8,12722,1775,47,15,8,12722,1775,0.106
20260426,2026-04-26T04:39:36.454997956Z,2026-04-26T04:39:36.455929934Z,0.000931978,19,2.727730038634155e-7,10.6583,-2.1750,490181.0,direct,0,0e0,9,26,10,0,11698,1751,26,10,0,11698,1751,0.154
20260429,2026-04-29T20:18:43.489073932Z,2026-04-29T20:18:43.490695953Z,0.001622021,22,2.515761942909085e-8,293.1399,3.2804,532338.1,direct,0,0e0,8,40,4,2,13062,967,40,4,2,13062,967,0.125
20260501,2026-05-01T20:28:01.473184049Z,2026-05-01T20:28:01.474734008Z,0.001549959,20,2.4379027441719154e-8,96.0574,-1.7704,492698.6,direct,0,0e0,12,32,1,0,11583,1388,32,1,0,11583,1388,0.125
20260509,2026-05-09T17:10:30.109551966Z,2026-05-09T17:10:30.110975980Z,0.001424014,19,1.8081044910936704e-6,275.2752,3.0271,515931.6,direct,0,0e0,16,29,1,0,12381,887,29,1,0,12381,887,0.103
20260515,2026-05-15T15:21:47.769037902Z,2026-05-15T15:21:47.769135892Z,0.000097990,9,4.584125980842269e-6,276.4445,14.5290,508104.0,direct,0,0e0,27,10,0,0,11021,1333,10,0,0,11021,1333,0.200
20260518,2026-05-18T11:51:28.344308435Z,2026-05-18T11:51:28.345451831Z,0.001143396,18,3.0263324394526965e-8,97.2460,15.3818,531286.6,direct,0,0e0,10,23,1,1,11903,1066,23,1,1,11903,1066,0.174
20260518,2026-05-18T18:16:35.650547921Z,2026-05-18T18:16:35.652189910Z,0.001641989,19,2.595722000775012e-7,16.6680,-0.3819,527032.2,direct,0,0e0,19,31,5,2,11256,1130,31,5,2,11256,1130,0.161
20260522,2026-05-22T17:03:31.725943922Z,2026-05-22T17:03:31.726917922Z,0.000974000,17,2.1364076805329276e-6,16.3855,-7.1929,531236.3,direct,0,0e0,11,24,1,0,11742,993,24,1,0,11742,993,0.167
20260602,2026-06-02T08:06:20.142563998Z,2026-06-02T08:06:20.144001960Z,0.001437962,27,1.9444089350187753e-8,270.3949,15.3985,491202.5,direct,0,0e0,10,34,4,2,14195,991,34,4,2,14195,991,0.118
20260604,2026-06-04T12:51:17.248807966Z,2026-06-04T12:51:17.249740004Z,0.000932038,17,1.0174992472513665e-6,341.2810,5.9734,516039.8,direct,0,0e0,13,26,0,0,11624,1262,26,0,0,11624,1262,0.154
20260605,2026-06-05T05:30:11.568867921Z,2026-06-05T05:30:11.570429921Z,0.001562000,32,4.846440939570954e-6,278.3181,4.5869,499974.9,direct,0,0e0,9,43,6,3,13327,1669,43,6,3,13327,1669,0.116
20260613,2026-06-13T02:49:30.196999967Z,2026-06-13T02:49:30.197155952Z,0.000155985,12,8.002610638099575e-6,245.0587,-15.1918,530062.4,direct,0,0e0,5,14,0,0,12908,1752,14,0,0,12908,1752,0.214
20260613,2026-06-13T12:28:03.235135972Z,2026-06-13T12:28:03.236119985Z,0.000984013,18,1.7415101538051064e-6,126.6341,11.0495,515508.8,direct,0,0e0,8,23,2,0,11543,1746,23,2,0,11543,1746,0.174
20260616,2026-06-16T08:20:41.830009877Z,2026-06-16T08:20:41.830531895Z,0.000522018,13,6.997785266295591e-6,168.7945,10.0350,522251.1,direct,0,0e0,8,21,1,0,11493,1504,21,1,0,11493,1504,0.143
20260618,2026-06-18T20:58:54.128574132Z,2026-06-18T20:58:54.130228757Z,0.001654625,30,3.9277296522110375e-6,118.9052,11.8347,488400.8,direct,0,0e0,3,45,2,0,15642,954,45,2,0,15642,954,0.111
20260619,2026-06-19T11:14:40.609759926Z,2026-06-19T11:14:40.610899925Z,0.001139999,15,1.8935241962433557e-7,270.4255,3.3219,489143.2,direct,0,0e0,13,26,5,0,12605,1360,26,5,0,12605,1360,0.154
20260624,2026-06-24T04:39:27.020488023Z,2026-06-24T04:39:27.021264016Z,0.000775993,21,4.5359048165159754e-7,287.0687,37.4516,506355.2,direct,0,0e0,13,27,4,2,21432,2089,27,4,2,21432,2089,0.185
20260705,2026-07-05T03:49:03.358485937Z,2026-07-05T03:49:03.358827948Z,0.000342011,14,8.049081571873495e-7,111.0637,7.9209,517463.4,direct,0,0e0,5,17,3,0,12150,1678,17,3,0,12150,1678,0.235
20260709,2026-07-09T12:42:13.449398934Z,2026-07-09T12:42:13.450499773Z,0.001100839,15,1.1178076919864677e-7,114.3785,5.7994,518605.1,direct,0,0e0,9,24,5,2,12084,1288,24,5,2,12084,1288,0.125
20260712,2026-07-12T18:03:47.863079905Z,2026-07-12T18:03:47.864043891Z,0.000963986,20,4.785993832306578e-6,15.1251,3.6898,523743.4,direct,0,0e0,10,24,2,0,11308,941,24,2,0,11308,941,0.125
20260715,2026-07-15T09:06:04.325236916Z,2026-07-15T09:06:04.325581073Z,0.000344157,12,3.1353373838294935e-6,114.8202,18.9473,531099.4,direct,0,0e0,5,17,0,0,14493,1101,17,0,0,14493,1101,0.176
20260717,2026-07-17T22:00:33.890657901Z,2026-07-17T22:00:33.891367912Z,0.000710011,17,1.3421896455452586e-8,108.3093,2.1440,489393.8,direct,0,0e0,3,23,1,0,13384,743,23,1,0,13384,743,0.130
20260725,2026-07-25T10:01:56.169779956Z,2026-07-25T10:01:56.170543968Z,0.000764012,16,5.709038107194821e-8,252.6538,14.6310,487609.4,direct,0,0e0,14,29,4,2,13002,1051,29,4,2,13002,1051,0.138
20260729,2026-07-29T15:19:11.430957973Z,2026-07-29T15:19:11.431529939Z,0.000571966,15,7.839215482571238e-7,211.3234,42.8805,494642.9,direct,0,0e0,7,23,1,0,19566,1380,23,1,0,19566,1380,0.130
20260802,2026-08-02T05:48:39.196909964Z,2026-08-02T05:48:39.198451995Z,0.001542031,24,2.0456001352979545e-8,256.7736,7.6693,499842.8,direct,0,0e0,14,33,6,2,13004,2115,33,6,2,13004,2115,0.152
20260804,2026-08-04T19:30:56.502355992Z,2026-08-04T19:30:56.502557992Z,0.000202000,13,2.649605210025497e-7,63.0558,29.4265,495691.0,direct,0,0e0,13,14,1,1,13212,984,14,1,1,13212,984,0.143
20260805,2026-08-05T04:54:48.956005930Z,2026-08-05T04:54:48.957761943Z,0.001756013,27,2.34377972816657e-7,264.9250,19.6501,500478.7,direct,0,0e0,9,45,6,1,14983,2512,45,6,1,14983,2512,0.111
20260805,2026-08-05T08:38:00.354263961Z,2026-08-05T08:38:00.354719996Z,0.000456035,17,2.2614451959745366e-6,349.7559,14.4842,498064.2,direct,0,0e0,9,20,9,4,11844,1846,20,9,4,11844,1846,0.150
20260808,2026-08-08T12:27:47.150119960Z,2026-08-08T12:27:47.150543987Z,0.000424027,15,1.2370441912495084e-8,284.0284,3.3246,497164.1,direct,0,0e0,9,18,6,2,11916,1672,18,6,2,11916,1672,0.167
20260809,2026-08-09T18:18:02.954642415Z,2026-08-09T18:18:02.956080198Z,0.001437783,17,5.1648251077800775e-8,161.0997,25.6322,489038.0,direct,0,0e0,6,30,7,0,12002,1398,30,7,0,12002,1398,0.133
20260811,2026-08-11T08:07:06.459655940Z,2026-08-11T08:07:06.459771931Z,0.000115991,18,2.464110168887722e-6,290.0133,33.2094,489622.1,direct,0,0e0,9,18,3,0,18080,2950,18,3,0,18080,2950,0.167
20260816,2026-08-16T20:51:38.466135799Z,2026-08-16T20:51:38.467265903Z,0.001130104,15,3.055970216406111e-7,96.2653,9.7846,487030.2,direct,0,0e0,7,26,2,0,12710,1009,26,2,0,12710,1009,0.192
20260816,2026-08-16T23:21:09.830237925Z,2026-08-16T23:21:09.830923914Z,0.000685989,15,8.547183676351099e-6,259.0227,9.4590,528338.9,direct,0,0e0,5,25,0,0,13556,1244,25,0,0,13556,1244,0.120
