start,fa,assoc,cov,dur_s,S10,S12,S15,S18,S20,S25,S30,S40,S50,B10,B12,B15,B18,B20,B25,B30,B40,B50
2024-06-29T06:05:11.706698,3.078615959361697e-15,0,1,0.001464,37,37,33,33,33,32,27,24,20,4.9192,4.8009,4.4120,3.9018,3.5580,3.1646,2.7262,2.1443,1.8418
2024-06-30T10:39:41.827104,2.883085998501654e-24,1,1,0.001477,36,35,35,33,32,31,27,24,21,6.5883,6.1989,5.2725,4.4101,3.9528,3.2718,2.6773,1.8157,1.3741
2024-07-01T06:44:35.192968,5.485650594176674e-06,0,1,0.001016,18,18,18,18,16,16,14,11,10,3.3025,3.1947,2.8556,2.4989,2.2454,1.9417,1.6579,1.2443,1.0175
2024-07-05T00:39:30.411009,2.7429782587191734e-10,0,1,0.000983,22,22,21,19,19,19,19,18,15,6.6611,6.3806,5.6796,4.9349,4.5134,4.0700,3.6386,3.0379,2.6735
2024-07-12T04:51:17.229023,3.0574714060236903e-15,0,1,0.001457,24,24,24,24,24,22,21,20,18,5.7234,5.4526,4.7057,3.9132,3.4570,2.8794,2.3738,1.7027,1.3657
2024-07-12T06:00:25.956741,1.5444442046363684e-12,1,1,0.000640,26,26,25,25,25,24,22,19,15,3.4835,3.3035,2.8435,2.3864,2.1547,1.8066,1.4536,0.9804,0.7405
2024-07-12T21:09:20.065649,4.980974975359484e-09,1,1,0.000054,13,13,13,13,13,13,13,13,13,0.2689,0.2593,0.2310,0.1989,0.1794,0.1569,0.1372,0.1087,0.0933
2024-07-13T09:55:44.361445,1.719474346267532e-11,1,1,0.001447,23,21,19,18,17,17,17,16,14,5.6586,5.3612,4.5390,3.7768,3.3493,2.7895,2.2575,1.5902,1.2504
2024-07-13T19:06:04.633336,2.5073196230981193e-13,0,1,0.001163,30,30,29,28,27,26,25,23,21,6.8946,6.7014,6.1956,5.5102,5.1619,4.7337,4.3096,3.6441,3.2341
2024-07-14T14:34:09.569931,3.5498471931641083e-19,0,1,0.001706,192,164,49,11,10,7,5,2,2,7.9760,7.6546,6.8206,5.8659,5.3308,4.7096,4.0961,3.3164,2.8313
2024-07-14T14:39:46.396073,1.7871564391637422e-08,0,1,0.001577,28,27,26,25,25,24,22,19,16,7.4246,7.0845,6.2546,5.3522,4.8791,4.2857,3.7242,2.9206,2.4953
2024-07-14T18:17:38.246223,1.785824822528037e-09,0,1,0.001244,28,28,26,24,23,20,19,18,18,6.4299,6.1522,5.4146,4.6437,4.1825,3.6227,3.1132,2.4798,2.1299
2024-07-15T05:44:03.244879,1.8889625213438631e-06,0,1,0.008095,236,235,219,206,202,181,160,114,94,43.7252,43.4554,38.2345,33.1895,29.7266,25.1027,21.4231,15.6912,12.1016
2024-07-15T05:44:03.260610,1.540427928679682e-10,0,1,0.006466,201,201,189,180,170,160,153,129,112,35.0142,34.7889,30.5729,26.5333,23.7673,19.9988,17.0369,12.3735,9.4932
2024-07-15T05:44:03.340588,8.293450792764465e-11,0,1,0.003576,109,108,105,100,97,90,84,70,60,19.4098,19.2924,16.9445,14.6960,13.1590,11.0405,9.3897,6.8107,5.2611
2024-07-15T05:44:03.346495,8.406329642491448e-16,0,1,0.011002,389,388,381,363,353,341,316,254,193,58.3606,57.9883,50.7648,43.8469,39.1516,32.6504,27.6995,19.9536,15.5084
2024-07-15T05:44:03.357695,2.420557614049616e-11,0,1,0.009897,302,302,288,276,268,256,230,185,139,52.9089,52.5790,46.1160,39.9029,35.6992,29.8459,25.4123,18.4044,14.4656
2024-07-16T11:49:24.801470,9.894159759373897e-19,0,1,0.001488,30,30,28,25,25,25,24,18,15,5.7792,5.7393,5.0690,4.3843,3.9372,3.3037,2.8197,2.0824,1.7135
2024-07-20T05:19:31.509700,1.1345385978179443e-09,1,1,0.001406,21,21,21,20,19,18,15,12,12,6.1723,6.1069,5.2236,4.4460,3.9816,3.3297,2.8198,2.0224,1.6524
2024-07-20T08:45:36.494378,4.853680695768032e-17,1,1,0.001190,30,29,28,27,26,26,24,21,17,5.0293,4.9776,4.2089,3.5310,3.1199,2.5693,2.1312,1.4581,1.1612
2024-07-20T11:31:02.813174,2.2967332138503302e-10,0,1,0.000579,16,16,16,16,16,16,16,16,14,2.5710,2.5537,2.2537,1.9873,1.7709,1.4990,1.3045,0.9910,0.8360
2024-07-22T13:45:17.863840,5.6107389773512276e-12,0,1,0.001636,34,34,33,32,31,27,27,22,18,8.0189,7.9743,7.3727,6.7018,6.1234,5.4376,4.8824,4.0140,3.5067
2024-07-22T21:40:20.386240,6.79242110190782e-35,0,1,0.001859,46,46,46,45,45,45,43,39,32,7.7543,7.7205,6.8361,5.9366,5.3207,4.4832,3.8551,2.8270,2.3125
2024-07-23T22:45:06.286870,2.0561274332612821e-19,1,1,0.001663,28,28,27,27,26,25,24,18,16,7.1139,7.0577,6.1077,5.1931,4.5606,3.7518,3.1479,2.2098,1.7991
2024-07-24T06:39:32.343596,8.015301579616319e-14,1,1,0.000949,24,24,22,22,21,20,19,16,15,3.9805,3.9470,3.3397,2.8249,2.4846,2.0178,1.6660,1.1652,0.9130
2024-07-26T05:36:58.883049,5.0257389936481375e-26,1,1,0.001595,32,32,32,31,31,29,27,25,25,6.4331,6.3775,5.4842,4.5836,4.0414,3.3052,2.7026,1.8963,1.4927
2024-08-01T08:34:59.897574,2.086120195373241e-28,0,1,0.001064,34,34,32,32,32,32,32,31,28,4.4591,4.4532,4.1593,3.7847,3.4462,3.0496,2.7277,2.1586,1.8631
2024-08-02T02:41:35.628547,2.0436688825531945e-08,1,1,0.000413,15,15,15,15,15,14,13,12,9,2.1530,2.1405,1.8825,1.6328,1.4591,1.2090,0.9964,0.6443,0.4697
2024-08-02T15:47:38.608435,9.922821770074109e-08,0,1,0.001430,23,23,23,20,19,17,16,16,15,6.4993,6.4639,5.6225,4.7905,4.1983,3.4067,2.8708,2.0880,1.7131
2024-08-03T01:28:13.767102,8.22240973084664e-06,0,1,0.001177,25,24,24,23,23,23,23,22,21,4.4214,4.3917,3.8549,3.2807,2.8557,2.3771,1.9991,1.3589,1.0920
2024-08-04T01:39:01.884119,5.511633203192526e-52,0,1,0.001780,59,59,58,55,54,54,49,41,35,7.9012,7.8455,6.9483,5.9828,5.3292,4.4509,3.6778,2.4938,1.8870
2024-08-07T07:08:03.639943,9.557636285745e-06,0,1,0.000732,18,18,17,17,17,17,16,16,14,3.1595,3.0489,2.8737,2.6160,2.4067,2.1328,1.9217,1.5350,1.3228
2024-08-08T23:08:12.599097,4.354721838622854e-19,0,1,0.001497,31,31,31,30,30,29,26,21,14,4.4086,4.2196,3.8937,3.4786,3.1324,2.6749,2.3113,1.6112,1.3050
2024-08-09T05:38:35.238781,1.090511041275758e-24,0,1,0.001771,41,40,39,37,37,36,33,27,21,9.9713,9.6573,9.1368,8.4615,7.8094,7.1511,6.6117,5.5491,4.9615
2024-08-09T05:39:39.624300,4.231431960440388e-17,0,1,0.001942,41,40,40,38,38,34,32,27,23,10.6575,10.3221,9.7395,8.9440,8.2879,7.5120,6.9255,5.8280,5.1571
2024-08-09T17:17:00.245968,5.109807983195431e-20,1,1,0.001564,35,35,35,33,32,30,29,23,19,6.5040,6.1288,5.5451,4.8342,4.3997,3.8049,3.3041,2.4060,1.9360
2024-08-09T23:24:33.799589,5.154814822756194e-10,0,1,0.001713,23,23,23,23,23,21,17,17,14,5.9106,5.5516,5.0628,4.4529,3.9675,3.3645,2.8558,2.0833,1.7052
2024-08-09T23:26:09.084228,9.325257540192672e-11,0,1,0.000667,19,19,19,18,17,15,14,8,8,2.2227,2.0967,1.9181,1.7029,1.5291,1.2889,1.1107,0.8041,0.6667
2024-08-11T14:32:06.177765,1.413883229049484e-09,1,1,0.001661,23,22,22,20,20,18,17,16,11,6.3982,6.0543,5.5283,4.9100,4.4210,3.7767,3.2742,2.4294,1.9890
2024-08-11T21:22:30.964035,2.858321671633507e-10,0,1,0.001654,29,29,28,24,23,21,20,14,14,8.7520,7.9526,6.8265,5.8291,5.1934,4.2720,3.5603,2.4317,1.8511
2024-08-12T11:22:25.042908,2.893951603260382e-24,0,1,0.001654,48,47,46,45,44,40,37,33,27,10.4887,9.7912,8.6977,7.5850,6.8081,5.6361,4.6496,3.0499,2.2504
2024-08-14T13:39:31.620433,1.485572674948437e-20,1,1,0.001634,41,41,39,37,37,34,30,26,18,7.6790,7.2812,6.6895,5.9410,5.4153,4.6734,3.9414,2.6557,2.0012
2024-08-16T14:25:08.492702,2.813244674675793e-07,1,1,0.000229,16,16,14,14,14,14,14,14,13,1.1095,1.0219,0.8997,0.7755,0.7001,0.5875,0.4964,0.3559,0.2859
2024-08-17T09:34:51.160753,4.487030141686541e-25,0,1,0.000240,29,29,28,28,28,28,28,28,27,1.1630,1.0651,0.9288,0.7962,0.7013,0.5794,0.4903,0.3496,0.2807
2024-08-17T16:27:24.533271,6.677382435691199e-19,0,1,0.001754,34,33,31,31,31,31,29,28,25,9.3289,8.6636,7.7370,6.7927,6.2231,5.2735,4.4877,3.1200,2.3750
2024-08-21T07:27:16.425009,4.514114252644664e-16,0,1,0.000864,26,26,25,24,23,23,23,22,19,4.2096,3.8234,3.3172,2.7971,2.4441,2.0016,1.6735,1.1908,0.9683
2024-08-22T01:15:42.522466,2.3146147450235923e-13,1,1,0.001486,33,32,30,30,29,28,28,22,19,10.2992,9.6883,8.8125,7.8323,7.1268,6.2435,5.6333,4.6059,4.0235
2024-08-22T11:00:56.734470,1.9859045990261434e-41,0,1,0.013558,683,577,434,300,236,147,92,38,21,69.5430,63.1817,53.5678,44.9537,39.1402,31.1081,25.6438,16.8585,12.9623
2024-08-22T12:58:56.901964,1.5617938403109516e-17,1,1,0.001627,35,35,35,34,34,33,30,27,24,6.8334,6.3379,5.6698,4.9927,4.4931,3.8078,3.2639,2.3361,1.8932
2024-08-24T15:15:36.753215,1.2862068258824929e-12,1,1,0.001463,30,29,27,27,25,23,23,18,15,5.5514,5.3179,4.9625,4.4711,4.1268,3.5423,3.0435,2.1295,1.6625
2024-08-24T15:19:44.618510,8.079004752567843e-18,0,1,0.001234,28,26,26,26,26,24,22,20,13,4.1825,4.0049,3.7063,3.3393,3.0607,2.6350,2.2486,1.5980,1.2652
2024-08-25T06:58:48.553660,1.1054382953959509e-12,0,1,0.001704,33,33,32,28,27,26,24,22,21,10.1251,9.1930,7.8832,6.7498,5.9373,4.8074,3.9881,2.6774,2.0500
2024-08-26T12:29:15.240817,6.836722147589236e-09,1,1,0.000725,18,17,17,17,17,16,15,11,10,3.1270,2.9663,2.7067,2.4203,2.2457,1.9513,1.6675,1.1853,0.9414
2024-08-28T00:19:54.345310,5.2731551271508974e-11,1,1,0.001621,25,25,25,25,25,24,21,15,11,6.5258,6.3506,6.0182,5.4901,5.0251,4.4889,4.0623,3.2060,2.7713
2024-09-04T13:05:35.438160,2.7577343453095887e-06,1,1,0.000070,11,11,11,11,11,11,11,11,11,0.3405,0.3175,0.2826,0.2477,0.2231,0.1914,0.1663,0.1246,0.1054
2024-09-06T02:16:49.185095,1.3308658795196377e-19,0,1,0.001537,39,37,36,34,33,30,27,23,22,8.4674,7.9217,7.0741,6.1977,5.5735,4.6808,3.9147,2.6564,2.0051
2024-09-07T15:20:27.300197,2.788567980495709e-10,0,1,0.000517,19,19,18,18,18,18,18,17,15,2.8186,2.7457,2.5985,2.3904,2.2194,2.0170,1.8669,1.5596,1.3849
2024-09-08T08:17:33.568089,1.0738925939872017e-22,0,1,0.001172,37,37,35,34,34,34,32,31,25,4.6401,4.3062,3.8161,3.2935,2.9276,2.4245,2.0356,1.3739,1.0649
2024-09-08T15:41:04.450807,1.6381104325192262e-14,0,1,0.001495,31,30,30,30,29,26,26,19,14,8.7473,8.3539,7.7476,7.0212,6.4565,5.7331,5.2537,4.3453,3.8508
2024-09-08T18:57:41.552594,1.9960632690179583e-10,0,1,0.001573,26,25,25,23,23,23,21,19,19,9.3029,8.6340,7.6703,6.6829,5.9814,5.1091,4.4727,3.4574,2.9871
2024-09-09T17:34:44.358945,2.2921373344292117e-11,0,1,0.001429,31,31,31,31,30,27,27,21,19,7.8349,7.6263,7.2778,6.6859,6.1909,5.6236,5.1841,4.3490,3.8720
2024-09-09T20:49:28.473450,3.004746230389959e-13,0,1,0.000909,24,23,23,23,23,23,22,21,20,3.2825,3.1494,2.9391,2.6549,2.4203,2.0930,1.8400,1.3713,1.1606
2024-09-09T22:27:58.995070,1.183470016449336e-33,1,1,0.001566,44,44,43,43,41,36,32,21,16,5.6660,5.4193,5.0230,4.4955,4.0993,3.5369,3.0561,2.2541,1.8752
2024-09-10T09:47:18.102483,7.142890794969297e-31,1,1,0.001250,44,44,43,42,41,38,36,27,17,4.7134,4.5410,4.2506,3.8687,3.5227,3.0650,2.7203,2.0770,1.7500
2024-09-12T17:16:50.773784,2.9934538076331485e-12,0,1,0.001486,30,30,29,29,29,29,28,26,22,8.4378,7.8096,6.8595,5.9371,5.2932,4.4287,3.8605,2.8624,2.4188
2024-09-15T23:02:49.454968,1.39345592429404e-07,0,1,0.001663,30,29,29,26,25,24,22,18,13,7.9706,7.2424,6.1766,5.2300,4.5993,3.6687,3.0505,2.0267,1.6101
2024-09-16T13:32:00.545332,1.4635506110688817e-07,1,1,0.001310,27,27,25,23,23,22,22,20,16,7.0475,6.6446,6.0881,5.4695,4.9475,4.2674,3.8413,3.0361,2.6544
2024-09-17T00:48:42.678066,3.912163471718577e-12,1,1,0.000996,24,24,24,23,23,22,20,19,16,3.9589,3.7155,3.3503,2.9740,2.6968,2.2909,1.9714,1.4251,1.1580
2024-09-17T02:29:00.085474,3.044574747121118e-09,1,1,0.000927,20,19,18,18,17,17,15,12,12,3.7542,3.4874,3.1377,2.7584,2.4836,2.0819,1.8020,1.2818,1.0417
2024-09-17T08:35:08.286707,7.386079601214695e-11,0,1,0.001025,26,26,25,24,24,24,20,19,15,4.0932,3.9737,3.7743,3.5021,3.2065,2.8223,2.5413,2.0034,1.7301
2024-09-17T19:56:19.658477,4.733197471902903e-13,0,1,0.001409,27,27,25,25,24,24,22,18,15,4.9144,4.7522,4.4661,4.0847,3.7509,3.2549,2.8763,2.0893,1.7086
2024-09-19T07:27:53.588510,1.3469283353305505e-17,0,1,0.001793,40,40,40,38,37,35,31,26,18,7.4427,7.2010,6.7862,6.2556,5.7421,5.0838,4.5595,3.5489,3.0581
2024-09-19T17:04:46.079349,1.1975346320759164e-20,0,1,0.001329,32,31,31,30,29,26,26,23,19,5.3723,5.0642,4.6521,4.1406,3.7453,3.1459,2.7284,1.9559,1.5753
2024-09-19T22:22:44.012023,1.9748502452151587e-10,1,1,0.001513,22,22,22,21,20,19,17,16,13,5.7158,5.3696,4.8195,4.2532,3.8765,3.3103,2.8464,1.9768,1.6032
2024-09-19T22:24:39.461158,1.4226482101577184e-15,0,1,0.001297,30,29,28,27,27,25,24,19,15,4.8513,4.5683,4.1117,3.6277,3.2792,2.7361,2.3621,1.6343,1.3101
2024-09-20T00:05:52.329156,1.1818408482452336e-14,1,1,0.001077,28,28,28,26,25,25,21,16,13,4.2813,3.9718,3.5367,3.0874,2.7485,2.2889,1.9375,1.3207,1.0623
2024-09-22T02:18:54.589506,1.5428012616535654e-12,0,1,0.000990,27,26,26,26,25,20,19,15,12,4.8105,4.4720,3.9450,3.4430,3.1120,2.6070,2.1705,1.4215,1.0585
2024-09-22T16:22:27.636124,4.1140014889898306e-17,1,1,0.001191,28,28,28,28,28,25,24,19,15,4.4975,4.2677,3.9200,3.5224,3.2073,2.7519,2.4133,1.7618,1.4370
2024-09-23T18:15:53.269102,5.820780044786312e-11,1,1,0.000507,26,25,23,23,23,23,20,19,16,2.5375,2.3580,2.0846,1.8078,1.6057,1.3113,1.0929,0.7295,0.5697
2024-09-24T17:06:39.438398,1.9830073697545872e-08,1,1,0.001461,26,26,26,26,24,23,22,20,20,5.1105,4.8966,4.5350,4.1151,3.7425,3.2275,2.8246,2.0565,1.6897
2024-09-24T20:32:08.520056,3.4163278752816496e-12,1,1,0.001255,23,23,23,22,22,22,19,14,11,4.2024,4.0338,3.7790,3.4532,3.1470,2.7135,2.3148,1.6518,1.3482
2024-09-26T00:11:21.806050,3.1852587980691666e-11,1,1,0.001262,26,26,25,24,23,21,20,18,14,5.9002,5.5528,4.9429,4.3278,3.9141,3.2487,2.7503,1.8535,1.3844
2024-09-26T16:02:23.390327,3.6857367299790226e-06,1,1,0.001021,20,20,20,19,18,18,18,12,11,4.7482,4.3779,3.8442,3.3208,2.9743,2.4483,2.0580,1.4222,1.1484
2024-09-26T16:03:31.420836,1.5061719825427708e-11,1,1,0.001394,23,23,23,23,23,21,20,18,15,6.4427,5.9477,5.2198,4.5361,4.0489,3.3231,2.7965,1.9305,1.5503
2024-09-26T23:47:44.985608,1.3513909741438414e-08,1,1,0.000642,17,17,17,17,17,16,16,15,13,2.5923,2.4046,2.1186,1.8122,1.5933,1.3038,1.0953,0.7308,0.5622
2024-09-27T00:31:30.934542,1.1540871778142448e-21,1,1,0.002939,86,83,81,78,78,75,72,69,63,15.7176,14.3283,12.3927,10.4512,9.1673,7.3786,6.0858,3.8875,2.8455
2024-09-27T21:24:03.788944,7.345712042305909e-25,1,1,0.001580,36,36,36,36,35,30,29,24,18,5.5835,5.3560,5.0273,4.6155,4.2644,3.6803,3.2518,2.3181,1.8721
2024-09-28T21:41:03.173889,6.560311272545744e-06,1,1,0.000119,15,14,13,13,12,11,10,10,10,0.6865,0.6199,0.5306,0.4541,0.4049,0.3289,0.2775,0.1834,0.1375
2024-09-28T22:41:18.358779,4.0323822732138976e-43,1,1,0.001611,46,45,44,42,41,38,34,30,28,4.9030,4.7020,4.3359,3.9453,3.6117,3.0226,2.6297,1.7989,1.4491
2024-09-29T00:30:57.157640,2.7356957877661957e-14,0,1,0.001176,31,30,30,29,29,28,26,24,19,4.6024,4.3304,3.9372,3.5428,3.2370,2.7529,2.4268,1.7658,1.4777
2024-09-30T06:11:50.047944,4.029351925739119e-40,0,1,0.001535,51,50,50,48,48,47,43,37,32,6.5385,6.3005,5.9121,5.4283,4.9686,4.3244,3.9243,3.0560,2.6483
2024-09-30T09:28:48.496706,7.1967440590618155e-12,1,1,0.001425,27,27,26,26,24,22,21,14,9,5.1286,4.9393,4.6269,4.2289,3.8799,3.2919,2.9580,2.2462,1.8820
2024-10-01T21:03:27.773905,1.8767784072144083e-11,1,1,0.001313,25,25,24,24,24,23,23,20,16,5.5312,5.0610,4.4244,3.7944,3.3667,2.6936,2.2440,1.4682,1.1227
2024-10-02T12:42:44.610733,7.095211303752242e-11,0,1,0.001583,26,25,25,24,24,22,20,19,17,6.3009,5.9355,5.4014,4.8234,4.3949,3.6857,3.2220,2.3154,1.8980
2024-10-03T22:38:10.298952,3.323003460367996e-19,0,1,0.001472,32,32,31,28,28,25,24,19,16,7.0173,6.5318,5.8032,5.0591,4.5461,3.7573,3.2384,2.3069,1.9062
2024-10-04T07:13:52.897193,9.160466828017052e-35,0,1,0.001265,45,45,45,43,41,39,32,23,17,4.6856,4.5463,4.2709,3.9611,3.6365,3.1050,2.8143,2.1428,1.8272
2024-10-04T07:18:26.274747,1.1235256506465964e-42,0,1,0.001458,53,52,50,50,48,48,47,43,38,5.5543,5.3570,5.0404,4.6236,4.2333,3.6177,3.2135,2.4749,2.1266
2024-10-04T09:51:05.822503,2.889226236710298e-12,0,1,0.000589,22,22,22,21,21,21,21,19,18,2.8395,2.6104,2.2882,1.9848,1.7566,1.3955,1.1837,0.8243,0.6670
2024-10-05T12:23:17.740411,6.48970483154975e-06,0,1,0.001755,24,24,24,22,20,20,17,13,11,6.2409,5.9032,5.3953,4.7872,4.3263,3.5800,3.0916,2.1087,1.6752
2024-10-05T19:49:26.370159,1.6452142964341109e-07,1,1,0.001157,19,19,19,18,18,18,17,15,11,4.9990,4.5981,3.9852,3.4008,3.0140,2.4028,2.0335,1.3247,1.0436
2024-10-05T23:07:27.047883,5.856511012922419e-15,0,1,0.001545,31,30,30,30,30,30,30,27,25,7.4112,7.0094,6.4249,5.7617,5.2288,4.5007,4.0201,3.1368,2.6920
2024-10-06T07:55:58.744603,1.3351847992222644e-14,0,1,0.000896,23,23,23,22,22,19,19,16,16,3.1202,2.9849,2.7885,2.5414,2.3201,1.9653,1.7196,1.2331,1.0168
2024-10-09T07:15:08.333184,7.362392372516252e-32,0,1,0.001601,44,44,43,42,41,38,36,30,23,6.7800,6.2916,5.6343,4.9801,4.4925,3.7050,3.1519,2.2592,1.8476
2024-10-13T05:50:54.131969,5.066669550678879e-07,0,1,0.001266,26,25,24,23,23,22,20,18,16,5.6606,5.2207,4.6049,3.9988,3.5454,2.8926,2.4943,1.7072,1.3734
2024-10-14T05:17:40.134728,4.70661188716117e-28,0,1,0.001095,34,32,32,31,31,29,26,19,17,3.4078,3.3038,3.0936,2.8614,2.6169,2.2132,1.9489,1.3942,1.1475
2024-10-14T11:28:10.462071,8.73687968419245e-06,1,1,0.001055,20,20,20,20,18,18,18,14,8,4.1257,3.8326,3.4197,2.9652,2.6460,2.1782,1.8308,1.2383,0.9767
2024-10-14T14:49:43.645716,6.885032006768187e-07,0,1,0.000761,18,18,18,18,18,18,18,17,15,2.6343,2.4779,2.2423,1.9874,1.7953,1.4828,1.2599,0.8548,0.6545
2024-10-14T15:49:57.925832,2.135114321932604e-09,0,1,0.001062,21,21,21,21,21,20,19,18,17,4.7898,4.3907,3.7803,3.2252,2.8427,2.2356,1.8730,1.2401,0.9698
2024-10-14T15:50:36.052105,3.1495482735741178e-21,1,1,0.001061,34,34,34,33,31,27,26,24,21,4.7788,4.3736,3.8019,3.2360,2.8422,2.2983,1.9087,1.2453,0.9560
2024-10-15T04:46:07.671514,4.5065707363385465e-19,0,1,0.001776,46,46,42,40,35,34,31,24,23,8.2190,7.4987,6.5389,5.5684,4.9495,4.0463,3.4318,2.4173,1.9608
2024-10-16T19:28:40.816440,7.057425730358322e-12,1,1,0.001678,31,30,30,30,29,27,24,21,20,10.2334,9.6384,8.7621,7.8308,7.0867,6.2078,5.6273,4.5137,3.9433
2024-10-18T20:07:39.748802,1.339141669985993e-06,1,1,0.000555,19,19,19,18,17,16,14,13,12,3.5366,3.3343,3.0127,2.6929,2.4476,2.1261,1.9215,1.5386,1.3438
2024-10-19T15:39:57.980331,4.818503569429083e-13,0,1,0.000739,23,23,23,22,21,20,18,16,15,3.9380,3.6357,3.2169,2.7952,2.4981,2.0983,1.8143,1.3634,1.1320
2024-10-19T18:40:37.622931,1.2195067569414029e-11,0,1,0.001444,32,32,32,32,30,28,26,24,18,8.4889,8.0812,7.4861,6.7626,6.2099,5.5396,5.0649,4.1715,3.6829
2024-10-20T17:57:03.871109,2.8976716260122267e-08,1,1,0.001315,21,21,21,20,20,18,17,14,13,5.7143,5.4506,5.0408,4.5341,4.1310,3.5671,3.1726,2.4188,2.0721
2024-10-21T01:32:01.254462,2.0163449064597054e-10,1,1,0.001423,31,30,29,25,25,22,21,18,15,6.9950,6.3841,5.5059,4.6679,4.1217,3.3405,2.8086,1.9275,1.5531
2024-10-21T03:24:42.624951,3.459358616339263e-07,0,1,0.000999,21,21,20,20,19,19,19,16,15,4.5197,4.1499,3.6065,3.0682,2.7099,2.2412,1.8693,1.2800,1.0242
2024-10-21T08:38:57.108469,4.980736700063515e-08,1,1,0.000958,23,23,22,21,18,18,16,14,13,2.9998,2.8493,2.6263,2.3476,2.1250,1.8028,1.5483,1.0567,0.8540
2024-10-21T14:33:00.629415,1.0258902916112668e-14,1,1,0.000999,30,29,29,28,25,25,24,21,19,5.2170,4.7993,4.1968,3.6141,3.2145,2.6872,2.3260,1.6968,1.3835
2024-10-26T01:24:25.838198,7.417767058831483e-20,1,1,0.001430,29,29,29,28,27,25,25,23,21,6.8568,6.3187,5.5438,4.7566,4.2467,3.5302,2.9806,2.1363,1.7427
2024-10-26T23:59:22.250308,2.5926035074107856e-10,1,1,0.001641,24,23,23,22,21,19,17,15,15,7.3539,6.8582,6.0767,5.3316,4.7929,4.0511,3.4892,2.4615,1.9974
2024-10-27T20:09:00.499210,7.260032862571168e-06,1,1,0.000205,15,15,15,15,15,15,15,14,12,1.0565,0.9785,0.8635,0.7448,0.6655,0.5547,0.4814,0.3504,0.2915
2024-10-28T18:44:44.071644,2.867655944021929e-07,0,1,0.001450,29,29,29,28,26,25,25,23,20,7.8871,7.3313,6.5111,5.6389,5.0399,4.2592,3.7217,2.8224,2.3764
2024-10-30T05:20:33.560636,1.2416278537276275e-26,1,1,0.001382,31,31,31,30,30,29,28,25,22,4.6855,4.4238,4.0280,3.5681,3.2260,2.7284,2.3222,1.6151,1.3010
2024-10-30T20:47:58.840939,5.952757523157214e-07,0,1,0.001705,29,29,28,26,26,26,24,22,18,8.3115,7.6261,6.5652,5.6025,4.9411,4.0094,3.3859,2.2949,1.8729
2024-10-31T01:42:47.245667,4.852071339402813e-07,0,1,0.000664,21,20,19,19,19,19,18,17,12,3.0346,2.7586,2.3800,2.0262,1.7770,1.4226,1.1710,0.7626,0.5989
2024-11-02T07:59:35.226332,5.016929956082788e-35,0,1,0.001672,42,41,41,41,40,39,36,30,29,5.7068,5.5235,5.2102,4.7838,4.3599,3.7873,3.3322,2.4480,2.0402
2024-11-03T06:38:07.638466,6.646269817891312e-09,1,1,0.001340,24,24,24,23,21,20,16,11,7,4.1202,3.9550,3.6904,3.3480,3.0563,2.6279,2.2773,1.6080,1.3292
2024-11-03T23:32:42.851613,7.143799967335061e-16,0,1,0.000751,26,26,25,23,22,21,21,16,16,3.0386,2.8175,2.4674,2.1283,1.8927,1.5555,1.3162,0.8982,0.7188
2024-11-04T04:18:25.200253,5.291340951457979e-06,0,1,0.001106,22,22,21,21,19,19,17,14,13,4.7083,4.3335,3.7693,3.2063,2.8275,2.3042,1.9288,1.2529,0.9663
2024-11-04T11:40:17.470670,3.761158781618371e-14,0,1,0.001703,35,34,32,31,30,29,29,26,22,9.5953,9.3639,8.9407,8.2612,7.6936,6.9745,6.4602,5.3988,4.7847
2024-11-06T00:48:39.443150,4.393368177792141e-34,0,1,0.001092,42,42,41,40,40,35,34,24,16,3.7883,3.5561,3.2324,2.8695,2.5744,2.1382,1.8172,1.2332,0.9646
2024-11-12T20:09:55.517158,4.1819299117653785e-06,1,1,0.000458,17,17,17,15,15,14,12,10,9,1.5790,1.4971,1.3754,1.2216,1.1064,0.9340,0.7990,0.5265,0.4261
2024-11-13T13:13:34.163172,3.274076024884567e-14,0,1,0.001827,27,27,27,25,25,23,22,20,18,8.1966,7.6024,6.7248,5.8842,5.2642,4.3728,3.7620,2.6778,2.1527
2024-11-13T19:46:07.605843,2.6491273244335135e-10,1,1,0.001037,22,22,22,22,20,20,20,16,14,4.1443,3.8400,3.3902,2.9638,2.6501,2.2049,1.8593,1.2528,1.0030
2024-11-14T23:59:18.545621,6.058389303453196e-35,0,1,0.001771,46,45,45,44,44,37,35,29,24,5.4946,5.2307,4.8729,4.3962,3.9803,3.3372,2.8837,1.9928,1.6270
2024-11-15T16:19:38.452681,7.239739050283511e-17,1,1,0.001603,34,34,33,32,29,27,23,18,15,5.5911,5.3709,5.0041,4.5459,4.1330,3.5477,3.0732,2.1608,1.7309
2024-11-17T09:22:54.179502,2.5683221285926286e-09,1,1,0.001095,26,26,26,25,24,23,21,15,12,5.2062,4.8954,4.4076,3.9105,3.5162,2.9714,2.6136,1.9467,1.6453
2024-11-17T09:30:48.716910,2.3654231965175803e-11,0,1,0.001325,23,23,23,23,23,23,20,18,14,5.9818,5.6292,5.0985,4.5444,4.1021,3.4610,3.0501,2.2311,1.8643
2024-11-17T15:31:26.164954,1.4880767921017155e-11,0,1,0.001385,19,19,19,18,18,18,17,13,10,4.8300,4.6013,4.2683,3.8486,3.5367,3.0246,2.6294,1.8278,1.4836
2024-11-19T18:49:55.830446,1.872043616595264e-15,1,1,0.000404,20,20,20,20,20,20,18,17,15,1.7766,1.6266,1.4069,1.1898,1.0467,0.8406,0.6931,0.4464,0.3520
2024-11-20T04:34:48.500802,9.1030178497556e-17,0,1,0.001757,36,36,36,33,31,31,28,26,24,10.1329,9.8268,9.2668,8.5454,7.9127,7.1540,6.6207,5.5088,4.8655
2024-11-20T08:37:37.170430,4.144723789956085e-31,1,1,0.001156,44,43,43,41,41,35,32,29,24,4.9726,4.6841,4.2772,3.8107,3.4616,2.9332,2.5613,1.8928,1.5845
2024-11-21T08:54:22.097200,4.438245936212793e-06,1,1,0.001340,24,23,22,20,19,19,17,14,13,6.5701,6.0828,5.3519,4.6392,4.1114,3.4366,2.9609,2.1528,1.8070
2024-11-24T06:30:12.103531,5.9615768044928215e-06,1,1,0.001508,23,23,23,21,20,20,18,16,12,6.6938,6.2544,5.6649,5.0701,4.5903,3.9002,3.4128,2.5278,2.1340
2024-11-24T12:57:38.126828,5.472231088372233e-09,0,1,0.000579,23,23,23,23,23,21,21,17,14,2.1408,2.0043,1.7946,1.5882,1.4188,1.1916,1.0165,0.6910,0.5603
2024-11-25T18:52:18.965719,1.7731655837638257e-13,0,1,0.001252,27,26,24,24,24,24,22,16,15,5.0554,4.6482,4.0696,3.4765,3.0914,2.5160,2.1164,1.3639,1.0964
2024-11-28T10:26:45.582857,7.770091304477308e-08,0,1,0.002013,38,38,37,36,36,36,33,29,26,6.8554,6.5514,6.1102,5.4768,5.0000,4.2812,3.6773,2.5945,2.1279
2024-11-30T13:02:25.005721,2.0313337202082768e-06,1,1,0.001329,32,31,29,27,26,24,22,17,10,11.1435,10.3864,9.1742,7.9150,7.1390,5.8557,4.7086,2.7459,1.7613
2024-11-30T15:10:47.485502,2.3784953261271416e-10,1,1,0.001589,25,25,25,25,25,22,21,15,10,6.2942,5.8039,5.1177,4.4115,3.9051,3.1949,2.6419,1.7591,1.3884
2024-12-02T05:27:50.195026,2.0228222852145943e-10,0,1,0.001692,26,26,25,25,24,23,22,17,14,6.5723,6.2066,5.6443,5.0170,4.5351,3.8343,3.3472,2.3919,1.9552
2024-12-02T05:28:26.244569,2.0476293414713722e-20,0,1,0.001693,31,31,31,30,28,27,25,24,21,6.7361,6.3445,5.7314,5.0482,4.5403,3.8478,3.3527,2.3967,1.9675
2024-12-02T05:31:34.410831,2.5066517726768394e-25,1,1,0.001710,39,39,37,35,34,33,32,30,25,7.6484,7.1423,6.4539,5.6983,5.1516,4.3078,3.7145,2.6747,2.2152
2024-12-02T12:24:26.098105,1.575749769954766e-11,0,1,0.001227,22,22,22,21,21,19,18,16,15,5.9745,5.4452,4.6533,3.9468,3.4982,2.8431,2.3579,1.5468,1.1917
2024-12-02T12:26:01.574245,3.799233637879997e-11,0,1,0.000918,32,29,28,28,25,22,21,20,19,4.3545,3.9789,3.4189,2.9144,2.5449,2.0465,1.7136,1.1211,0.8911
2024-12-03T02:15:55.871190,8.789461739740618e-17,0,1,0.001735,39,39,38,36,36,36,35,29,25,6.7428,6.4844,6.0786,5.4854,5.0368,4.3314,3.8556,2.9109,2.4816
2024-12-04T13:01:40.851734,6.752203117323478e-17,0,1,0.001526,31,28,27,27,24,24,22,21,20,6.9186,6.2936,5.4134,4.5564,4.0131,3.2007,2.6397,1.7017,1.3133
2024-12-04T19:44:46.501599,1.9827071157143946e-21,0,1,0.001571,37,37,37,36,36,34,33,29,25,8.7405,8.2358,7.5154,6.6950,6.1086,5.2478,4.7170,3.6784,3.2198
2024-12-08T14:19:05.648746,3.067936831502935e-16,0,1,0.001580,29,27,27,26,23,23,22,22,18,7.9606,7.3007,6.3647,5.4741,4.8541,3.9404,3.3236,2.3086,1.8840
2024-12-11T08:17:48.503562,2.082980646656025e-07,0,1,0.001051,24,24,23,21,21,20,20,20,19,4.5379,4.1748,3.6541,3.1339,2.7942,2.2836,1.9698,1.3058,1.0420
2024-12-11T08:19:39.247817,6.4748134833012e-08,0,1,0.001670,29,27,27,25,24,23,23,21,21,7.4222,6.7677,5.8653,5.0311,4.4508,3.6099,3.0330,2.0217,1.5992
2024-12-11T10:44:54.440241,5.242249469340219e-27,1,1,0.001645,41,41,39,38,37,37,32,24,20,6.4404,6.0300,5.4210,4.7489,4.2978,3.6265,3.0524,2.0438,1.6101
2024-12-12T06:58:13.229048,1.5656341323805316e-22,0,1,0.000967,27,25,25,25,25,25,24,24,24,4.1605,3.8148,3.3059,2.8072,2.5000,2.0146,1.6771,1.0954,0.8679
2024-12-12T06:58:30.732937,3.191300194153655e-16,0,1,0.001066,26,26,26,25,25,22,19,18,16,4.5967,4.2172,3.6723,3.1205,2.7495,2.2478,1.8682,1.2367,0.9621
2024-12-16T20:19:48.240725,6.112224182439037e-14,1,1,0.001102,28,28,27,25,25,24,23,20,19,5.1232,4.6752,3.9989,3.3539,3.0461,2.5841,2.1322,1.5784,1.2790
2024-12-17T04:58:48.746109,9.502743242861741e-39,1,1,0.001824,49,49,49,49,49,45,45,35,31,6.1399,5.7861,5.2371,4.5867,4.2164,3.6323,3.0105,2.1289,1.7033
2024-12-18T13:32:03.601484,6.677107999683221e-09,0,1,0.001688,28,28,27,25,25,25,23,21,19,8.7520,8.3437,7.6216,6.7733,6.4383,5.8279,5.1331,4.2439,3.6590
2024-12-19T17:53:26.129170,1.8146545026285243e-11,0,1,0.001455,28,27,27,27,26,24,21,17,15,6.3028,5.7987,5.0617,4.2768,3.9756,3.4575,2.8608,2.1700,1.8290
2024-12-20T16:28:43.548002,4.638740642162727e-07,0,1,0.001360,25,25,24,22,22,19,17,17,13,6.4888,6.0128,5.2738,4.5217,4.2290,3.7194,3.1053,2.3992,2.0359
2024-12-21T18:31:04.851516,2.4693673206495943e-20,1,1,0.001376,32,32,31,30,29,26,22,17,15,5.7910,5.3317,4.6332,3.9320,3.6485,3.1301,2.5470,1.8798,1.5657
2024-12-22T18:44:59.836450,1.8073972956027448e-10,1,1,0.001310,22,22,22,22,22,21,21,20,18,5.7845,5.2380,4.4110,3.6230,3.3279,2.7940,2.2303,1.6454,1.3709
2024-12-24T17:37:50.392643,3.3517154790377755e-20,1,1,0.001805,32,32,31,30,30,26,23,19,14,6.3102,5.8672,5.1579,4.4150,4.1078,3.5170,2.9345,2.1733,1.7831
2024-12-25T08:44:38.490343,1.517928552604055e-14,0,1,0.001735,41,40,39,37,35,33,31,25,24,12.1634,11.3038,9.9605,8.6601,8.1256,7.0671,6.0392,4.6906,3.9169
2024-12-27T16:48:16.961239,5.338150141248523e-16,0,1,0.001746,33,33,32,32,31,27,25,18,16,6.3156,5.8597,5.1145,4.3377,4.0361,3.4038,2.7760,2.0361,1.6737
2024-12-29T14:03:34.359903,2.2455629604515594e-07,0,1,0.001032,24,24,23,22,22,22,21,17,14,3.9732,3.7240,3.3008,2.8495,2.6676,2.2813,1.8810,1.4255,1.2118
2025-01-01T11:37:15.631989,4.1817521491930547e-57,0,0,0.001444,61,61,60,58,54,52,49,34,22,5.8716,5.4843,4.8097,4.0739,3.7967,3.3271,2.7429,2.1266,1.8036
2025-01-01T21:47:25.375476,1.1494129822121496e-08,0,0,0.000124,11,11,11,10,10,10,10,9,9,0.4871,0.4385,0.3687,0.3106,0.2813,0.2368,0.1850,0.1292,0.1003
2025-01-02T12:16:07.700100,3.760440927737682e-07,0,0,0.000701,19,19,18,18,17,17,14,11,11,3.2816,3.0352,2.6451,2.2620,2.1009,1.7847,1.4204,1.0150,0.8062
2025-01-02T20:28:41.378387,3.8167450781802247e-26,0,0,0.001829,36,35,32,31,30,28,27,23,20,7.3474,6.6574,5.6320,4.6409,4.2483,3.5213,2.7509,1.8456,1.4780
2025-01-03T06:21:00.106344,8.852891146966692e-08,0,0,0.000935,19,19,19,19,18,17,15,10,7,4.8577,4.5984,4.1664,3.7026,3.5100,3.1842,2.8196,2.3219,2.0357
2025-01-03T12:03:06.411491,5.2184546462541346e-06,0,0,0.001255,20,20,20,20,20,19,17,13,12,5.5385,5.0118,4.2188,3.4684,3.1660,2.6710,2.1785,1.5928,1.3108
2025-01-04T06:36:51.171783,1.3740165674462063e-51,0,0,0.003672,163,163,160,156,155,152,147,139,126,19.7769,19.1871,17.7999,16.0140,15.3798,14.2800,12.7667,10.8343,9.5008
2025-01-04T14:07:08.441255,2.357849495261152e-07,0,0,0.000364,19,19,18,18,18,16,15,11,10,1.3088,1.2301,1.0940,0.9551,0.8975,0.7760,0.6317,0.4636,0.3767
2025-01-04T18:48:36.785479,3.584451313602203e-09,0,0,0.001692,26,25,22,21,21,20,20,16,15,5.8596,5.4178,4.6974,3.9779,3.6506,3.0960,2.4158,1.7236,1.3886
2025-01-06T08:48:21.203458,1.2159009274523553e-18,0,0,0.001869,40,39,39,33,33,31,30,24,21,8.6380,8.2217,7.4023,6.4707,6.1479,5.5192,4.7933,3.9136,3.3623
2025-01-06T19:52:09.235590,2.9147629809297303e-08,0,0,0.000363,19,19,17,16,16,15,13,8,5,1.3768,1.2582,1.0728,0.8965,0.8310,0.7033,0.5537,0.3896,0.3184
2025-01-08T18:57:53.142259,3.605985772882755e-08,0,0,0.001304,22,21,21,20,19,16,15,12,10,5.2259,4.6536,3.8804,3.1704,2.8490,2.3004,1.7354,1.1229,0.8733
2025-01-10T07:28:48.531179,9.179159504546704e-09,0,0,0.001088,23,23,23,23,23,23,21,15,10,4.0662,3.8431,3.4558,2.9920,2.7980,2.4535,2.0672,1.5589,1.3094
2025-01-10T09:01:41.433459,7.443483610350418e-07,0,0,0.001503,24,24,24,22,22,22,19,16,9,4.8308,4.5887,4.1454,3.5905,3.3719,2.9665,2.4701,1.8362,1.5182
2025-01-10T09:04:04.337496,4.7319798737334674e-07,0,0,0.001436,20,20,20,18,18,15,14,11,8,4.6285,4.4277,4.0193,3.4790,3.2673,2.8582,2.3636,1.7493,1.4411
2025-01-10T10:45:38.777983,1.2441162387786966e-18,0,0,0.001481,25,25,25,24,23,21,20,16,11,4.7646,4.5365,4.0944,3.5753,3.3420,2.9156,2.3913,1.7226,1.4264
2025-01-10T19:31:42.552096,9.929650200314097e-13,0,0,0.001497,27,27,25,24,23,21,19,16,10,5.4285,4.8978,4.1447,3.4204,3.1354,2.5744,1.9990,1.3639,1.0721
2025-01-10T21:07:35.655097,4.466386339102276e-06,0,0,0.000949,19,17,17,15,15,15,13,8,7,3.6575,3.3215,2.8360,2.3873,2.1856,1.8156,1.4364,1.0012,0.7975
2025-01-11T06:04:09.012042,5.684940613231425e-22,0,0,0.001887,39,39,38,35,33,29,26,20,17,7.0773,6.7552,6.1385,5.3542,5.0197,4.4698,3.7979,2.9668,2.5170
2025-01-11T16:15:43.013485,1.6871166824300942e-19,0,0,0.001856,43,43,40,36,36,34,32,27,23,7.4662,6.7828,5.7723,4.8125,4.4366,3.7382,2.9621,2.0707,1.6554
2025-01-12T07:57:54.738783,1.1103165811995306e-12,0,0,0.000948,20,20,20,20,20,20,17,15,9,3.4310,3.2089,2.8512,2.4462,2.2920,2.0018,1.6542,1.2291,0.9954
2025-01-13T14:43:51.577888,1.2604240596365087e-17,0,0,0.000895,28,28,28,26,26,24,23,18,14,3.3282,3.1307,2.7989,2.4355,2.2899,1.9505,1.5468,1.0555,0.8227
2025-01-13T14:48:02.471819,3.99870101610923e-41,0,0,0.001537,45,44,43,43,43,42,41,33,25,5.0830,4.7872,4.2687,3.7214,3.4831,2.9902,2.4080,1.7334,1.4167
2025-01-13T23:24:58.679482,3.540802021724636e-06,0,0,0.001218,25,25,23,23,22,21,20,17,15,6.8189,6.3262,5.5234,4.7963,4.5213,4.0218,3.4670,2.7835,2.4003
2025-01-18T19:42:41.591383,1.0022115110810669e-08,0,0,0.001358,32,30,30,29,29,25,21,14,11,11.2406,10.3325,8.9306,7.9704,7.4820,6.2914,5.1638,3.8429,3.0336
2025-01-22T02:19:01.216333,2.7419687006285304e-12,0,0,0.001576,26,25,24,23,22,21,18,15,13,5.9856,5.4953,4.5911,3.9910,3.7577,3.1815,2.5741,2.0313,1.6707
2025-01-22T11:09:43.052576,4.922134451149526e-12,0,0,0.001313,21,21,21,19,17,17,15,14,10,4.4622,3.9934,3.2971,2.8084,2.6187,2.1167,1.6393,1.2096,0.9622
2025-01-24T02:58:19.893734,4.1300380484802056e-17,0,0,0.001385,30,28,27,27,27,21,15,11,8,4.6041,4.2886,3.6822,3.2576,3.0750,2.6028,2.0810,1.5949,1.3213
2025-01-25T01:36:47.911985,7.77703659776941e-38,0,0,0.000437,39,39,38,38,36,33,30,28,26,1.6153,1.4897,1.2690,1.1104,1.0441,0.8733,0.6994,0.5394,0.4438
2025-01-26T10:30:37.285961,7.093431004566171e-08,0,0,0.001051,24,23,23,23,22,22,20,19,14,3.0989,2.8759,2.4646,2.1546,2.0192,1.6869,1.3143,0.9932,0.7957
2025-01-28T09:23:03.430169,7.449951110605458e-24,0,0,0.001615,36,36,35,33,32,28,25,19,16,4.7129,4.4291,3.8459,3.4168,3.2145,2.6892,2.1485,1.6020,1.2928
2025-01-28T09:23:32.324878,6.251997856171874e-28,0,0,0.001589,47,45,44,43,43,42,35,29,22,4.6956,4.3834,3.7831,3.3433,3.1483,2.6219,2.0922,1.5577,1.2535
2025-02-01T12:00:00.908481,1.872203083810176e-12,0,0,0.001347,26,25,25,25,25,23,18,15,12,5.7132,5.3839,4.7587,4.3363,4.1458,3.6893,3.1682,2.5770,2.2008
2025-02-03T03:59:19.584888,4.790283887131582e-39,0,0,0.000976,42,41,41,41,41,39,37,35,31,3.8616,3.4145,2.7816,2.3503,2.1807,1.7731,1.3654,0.9908,0.7852
2025-02-04T12:49:00.794185,4.65167629683525e-21,0,0,0.001600,45,45,44,43,42,38,33,28,26,8.4832,8.0671,7.2267,6.6553,6.4170,5.8028,5.1176,4.2812,3.6355
2025-02-05T03:16:08.274342,2.189964677000481e-47,0,0,0.001556,47,46,45,44,42,35,32,28,23,5.2559,4.8889,4.2138,3.7289,3.5065,2.9344,2.3741,1.7831,1.4491
2025-02-06T08:20:01.430209,6.0781228265192354e-15,0,0,0.000698,25,24,24,23,23,19,17,12,9,2.8822,2.6552,2.2826,2.0217,1.9156,1.6318,1.3484,1.0491,0.8781
2025-02-10T11:10:24.807069,1.5629712743646577e-15,0,0,0.001583,36,36,34,33,32,31,30,24,20,8.2500,7.7975,6.8853,6.2073,5.9635,5.3351,4.6851,3.9711,3.3827
2025-02-11T03:16:57.347095,7.505392345580244e-11,0,0,0.001220,19,18,17,17,16,16,14,12,11,3.9224,3.5829,3.0105,2.5989,2.4153,2.0111,1.5410,1.1393,0.9064
2025-02-11T18:55:43.434437,1.2153902044445784e-19,0,0,0.001120,32,30,29,28,26,23,20,16,13,4.7125,4.1966,3.3815,2.8809,2.6671,2.1931,1.7162,1.2880,1.0600
2025-02-12T19:12:45.430164,4.125621528500071e-07,0,0,0.001239,19,19,18,18,18,17,17,14,11,4.8671,4.4078,3.6820,3.2101,3.0036,2.5043,2.0106,1.5569,1.2772
2025-02-12T19:13:26.422242,5.462649475314537e-13,0,0,0.001676,22,21,20,20,20,19,18,14,11,6.5670,5.9880,5.0272,4.3636,4.1012,3.3631,2.7087,2.0561,1.6701
2025-02-13T14:29:51.284458,1.999098821131803e-11,0,0,0.001389,25,24,22,22,21,20,17,12,9,6.0302,5.4992,4.5725,3.9643,3.7328,3.1540,2.6096,2.0793,1.7222
2025-02-13T17:48:47.442791,8.327249043529319e-06,0,0,0.001490,22,22,21,19,19,19,19,16,13,5.7803,5.2557,4.3881,3.8252,3.5595,2.9635,2.3487,1.7805,1.4825
2025-02-14T00:05:13.158874,2.226128694229855e-18,0,0,0.000766,22,22,22,21,21,20,20,15,13,2.9619,2.6273,2.1189,1.7955,1.6539,1.3080,1.0024,0.7324,0.5675
2025-02-14T14:46:06.130430,2.4583402582449584e-21,0,0,0.000960,26,26,23,23,23,22,20,15,13,4.3820,3.9389,3.2315,2.7849,2.6119,2.1842,1.8148,1.4361,1.1922
2025-02-15T13:22:37.869273,1.1877546810336157e-25,0,0,0.001769,42,39,38,37,35,35,31,28,26,8.4546,7.6103,6.2621,5.4214,5.0971,4.3162,3.5916,2.8626,2.4194
2025-02-15T23:10:54.883958,9.818749377333447e-07,0,0,0.001474,22,22,21,21,20,19,18,14,12,7.3179,6.4818,5.3071,4.5188,4.1391,3.3098,2.5259,1.7159,1.2983
2025-02-19T14:27:06.988826,2.0072758309014194e-18,0,0,0.001906,32,32,31,31,31,28,27,24,21,7.3795,6.6229,5.4851,4.7361,4.4050,3.6541,2.9004,2.1775,1.7712
2025-02-20T11:22:57.690838,2.1745257201335977e-21,0,0,0.001427,33,33,30,29,28,28,24,19,17,6.4690,5.8442,4.8547,4.1873,3.9221,3.3239,2.7214,2.1239,1.7434
2025-02-20T14:43:23.117184,2.418494690102599e-07,0,0,0.001216,26,26,25,25,24,22,20,17,13,4.2019,3.8685,3.2856,2.8779,2.7004,2.2545,1.8203,1.3837,1.1177
2025-02-21T19:51:21.803211,1.4789018334801778e-41,0,0,0.001147,42,42,42,41,41,39,38,30,27,4.4826,4.0377,3.3321,2.8820,2.6763,2.1839,1.6898,1.2594,0.9900
2025-02-23T19:16:12.255288,7.392872913218331e-36,0,0,0.000617,37,37,36,35,35,33,30,25,21,1.8793,1.7454,1.4767,1.2916,1.2103,0.9903,0.7759,0.5762,0.4640
2025-02-25T11:00:44.786969,5.385820040589302e-06,0,0,0.000362,13,13,13,13,13,12,12,12,11,1.4894,1.3319,1.0831,0.9162,0.8483,0.6875,0.5406,0.4037,0.3280
2025-02-27T21:44:24.895599,5.455549916750674e-23,0,0,0.001414,30,30,30,30,30,29,27,19,15,5.9117,5.2818,4.3905,3.8057,3.5407,2.9373,2.3631,1.7875,1.4647
2025-02-28T21:25:55.456095,6.498924587331917e-40,0,0,0.001562,50,49,48,45,43,36,31,19,16,6.4318,5.8812,5.0134,4.3586,4.0454,3.2045,2.3856,1.5857,1.1794
2025-03-01T15:12:05.905362,1.5744990554059412e-14,0,0,0.001138,26,25,24,24,23,17,16,10,8,2.7099,2.4283,2.1748,1.9363,1.7559,1.3225,1.1104,0.8409,0.6190
2025-03-02T15:36:03.964924,6.648944925051949e-07,0,0,0.001385,20,20,20,20,20,19,17,14,12,4.6461,4.1291,3.5940,3.1219,2.8190,2.0705,1.6529,1.1500,0.8044
2025-03-02T20:19:09.750032,4.3842178486691205e-56,0,0,0.001174,47,46,45,44,41,39,31,21,16,2.9273,2.6534,2.3836,2.1132,1.9282,1.4841,1.2493,0.9718,0.7584
2025-03-04T07:53:04.391622,8.611747361898545e-06,0,0,0.000804,15,15,15,15,12,12,12,8,5,2.1205,1.9036,1.6957,1.5276,1.4021,1.1203,0.9530,0.7504,0.5230
2025-03-04T12:51:06.939440,1.9133157686621507e-11,0,0,0.001452,23,20,20,19,18,13,12,12,10,3.5911,3.2399,2.8857,2.5630,2.3254,1.7688,1.4982,1.1462,0.8257
2025-03-04T14:28:23.279112,2.682363179452896e-22,0,0,0.001862,35,34,34,34,33,30,27,22,22,5.2427,4.6935,4.1537,3.6986,3.3770,2.5551,2.0651,1.5507,1.1228
2025-03-05T16:55:52.843807,1.5095243466102187e-07,0,0,0.000933,17,17,17,16,16,15,12,10,9,2.7019,2.2849,1.9546,1.6827,1.5102,1.0899,0.8783,0.6569,0.4858
2025-03-07T03:57:59.922354,1.8374855991206438e-42,0,0,0.002536,80,80,76,72,70,67,62,49,45,7.9256,7.1648,6.4476,5.8610,5.4024,4.4444,3.9039,3.1021,2.1658
2025-03-07T08:45:19.138112,1.4584988548048656e-17,0,0,0.000873,24,24,23,21,21,21,18,14,11,2.2746,2.0502,1.8227,1.6230,1.4770,1.1415,0.9709,0.7337,0.5295
2025-03-07T10:53:54.957511,7.744824793044358e-16,0,0,0.000703,23,22,22,21,19,16,14,10,6,2.0050,1.7305,1.4866,1.3045,1.1724,0.8777,0.7350,0.5510,0.3980
2025-03-08T18:06:30.672628,2.761179830560771e-06,0,0,0.004892,130,125,117,110,104,86,76,49,33,23.5039,20.9715,18.5699,16.7614,15.3975,12.2869,10.2164,7.2787,5.0996
2025-03-09T09:54:41.990233,2.686300448984827e-30,0,0,0.001199,32,32,30,29,29,28,24,17,13,3.5231,3.0060,2.5561,2.2266,1.9929,1.4818,1.2226,0.8999,0.6346
2025-03-10T08:27:43.536668,1.9041271130680997e-21,0,0,0.001636,34,33,30,27,24,19,13,11,11,4.5593,3.9644,3.4339,3.0415,2.7605,2.1136,1.7715,1.3187,0.9403
2025-03-11T15:15:26.404063,1.0055255812370151e-20,0,0,0.001604,26,26,26,25,25,22,17,14,12,4.5990,3.9120,3.2818,2.8524,2.5381,1.8179,1.4679,1.0864,0.7720
2025-03-12T15:19:25.536350,1.2718952729170117e-06,0,0,0.000875,17,17,16,14,14,12,10,8,7,2.7863,2.4871,2.2167,1.9957,1.8176,1.4548,1.2312,0.9497,0.7146
2025-03-13T12:28:29.919167,1.3089485437996974e-12,0,0,0.000707,20,20,19,19,18,15,14,11,8,1.8461,1.6025,1.3879,1.2144,1.0887,0.8041,0.6627,0.4913,0.3606
2025-03-14T04:05:15.638756,1.095679235702115e-19,0,0,0.001455,30,30,29,26,25,21,13,11,10,4.0857,3.6815,3.3038,2.9879,2.7608,2.1685,1.8650,1.4476,1.0067
2025-03-14T05:31:57.161810,2.0977377725085864e-11,0,0,0.001513,22,22,22,22,20,17,11,9,6,4.0063,3.5035,3.0932,2.7600,2.4865,1.9271,1.6115,1.2318,0.8642
2025-03-16T11:32:04.829210,9.072693429407176e-07,0,0,0.001665,21,19,18,18,16,14,12,9,7,4.8394,4.1373,3.5074,3.0365,2.7111,1.9938,1.6339,1.1941,0.8796
2025-03-17T03:58:46.095198,1.958174627764434e-07,0,0,0.001427,21,21,21,19,19,18,16,13,11,4.9094,4.2752,3.6705,3.2172,2.8698,2.1686,1.7729,1.3153,0.9232
2025-03-17T20:57:51.568764,2.7426201090665817e-06,0,0,0.000981,24,24,22,21,20,17,15,10,8,3.5841,3.1779,2.8598,2.5912,2.3960,1.9922,1.7455,1.4165,1.0033
2025-03-18T05:39:33.766014,6.6849906111387255e-21,0,0,0.001679,27,27,26,25,23,21,21,17,13,4.5274,3.9770,3.4564,3.0264,2.7542,2.0521,1.7061,1.2847,0.9090
2025-03-18T10:28:34.221890,7.591014240033017e-18,0,0,0.001859,30,30,28,25,23,21,18,15,11,4.8128,4.2138,3.6467,3.1997,2.8730,2.1764,1.8168,1.3558,0.9755
2025-03-20T11:51:42.740662,7.488593380983062e-25,0,0,0.000777,26,26,26,26,25,22,22,18,16,2.4911,2.1379,1.8075,1.5568,1.3692,1.0058,0.7986,0.5710,0.4152
2025-03-20T15:46:18.108613,2.4604052849160692e-20,0,0,0.001447,45,44,41,39,36,28,25,18,13,12.0729,10.9314,9.7796,8.7609,7.9680,6.3266,5.1478,3.7724,2.8246
2025-03-23T06:46:42.817714,3.450984430006627e-54,0,0,0.000687,52,51,49,46,43,38,32,21,17,1.8750,1.6960,1.5177,1.3584,1.2356,0.9580,0.8029,0.5996,0.4469
2025-03-23T11:38:43.815470,1.9950996000717422e-32,0,0,0.001459,48,46,44,43,40,30,26,24,18,5.3710,4.8847,4.4713,4.0859,3.7801,3.1825,2.8031,2.2408,1.7280
2025-03-25T09:53:11.549221,6.770354090787654e-11,0,0,0.001109,19,18,18,16,15,14,13,11,9,3.3472,2.8498,2.4460,2.0998,1.8713,1.3773,1.1096,0.8099,0.5842
2025-03-25T15:33:09.569521,3.3514568655197496e-36,0,0,0.001302,51,51,51,49,48,45,43,37,36,6.2391,5.7400,5.3757,5.0430,4.7924,4.2447,3.8863,3.2708,2.4659
2025-03-28T01:39:54.906120,4.8830852545214695e-39,0,0,0.001060,38,38,37,35,34,30,27,20,17,2.7790,2.4782,2.1966,1.9562,1.7795,1.3577,1.1446,0.8555,0.6050
2025-03-28T13:02:57.569651,5.108492275720274e-06,0,0,0.000999,23,22,21,21,21,17,15,13,9,4.3986,3.9940,3.6595,3.4037,3.2039,2.7740,2.5096,2.0818,1.5621
2025-03-29T02:54:53.907992,3.108000466255762e-13,0,0,0.001452,26,25,24,22,21,20,17,12,8,6.0955,5.0769,4.1558,3.4430,2.9795,2.0900,1.6280,1.1550,0.8147
2025-03-30T11:53:33.380957,1.593308869307349e-26,0,0,0.001540,36,36,34,33,32,28,26,20,18,6.9884,6.3459,5.8147,5.3916,5.0898,4.4123,4.0025,3.3110,2.5115
2025-03-30T23:08:31.588524,1.386348524436446e-32,0,0,0.001113,33,32,31,31,30,30,28,21,18,3.2895,2.8460,2.4486,2.1540,1.9180,1.4525,1.2035,0.9163,0.6408
2025-03-31T01:15:27.755353,7.307724274955802e-18,0,0,0.001062,26,23,23,23,21,19,16,13,10,3.7642,3.4161,3.1082,2.7795,2.5311,1.9803,1.6654,1.2530,0.9268
2025-03-31T12:09:17.077212,4.235240746554946e-90,0,0,0.001899,89,89,87,83,79,72,68,64,58,8.8323,8.1178,7.5241,7.0695,6.6916,5.8860,5.3796,4.5509,3.4086
2025-04-03T19:16:03.844503,1.8668835910441207e-34,0,0,0.001770,42,41,41,41,41,39,37,33,27,7.0702,6.5875,5.9340,5.2663,4.7880,4.0326,3.4623,2.4575,2.0275
2025-04-04T15:44:03.407831,3.292885237859628e-34,0,0,0.001490,48,48,45,43,42,39,39,37,36,7.9406,7.2039,6.2392,5.3700,4.7973,3.9741,3.3894,2.3908,1.9844
2025-04-04T19:27:08.824075,2.5316944756858203e-19,0,0,0.001461,29,29,29,29,28,28,26,18,15,4.8434,4.6560,4.3653,3.9890,3.6599,3.1293,2.6977,1.8934,1.5584
2025-04-07T03:24:47.136902,2.1985390658687e-15,0,0,0.001484,27,27,27,24,22,22,22,20,17,7.0535,6.4262,5.5343,4.6791,4.1462,3.3413,2.7739,1.8183,1.4158
2025-04-09T04:47:07.129913,6.028010488865631e-27,0,0,0.001172,34,34,34,34,34,33,29,20,19,4.9396,4.7360,4.4264,4.0464,3.6966,3.2272,2.8708,2.2126,1.9261
2025-04-09T16:50:33.477602,1.1687277483791394e-06,0,0,0.001450,28,28,28,27,24,20,19,16,12,6.7044,6.0834,5.2112,4.3983,3.8608,3.0970,2.5507,1.6968,1.3475
2025-04-16T11:18:03.007476,8.290967059846508e-13,0,0,0.001199,31,29,29,27,27,25,23,22,19,6.0689,5.5814,4.9335,4.2977,3.8653,3.2089,2.7347,1.8524,1.4673
2025-04-16T11:18:22.520184,6.668024503460723e-16,0,0,0.001187,32,32,32,30,30,28,27,21,19,5.9278,5.4782,4.8637,4.2288,3.8008,3.1773,2.7343,1.8770,1.5227
2025-04-18T10:09:52.971960,7.062450221911432e-26,0,0,0.001475,42,41,40,39,36,35,31,24,20,8.7331,7.9978,6.8849,5.7965,5.1029,4.0250,3.3337,2.2490,1.7588
2025-04-18T15:47:26.194752,2.800312055380308e-07,0,0,0.000548,22,22,21,19,19,19,18,17,17,2.3667,2.1726,1.9108,1.6238,1.4409,1.1724,0.9809,0.6388,0.5023
2025-04-18T15:47:59.740859,8.215579837103849e-20,0,0,0.000990,26,26,26,25,25,24,24,22,22,4.3150,3.9825,3.4795,2.9710,2.6205,2.1385,1.8095,1.1875,0.9540
2025-04-20T18:41:20.760643,6.219143499991603e-26,0,0,0.001668,47,46,45,44,43,42,39,33,27,6.8683,6.2744,5.4446,4.6249,4.0917,3.3411,2.8171,1.8239,1.4161
2025-04-21T15:09:41.029659,5.24642513057231e-07,0,0,0.001560,29,28,28,27,26,25,22,20,18,7.4463,6.8191,5.9485,5.0873,4.5445,3.7275,3.1878,2.1698,1.6861
2025-04-22T13:35:05.985834,6.7983161429318294e-18,0,0,0.001508,31,31,28,27,25,24,21,20,20,6.0076,5.5552,4.9307,4.2742,3.7989,3.1112,2.6420,1.7677,1.3877
2025-04-23T07:22:19.250279,5.519311377207296e-09,0,0,0.000832,22,22,22,20,20,20,20,18,15,3.0948,2.9225,2.6704,2.3808,2.1695,1.8371,1.6068,1.1534,0.9509
2025-04-25T04:41:05.293377,4.723473874956028e-07,0,0,0.001391,22,22,22,21,20,19,18,14,13,6.1239,5.7438,5.1923,4.6177,4.1596,3.5260,3.1002,2.2853,1.8814
2025-04-26T04:43:40.311987,1.158107976879401e-41,0,0,0.001472,51,50,49,48,47,42,39,33,30,5.6181,5.3668,4.9988,4.5186,4.1313,3.5685,3.1648,2.3478,1.9679
2025-04-26T20:14:55.947687,3.067225968170562e-06,0,0,0.000620,16,16,15,15,14,14,14,13,13,3.2842,3.0390,2.6970,2.3257,2.0730,1.7523,1.5463,1.1580,0.9760
2025-04-27T04:56:57.455837,3.5221555355675254e-14,0,0,0.001566,25,25,25,24,24,21,20,17,13,5.7182,5.4446,5.0539,4.5493,4.1507,3.5472,3.0853,2.2383,1.9108
2025-04-27T17:18:03.181748,1.9023859877001445e-14,0,0,0.000395,18,18,18,16,16,15,14,14,14,2.0662,1.8441,1.5521,1.2989,1.1507,0.9360,0.7826,0.5141,0.4048
2025-04-27T18:54:07.611272,7.962918053064904e-14,0,0,0.001538,38,35,31,31,29,29,29,22,19,7.9074,7.2308,6.2576,5.4187,4.8431,3.9933,3.4395,2.4553,2.0281
2025-04-27T18:56:27.505897,4.444947732740909e-13,0,0,0.001474,30,30,30,28,28,26,26,23,21,7.4103,6.8028,5.9460,5.1360,4.6290,3.7632,3.2324,2.2676,1.8939
2025-04-28T01:55:52.406318,1.600725310622711e-07,0,0,0.001418,25,25,25,24,23,20,18,14,13,5.9148,5.7071,5.4027,4.9537,4.5591,4.0284,3.6395,2.8589,2.4600
2025-04-28T23:13:42.925985,4.2754739175887844e-20,0,0,0.001542,35,35,35,34,31,30,27,18,16,6.5325,6.2140,5.7576,5.1945,4.7950,4.1346,3.6712,2.7561,2.3496
2025-04-30T13:04:02.852010,1.4514970546279967e-26,0,0,0.001378,39,38,38,38,38,35,31,23,17,6.4891,5.7716,4.8780,4.0915,3.6106,2.9084,2.4261,1.5875,1.2305
2025-05-02T22:36:13.625189,6.199598954747716e-07,0,0,0.001549,26,25,25,23,22,21,18,11,10,5.9496,5.7321,5.4035,4.9490,4.5688,3.9836,3.5846,2.7280,2.3634
2025-05-02T23:57:05.879721,2.893454110498203e-35,0,0,0.001943,47,47,46,46,46,45,42,33,28,8.1195,7.6710,7.0753,6.4414,5.8938,5.0823,4.4954,3.4062,2.9018
2025-05-03T04:12:50.475308,3.670496880689873e-35,0,0,0.001812,49,49,48,46,45,44,43,36,34,9.5423,8.5494,7.2343,6.0794,5.4058,4.3571,3.7100,2.4810,1.9410
2025-05-03T21:08:48.329762,4.350994044430148e-20,0,0,0.000821,29,29,29,29,29,29,28,23,19,3.2081,3.0729,2.8590,2.6127,2.3975,2.0699,1.8331,1.3667,1.1428
2025-05-04T02:50:57.385188,3.9833105094594614e-13,0,0,0.001548,33,31,31,30,29,29,29,22,19,6.0989,5.6377,5.0591,4.4931,4.0998,3.4322,2.9373,2.0437,1.6864
2025-05-04T09:06:51.904534,7.802495439386871e-32,0,0,0.000983,36,35,35,34,34,30,30,26,23,3.2578,3.0572,2.7867,2.5201,2.3165,1.9422,1.6721,1.1359,0.9095
2025-05-05T02:10:34.049510,2.3631889055471697e-06,0,0,0.002730,68,67,64,59,55,51,45,24,12,13.4115,12.0065,10.3244,8.8077,7.8440,6.3893,5.3704,3.5559,2.7990
2025-05-05T17:57:01.930004,4.78532311236568e-20,0,0,0.001617,40,39,38,35,34,32,30,27,24,8.5267,7.7632,6.7864,5.9216,5.3058,4.4606,3.8620,2.8281,2.3691
2025-05-05T19:08:00.890260,1.8228931632532283e-16,0,0,0.001764,37,34,34,33,28,25,24,23,21,11.2593,10.3925,9.3403,8.2935,7.5424,6.6052,5.9637,4.7370,4.1267
2025-05-06T02:32:21.282920,3.7100164154019663e-20,0,0,0.001711,36,36,36,35,33,31,29,22,17,5.9609,5.6386,5.1745,4.6292,4.2162,3.5430,3.0936,2.1414,1.7447
2025-05-07T01:07:25.660297,1.7688134225518566e-40,0,0,0.001899,44,44,42,42,42,40,39,32,28,6.3549,6.0384,5.6155,5.0842,4.6343,3.9774,3.4940,2.5052,2.0966
2025-05-08T02:52:57.246147,1.666331914759922e-23,0,0,0.000723,35,33,32,31,30,28,24,12,11,2.8047,2.5900,2.3195,2.0408,1.8426,1.5479,1.3186,0.8884,0.7204
2025-05-08T18:16:20.045323,5.526050732342085e-15,0,0,0.001488,36,34,32,31,31,31,30,26,24,9.1106,8.6319,7.9931,7.2754,6.6487,5.9204,5.4147,4.3926,3.8891
2025-05-08T18:17:16.200277,1.3504543283213044e-07,0,0,0.000903,22,21,21,21,20,20,20,17,17,5.4500,5.1841,4.7782,4.3244,3.9687,3.5281,3.2185,2.6046,2.2949
2025-05-09T04:52:00.794196,1.0460953041877282e-36,0,0,0.001786,37,37,37,36,34,33,32,29,26,5.8784,5.5104,5.0946,4.5254,4.1538,3.4791,2.9929,2.0909,1.6877
2025-05-09T15:16:09.946711,6.313228130543357e-07,0,0,0.000860,24,23,23,23,22,22,19,15,11,5.0736,4.6888,4.1671,3.6602,3.3088,2.8202,2.4723,1.8981,1.6210
2025-05-10T21:20:06.115175,1.441052285470562e-16,0,0,0.001104,28,27,26,23,22,21,19,18,15,4.3273,4.0982,3.7620,3.3889,3.1057,2.6747,2.3987,1.7820,1.4954
2025-05-11T21:24:53.027547,4.814451801130686e-10,0,0,0.001608,26,25,24,22,22,21,18,14,10,6.8339,6.2703,5.6174,4.9474,4.4707,3.7252,3.2428,2.2934,1.8792
2025-05-13T21:47:10.255475,2.1692636629228694e-09,0,0,0.001642,30,29,27,25,24,23,20,17,13,7.6809,6.9693,5.9899,5.1358,4.5345,3.6588,3.0874,2.1072,1.6917
2025-05-14T09:07:57.570075,3.8788107454101224e-09,0,0,0.000873,29,29,28,27,27,26,25,17,13,4.1190,3.7945,3.3214,2.8791,2.5820,2.1419,1.7905,1.1715,0.8756
2025-05-15T02:09:54.549663,4.598429930170702e-21,0,0,0.001728,34,32,32,32,28,28,27,18,14,6.6694,6.1789,5.5025,4.8061,4.3357,3.6113,3.0310,2.0361,1.6250
2025-05-15T02:09:55.073017,8.831037057832557e-32,0,0,0.001545,40,40,39,38,37,34,32,25,20,5.9374,5.5074,4.8801,4.2714,3.8344,3.1774,2.6663,1.8275,1.4561
2025-05-15T07:46:21.394497,7.18521208671204e-06,0,0,0.000391,16,16,15,15,15,13,13,11,8,1.7702,1.5956,1.3664,1.1556,1.0190,0.8223,0.6809,0.4410,0.3412
2025-05-15T13:40:16.831281,7.292614339741885e-06,0,0,0.001252,28,27,27,26,25,24,22,16,14,6.2239,5.8837,5.3994,4.8436,4.4041,3.8274,3.4272,2.6880,2.3105
2025-05-16T23:34:01.739179,3.152167733825312e-13,0,0,0.001019,21,20,20,20,20,19,19,18,16,5.1393,4.7039,4.0642,3.4610,3.0807,2.4873,2.0869,1.3602,1.0880
2025-05-17T20:32:33.277772,5.3684646687132645e-09,0,0,0.001344,29,28,28,27,26,25,23,18,16,5.5307,5.1581,4.6205,4.0591,3.6675,3.0430,2.6031,1.8449,1.4994
2025-05-18T07:48:33.098540,1.8061937813104504e-48,0,0,0.001425,55,54,54,53,53,50,44,36,32,5.6755,5.3193,4.7889,4.2253,3.8065,3.1710,2.7240,1.9662,1.6193
2025-05-18T22:08:43.469417,1.0574690740564308e-22,0,0,0.001363,27,27,27,27,26,24,23,21,19,4.8317,4.5983,4.2321,3.7888,3.4494,2.9366,2.5532,1.7863,1.4483
2025-05-19T07:08:26.001617,1.9170783057513465e-19,0,0,0.001292,35,33,29,28,28,28,24,19,18,7.8870,7.1033,5.9693,4.9650,4.3614,3.3885,2.7367,1.7168,1.2633
2025-05-19T13:47:17.589828,1.2626549501206951e-24,0,0,0.001972,38,36,35,34,32,29,28,25,22,10.5711,9.6438,8.4387,7.3472,6.5922,5.5405,4.8463,3.6024,3.0536
2025-05-19T18:24:34.729624,1.6336444897904102e-33,0,0,0.001690,44,44,43,42,42,39,38,27,23,8.1265,7.4693,6.4988,5.6248,4.9898,4.0688,3.4287,2.3822,1.9913
2025-05-20T11:31:41.509952,3.1243274826946187e-12,0,0,0.001391,32,32,32,30,30,29,29,23,23,7.8254,7.4629,6.9374,6.2862,5.7558,5.0645,4.6191,3.6903,3.2407
2025-05-21T06:57:34.036871,1.0907039782755316e-17,0,0,0.001775,31,31,30,29,29,28,25,20,19,7.3664,6.9638,6.3874,5.6953,5.1798,4.4331,3.8844,2.8607,2.3927
2025-05-23T18:45:41.152574,1.5365896953560571e-27,0,0,0.001717,45,45,45,43,41,38,33,27,23,7.4195,7.0120,6.3538,5.6089,5.0990,4.2639,3.6282,2.4203,1.9381
2025-05-24T14:59:44.110724,1.1855004895068878e-22,0,0,0.001922,35,35,34,31,31,29,28,22,16,10.2245,9.2664,8.0695,6.9445,6.1902,5.1108,4.4080,3.2053,2.6598
2025-05-25T13:25:53.777740,3.148883507524428e-09,0,0,0.001224,29,28,28,27,26,26,24,19,18,6.8786,6.2950,5.5235,4.7557,4.2290,3.4983,3.0402,2.2483,1.8991
2025-05-27T21:16:00.767940,1.6962820207226231e-10,0,0,0.000706,21,21,21,21,20,20,20,18,13,2.2207,2.1287,1.9785,1.7935,1.6363,1.3810,1.1984,0.8319,0.6907
2025-05-28T12:29:58.678315,5.869761145092838e-06,0,0,0.001102,21,20,19,19,19,17,17,14,10,4.9039,4.6245,4.2216,3.7563,3.3939,2.9158,2.5747,1.9157,1.6374
2025-05-31T19:31:22.429654,8.306400510424494e-06,0,0,0.000786,19,19,18,17,16,16,16,14,11,3.1516,2.9555,2.6530,2.3413,2.1278,1.8118,1.5541,1.0762,0.8833
2025-06-07T08:36:46.482742,9.154207143020916e-07,0,0,0.000870,22,22,21,19,18,17,17,13,11,4.3816,4.0050,3.4703,2.9821,2.6587,2.1877,1.8744,1.3274,1.0892
2025-06-08T10:43:55.344500,2.8632790655597463e-98,0,0,0.030373,2855,2460,1873,1369,1128,692,415,141,66,185.5361,165.8704,140.8970,118.6235,105.4618,87.2380,74.1224,50.2228,39.2241
2025-06-08T14:26:43.385598,1.6244322934074662e-30,0,0,0.001562,45,44,44,44,44,41,41,37,37,7.8408,6.9399,5.7960,4.8951,4.2797,3.3835,2.7942,1.7813,1.3963
2025-06-09T09:59:35.458582,1.5278508334804614e-38,0,0,0.001203,46,45,45,44,43,43,41,39,34,5.4354,4.9469,4.3381,3.7548,3.3702,2.8070,2.4036,1.6708,1.3500
2025-06-09T16:17:22.186996,4.655154377804046e-10,0,0,0.000617,20,20,20,20,19,18,14,14,11,2.5961,2.3505,2.0264,1.7429,1.5559,1.2645,1.0523,0.7049,0.5372
2025-06-10T14:06:48.003821,1.3588220515678231e-43,0,0,0.001503,43,43,41,40,40,40,40,38,35,6.3506,5.8109,5.0936,4.3777,3.8782,3.1548,2.6280,1.7163,1.3709
2025-06-12T09:06:53.387861,5.951267317574969e-20,0,0,0.001211,32,31,31,28,28,28,27,24,20,5.6629,5.1657,4.4886,3.8501,3.4458,2.8648,2.4036,1.6776,1.3578
2025-06-12T14:53:16.612989,1.7707713309942684e-07,0,0,0.003661,129,129,126,123,120,117,114,99,90,45.8103,43.5176,40.3632,37.2310,35.4560,32.2869,29.2397,22.6870,17.6060
2025-06-12T14:53:16.618871,8.910461700383952e-08,0,0,0.007600,275,269,262,255,250,244,233,207,180,94.8850,90.1254,83.5694,77.0326,73.3247,66.7534,60.4354,46.7976,36.2766
2025-06-12T14:53:16.684621,9.77210173575533e-08,0,0,0.002680,96,95,93,88,85,83,80,72,62,34.0036,32.3130,29.9795,27.6555,26.3425,23.9887,21.7121,16.9152,13.2038
2025-06-12T14:53:17.439633,1.3484488817757888e-06,0,0,0.002756,130,124,118,113,107,102,93,76,57,36.5476,34.7367,32.2355,29.7077,28.2810,25.6781,23.2019,17.8750,13.9248
2025-06-13T00:18:40.163558,1.796301351402747e-10,0,0,0.000920,24,23,21,20,20,18,18,16,15,4.4267,4.1186,3.6846,3.2219,2.8929,2.4450,2.1211,1.5473,1.2885
2025-06-13T17:31:11.336966,1.3048308993022223e-11,0,0,0.001189,22,22,21,20,19,16,15,13,11,4.5302,4.1987,3.7183,3.2379,2.8962,2.3732,1.9967,1.3169,1.0166
2025-06-14T17:37:19.830247,4.706990735727653e-09,0,0,0.001187,22,21,20,19,19,18,17,15,13,5.4500,4.9033,4.1815,3.5592,3.1521,2.5323,2.1132,1.3686,1.0731
2025-06-17T01:35:29.569682,2.146468328432969e-07,0,0,0.001354,26,25,25,25,24,24,22,15,10,6.7023,6.2934,5.7039,5.0666,4.6228,3.9492,3.4849,2.5918,2.1746
2025-06-18T11:12:11.197239,7.548333618618795e-16,0,0,0.000473,20,20,20,20,20,20,20,18,18,1.8717,1.7252,1.5090,1.2895,1.1533,0.9570,0.7964,0.5439,0.4223
2025-06-19T09:25:20.835009,8.758327990488517e-06,0,0,0.000276,14,14,14,14,14,14,13,13,12,1.3348,1.2264,1.0816,0.9281,0.8435,0.7152,0.6139,0.4306,0.3474
2025-06-21T09:13:47.037147,6.312398126761243e-09,0,0,0.003411,115,105,87,71,62,47,29,12,3,19.9252,17.8476,15.1997,12.8310,11.4390,9.4699,7.9763,5.4094,4.3551
2025-06-21T09:13:47.041063,5.3564328060997297e-79,0,0,0.022387,1524,1293,973,698,559,349,194,64,36,119.3634,107.6724,92.8156,79.4399,71.3444,59.9813,51.1961,35.2991,28.5604
2025-06-21T19:29:59.566152,5.6464167143954856e-08,0,0,0.001214,25,25,24,23,23,23,22,19,18,6.7236,6.2368,5.6022,4.9369,4.4942,3.8768,3.4378,2.6647,2.2999
2025-06-22T16:48:25.802563,4.7154310853665855e-06,0,0,0.001382,25,25,24,22,21,20,17,12,8,8.3234,7.5354,6.4277,5.4693,4.8509,3.9966,3.4103,2.4653,1.9788
2025-06-24T15:37:25.306405,2.1333814309412495e-11,0,0,0.000714,24,24,23,22,22,20,20,20,19,4.1636,3.7857,3.2902,2.8286,2.5358,2.1016,1.8128,1.3180,1.0775
2025-06-24T18:39:20.376947,2.011604406982307e-28,0,0,0.001353,49,48,47,45,43,39,39,35,31,7.6876,7.1881,6.4788,5.7244,5.1914,4.4992,4.0365,3.1427,2.7231
2025-06-27T10:02:10.124161,8.958629836551556e-10,0,0,0.001219,24,24,23,22,22,22,21,18,15,5.6173,5.0706,4.3675,3.6829,3.2605,2.6455,2.2225,1.4997,1.1975
2025-06-28T01:39:08.258424,3.282589257205136e-12,0,0,0.001611,34,34,32,29,29,27,24,19,17,8.5090,7.9891,7.1746,6.2992,5.7036,4.7589,4.0104,2.6435,2.0121
2025-06-29T15:19:30.145070,3.3712692439791596e-17,0,0,0.001734,42,40,38,34,32,29,29,24,21,10.4969,9.2823,7.8600,6.6593,5.9517,4.9428,4.3114,3.2149,2.7105
2025-06-30T15:14:00.520478,3.5394463723648587e-25,0,0,0.001623,43,43,41,41,40,40,40,37,34,8.4790,7.9650,7.2732,6.4822,5.9453,5.1764,4.6420,3.6460,3.1501
2025-07-01T06:01:58.912930,1.7658085129672191e-06,0,0,0.000074,12,12,12,12,12,12,12,12,12,0.3577,0.3263,0.2871,0.2477,0.2213,0.1853,0.1566,0.1076,0.0875
2025-07-01T18:34:47.461073,6.778196981424449e-11,0,0,0.000895,21,21,21,20,19,19,17,16,12,4.6558,4.4474,4.1409,3.7486,3.4272,3.0443,2.7600,2.2054,1.9193
2025-07-02T04:05:08.152970,9.092243775519733e-19,0,0,0.001739,40,38,34,33,32,29,28,20,17,5.9153,5.5921,5.0888,4.5013,4.0814,3.4412,2.9924,2.0886,1.6986
2025-07-02T07:59:01.277781,6.5236837039089305e-06,0,0,0.000925,24,24,24,23,23,23,22,20,17,4.8254,4.3882,3.7878,3.2324,2.8792,2.3667,1.9691,1.2950,1.0007
2025-07-02T15:28:11.732212,3.034966981490887e-17,0,0,0.001311,37,36,36,36,32,29,28,22,20,8.3659,7.9461,7.3145,6.6186,6.0895,5.4546,4.9759,4.1158,3.6337
2025-07-04T08:16:27.082866,4.1395060179224105e-09,0,0,0.002823,83,82,79,74,70,63,55,40,28,17.0078,15.9542,14.4187,12.7904,11.7639,10.0273,8.4832,5.5818,4.1133
2025-07-04T08:16:27.300283,1.0553451202018756e-09,0,0,0.002253,70,69,67,64,60,58,54,38,29,13.6022,12.7476,11.5324,10.2477,9.4250,8.0277,6.7863,4.4502,3.2862
2025-07-04T08:16:27.324164,4.087261554397258e-18,0,0,0.009723,359,354,346,334,325,311,288,213,154,57.4590,53.8203,48.6150,43.1594,39.6237,33.6966,28.4079,18.6603,13.9118
2025-07-05T09:56:54.114609,3.931529450869198e-07,0,0,0.001231,21,21,21,20,20,17,17,15,13,4.6698,4.5181,4.2607,3.9001,3.5923,3.1521,2.8214,2.1338,1.8161
2025-07-07T12:10:09.867565,6.633866245778236e-11,0,0,0.001331,31,30,29,27,27,26,24,22,18,7.4907,6.9362,6.1967,5.3792,4.8610,4.1591,3.6738,2.8100,2.3851
2025-07-08T06:14:50.451339,2.448508099719675e-19,0,0,0.001576,35,33,33,31,30,27,26,23,19,8.2127,7.6198,6.7163,5.8201,5.2311,4.3006,3.5938,2.2820,1.7018
2025-07-09T03:09:08.258646,2.1875421013984207e-19,0,0,0.001774,31,31,31,30,29,29,27,20,16,6.3703,6.0755,5.6276,5.0909,4.7208,4.0955,3.5794,2.5526,2.0984
2025-07-09T04:52:44.190526,2.5031935228014737e-07,0,0,0.000588,21,21,21,21,21,20,19,14,10,2.2353,2.0916,1.8953,1.6820,1.5392,1.3013,1.1024,0.7585,0.6076
2025-07-09T18:48:52.500844,2.507005366417948e-17,0,0,0.000853,22,22,22,21,21,18,18,15,13,3.1738,3.0277,2.8188,2.5284,2.3130,1.9826,1.7194,1.2558,1.0382
2025-07-10T03:35:08.376525,1.3325216501089568e-19,0,0,0.000946,31,31,29,29,27,26,26,23,22,4.4512,3.9963,3.4287,2.9108,2.5677,2.0818,1.7707,1.1496,0.8954
2025-07-11T03:47:10.410953,2.1233862567302965e-17,0,0,0.001448,32,31,30,28,27,25,23,16,13,6.3341,5.7644,5.0133,4.2805,3.7941,3.1074,2.6101,1.7281,1.3822
2025-07-11T19:22:57.836946,2.81674799345179e-09,0,0,0.001539,28,26,25,22,22,19,17,13,10,6.2391,5.8956,5.3647,4.7297,4.3208,3.6275,3.1207,2.2735,1.8686
2025-07-12T05:05:15.681146,4.233059683422755e-10,0,0,0.001804,22,22,21,20,20,19,19,16,13,6.0598,5.7810,5.3682,4.8599,4.4581,3.8075,3.3237,2.3926,1.9698
2025-07-12T06:44:10.547430,5.158293098800324e-19,0,0,0.001951,35,35,35,33,33,33,33,27,24,7.3302,7.0572,6.6197,6.0817,5.6127,4.9131,4.3721,3.3434,2.8369
2025-07-13T08:39:47.149887,3.7191159494274675e-19,0,0,0.001203,42,42,40,39,39,38,34,31,24,5.7434,5.4512,5.0228,4.4876,4.1285,3.6133,3.2159,2.5141,2.1940
2025-07-13T12:12:13.321955,5.980972190593353e-07,0,0,0.001212,29,28,28,26,23,23,20,14,10,5.9131,5.5477,5.0463,4.4997,4.0939,3.5876,3.2057,2.4956,2.1412
2025-07-20T18:52:01.808633,6.093919034622181e-16,0,0,0.001669,32,30,29,27,26,25,24,22,22,7.4944,6.8336,5.9064,5.0061,4.4009,3.5057,2.9258,1.8957,1.4878
2025-07-20T20:16:08.353540,2.565705070435699e-13,0,0,0.000741,26,26,26,26,26,24,20,20,18,3.3907,3.1373,2.8023,2.4565,2.2399,1.9101,1.6246,1.1519,0.9191
2025-07-22T12:13:29.192595,8.06182021293365e-13,0,0,0.001572,27,26,25,23,22,21,20,18,14,7.2551,6.7390,5.9895,5.2313,4.6962,3.9197,3.3592,2.3239,1.8594
2025-07-22T20:49:59.512102,4.731141734474012e-34,0,0,0.001324,42,42,42,41,41,40,37,30,25,6.0957,5.8169,5.3415,4.8420,4.4802,3.9192,3.3327,2.2267,1.6804
2025-07-22T20:51:18.887800,2.2136335639302902e-10,0,0,0.001247,26,25,24,24,23,22,21,19,17,4.2078,4.0139,3.7185,3.3809,3.1390,2.7448,2.3984,1.6993,1.3843
2025-07-24T16:03:49.349416,4.224556513637067e-12,0,0,0.001199,27,25,25,25,25,22,22,17,16,6.3929,5.8103,5.0292,4.2268,3.7242,2.9763,2.4683,1.5484,1.1494
2025-07-24T23:04:31.544108,1.949270340142963e-33,0,0,0.001431,42,42,42,40,39,36,30,24,23,5.9627,5.6664,5.2096,4.6603,4.2664,3.6210,3.1049,2.0432,1.5705
2025-07-25T16:40:37.075609,2.262326396430107e-06,0,0,0.001864,28,28,28,27,27,25,24,20,18,6.2603,5.9684,5.5316,4.9913,4.5978,3.9322,3.4248,2.4241,1.9327
2025-07-26T15:14:03.306676,4.801007807752327e-20,0,0,0.001879,37,37,36,35,33,31,30,25,20,6.8291,6.4419,5.9095,5.2585,4.7849,4.0902,3.4990,2.4532,2.0091
2025-07-29T17:43:28.791176,7.128655214420502e-12,0,0,0.000970,25,25,25,24,23,23,23,23,18,3.1241,3.0006,2.8042,2.5318,2.3363,2.0302,1.7416,1.2375,1.0126
2025-08-01T11:38:47.047194,6.1222898820600564e-33,0,0,0.001950,50,49,48,46,44,43,40,36,35,9.1021,8.4462,7.5864,6.7246,6.1465,5.2818,4.5638,3.2343,2.5961
2025-08-01T16:09:19.260403,5.482497182409802e-12,0,0,0.000923,24,24,23,22,21,19,18,13,13,4.5746,4.0754,3.4451,2.8591,2.4941,1.9836,1.6456,1.0414,0.8028
2025-08-03T08:44:37.914429,3.7395748148816144e-06,0,0,0.000594,17,16,16,16,16,16,15,13,12,3.2845,2.9983,2.5696,2.2009,1.9678,1.6069,1.3272,0.8568,0.6648
2025-08-03T16:40:24.509267,5.394594568132116e-39,0,0,0.001820,49,47,46,45,45,44,43,40,37,8.2710,7.5430,6.4657,5.4674,4.7881,3.8551,3.2025,2.1114,1.6757
2025-08-05T09:17:35.951914,9.057674306830176e-12,0,0,0.001522,27,27,26,25,24,23,21,17,16,8.0989,7.4109,6.5316,5.6145,5.0987,4.2639,3.5944,2.4775,1.9617
2025-08-06T14:50:37.114856,1.0735933737968131e-09,0,0,0.000763,20,20,18,18,18,16,16,15,9,2.9919,2.7838,2.4589,2.1406,1.9310,1.5927,1.3510,0.9037,0.7225
2025-08-07T04:46:43.252260,4.4597510984260883e-08,0,0,0.000219,15,15,15,15,15,15,15,13,13,1.0326,0.9452,0.8222,0.7056,0.6233,0.5180,0.4411,0.3045,0.2504
2025-08-08T15:25:30.420756,4.382877057506674e-16,0,0,0.001709,33,32,32,31,31,30,28,23,18,7.9747,7.5621,6.9018,6.1586,5.6787,4.8285,4.0318,2.5549,1.8653
2025-08-09T09:57:29.044152,1.1619236617010525e-61,0,0,0.001716,61,61,61,59,58,56,53,45,39,5.8941,5.5864,5.0967,4.5655,4.1599,3.5368,3.0315,2.1129,1.6986
2025-08-10T13:40:56.173774,1.6875670707356082e-10,0,0,0.001065,23,22,22,22,21,20,20,17,16,4.8130,4.4134,3.7986,3.2106,2.8298,2.2882,1.9030,1.2172,0.9596
2025-08-17T04:11:46.384629,2.7002919284252283e-25,0,0,0.001509,36,35,35,32,32,28,27,24,23,6.6366,6.1862,5.5529,4.8951,4.4828,3.8274,3.3213,2.4510,2.0417
2025-08-18T09:38:44.812093,5.0936065799958374e-11,0,0,0.001256,21,21,21,19,19,17,17,15,14,6.3929,5.7883,4.9929,4.2469,3.7661,3.0613,2.5710,1.6645,1.3023
2025-08-23T19:58:30.858103,2.9774692691990463e-24,0,0,0.001757,45,45,42,40,40,38,36,28,25,7.3183,6.8923,6.3049,5.6198,5.1140,4.4032,3.8167,2.7820,2.3383
2025-08-24T20:14:25.081323,2.796296595161483e-37,0,0,0.001886,44,43,43,41,39,36,30,22,20,6.7856,6.5056,6.1141,5.5331,5.0721,4.3939,3.8729,2.8042,2.3231
2025-08-24T21:52:40.034277,1.5848868513366038e-19,0,0,0.001535,33,32,30,30,29,28,25,23,21,5.6361,5.4027,5.0244,4.5771,4.2290,3.6693,3.2010,2.3428,1.9436
2025-08-25T20:25:49.454948,7.220286579345724e-17,0,0,0.001078,27,27,27,27,27,24,24,17,9,3.9195,3.7442,3.4807,3.1567,2.8888,2.5039,2.2241,1.6214,1.3410
2025-08-25T20:26:53.798983,2.570695073149215e-10,0,0,0.001830,26,26,26,25,23,22,22,20,16,6.5161,6.2489,5.8386,5.3145,4.8810,4.2267,3.7063,2.6637,2.2256
2025-08-25T20:29:00.339326,4.3570520410745614e-24,0,0,0.000798,30,30,29,29,29,28,28,27,21,2.8655,2.7454,2.5749,2.3379,2.1360,1.8668,1.6419,1.1994,1.0019
2025-08-26T19:50:01.720037,2.2562786664529493e-07,0,0,0.000950,19,19,19,18,17,17,17,14,9,4.6744,4.2584,3.6965,3.1567,2.7897,2.2619,1.9332,1.3248,1.0623
2025-08-26T22:53:04.124957,1.8741256476970069e-35,0,0,0.001737,47,46,45,45,45,42,42,32,26,8.2771,7.5823,6.5716,5.5724,4.9426,4.0205,3.3959,2.3072,1.8791
2025-08-27T03:38:34.454557,8.98806151102234e-32,0,0,0.001410,43,43,43,40,38,37,36,36,32,6.1364,5.6600,4.9778,4.2642,3.8661,3.2565,2.7787,1.9633,1.5952
2025-08-27T22:37:55.291612,9.559706924856304e-37,0,0,0.001597,50,50,49,48,47,44,39,35,30,7.1856,6.8227,6.2799,5.6266,5.1878,4.4925,3.7908,2.5963,2.0164
2025-08-28T05:35:54.661671,6.626026885441345e-11,0,0,0.001166,22,22,22,22,22,22,22,20,13,6.3043,5.7566,5.0311,4.2667,3.7814,3.1042,2.5800,1.6566,1.2579
2025-08-28T05:36:03.843172,7.594063763686803e-22,0,0,0.001145,34,34,33,30,29,28,28,23,20,5.9268,5.4122,4.7072,4.0208,3.5888,2.9169,2.4155,1.5822,1.1884
2025-08-28T21:22:31.890236,4.2111315926262847e-16,0,0,0.001459,25,24,24,24,23,22,21,18,13,5.4322,5.2030,4.8545,4.3895,4.0727,3.5488,3.0801,2.2327,1.8355
2025-08-28T23:05:17.582170,4.7966436849726937e-17,0,0,0.001829,35,34,33,32,29,28,26,22,16,7.3113,6.9131,6.3654,5.6753,5.2421,4.5964,3.9572,2.8774,2.3333
2025-08-29T02:34:48.652544,2.129754106372257e-13,0,0,0.001758,34,32,31,29,29,26,21,18,16,7.6002,6.9875,6.0926,5.2500,4.7270,3.9040,3.2523,2.2108,1.7731
2025-08-29T04:17:40.100539,2.8991480346393663e-35,0,0,0.001900,55,53,52,52,50,49,49,41,36,8.7619,7.9798,6.9205,5.8678,5.1817,4.2049,3.5130,2.3318,1.8654
2025-08-29T13:52:47.926267,1.1882223218319737e-23,0,0,0.001817,46,46,43,42,42,40,35,33,31,9.7750,9.1795,8.2444,7.2395,6.5549,5.6473,4.9958,3.8827,3.3440
2025-08-29T19:53:13.896480,3.91611267125246e-13,0,0,0.001081,21,21,21,21,21,21,19,15,14,3.9631,3.8048,3.5695,3.2501,3.0038,2.6364,2.3411,1.6772,1.3960
2025-08-29T19:58:59.382560,2.666927635463639e-13,0,0,0.000970,21,21,21,20,20,20,19,16,15,3.4959,3.3372,3.0844,2.7777,2.5372,2.2026,1.9395,1.3967,1.1537
2025-08-30T02:43:28.564809,2.3096066797746737e-16,0,0,0.000714,27,26,26,26,25,23,21,20,15,3.1863,2.9628,2.6328,2.2942,2.0915,1.7619,1.5001,1.0331,0.8301
2025-08-30T04:28:31.101593,6.60801965042325e-08,0,0,0.001200,27,27,26,23,23,23,21,15,14,6.2646,5.7186,4.9950,4.2562,3.8150,3.1035,2.5690,1.6757,1.2763
2025-08-30T20:14:57.750378,2.689828933879006e-10,0,0,0.000843,22,22,22,22,21,19,16,14,10,3.1059,2.9777,2.7742,2.5068,2.3212,2.0453,1.8103,1.3232,1.0899
2025-08-31T05:46:43.758386,6.0858353204941e-20,0,0,0.001177,31,31,31,31,30,28,27,22,19,4.5684,4.3294,4.0286,3.6369,3.3402,2.8855,2.5413,1.8523,1.5604
2025-08-31T10:31:17.512852,9.654939973402105e-08,0,0,0.001697,38,38,37,35,34,34,29,24,22,9.5529,9.1852,8.7207,7.9836,7.3828,6.6175,6.0749,5.0199,4.4645
2025-08-31T22:12:09.167890,4.169102804270846e-09,0,0,0.001863,30,29,29,26,24,22,20,18,13,9.2172,8.3506,7.2328,6.2392,5.6144,4.7130,3.9641,2.8020,2.2826
2025-09-01T07:49:19.398533,3.248551490293637e-11,0,0,0.000969,27,26,26,25,24,22,20,14,10,4.0849,3.9327,3.7027,3.3788,3.1321,2.7651,2.4876,1.9375,1.6434
2025-09-04T02:25:08.468286,6.101719950025866e-42,0,0,0.001421,51,51,50,50,48,41,39,32,26,6.4514,5.9389,5.2284,4.5021,4.0686,3.3344,2.7775,1.8473,1.4325
2025-09-04T12:16:39.670270,4.882119654901468e-41,0,0,0.001662,46,44,43,42,42,40,40,37,31,8.5171,7.8532,6.8854,5.9327,5.2855,4.4084,3.7914,2.7573,2.3502
2025-09-04T14:42:16.504176,3.2384154535676726e-20,0,0,0.001552,29,29,29,29,29,29,26,23,21,5.6890,5.4147,5.0110,4.4733,4.0579,3.4543,2.9974,2.1273,1.7636
2025-09-06T04:02:29.380415,7.650932238277921e-07,0,0,0.001471,27,27,27,26,26,23,22,18,13,6.2918,5.9775,5.5065,4.9285,4.4954,3.8855,3.4234,2.5831,2.1730
2025-09-06T04:03:12.438984,4.84530261935745e-07,0,0,0.001360,32,31,30,28,26,23,22,19,17,5.7910,5.4778,5.0780,4.5512,4.1288,3.5518,3.1376,2.3202,1.9747
2025-09-06T09:05:19.844058,2.0252873065685219e-07,0,0,0.001766,28,28,28,28,27,27,26,22,19,9.0264,8.5518,7.8588,7.0757,6.5004,5.7423,5.2000,4.0958,3.5552
2025-09-06T20:26:34.563292,1.2582072142986858e-11,0,0,0.001637,28,28,28,26,26,26,24,19,17,7.3019,6.8712,6.2586,5.5294,5.0763,4.3388,3.7386,2.6473,2.1215
2025-09-08T00:08:39.126841,8.404225400439302e-12,0,0,0.001536,33,33,33,33,33,29,29,24,19,6.2022,5.8407,5.3047,4.6810,4.2745,3.6383,3.1054,2.0783,1.5678
2025-09-08T11:32:01.928924,8.726305135108568e-28,0,0,0.001625,38,38,38,38,38,35,33,28,24,7.3462,6.7774,5.9657,5.1828,4.6280,3.8188,3.2648,2.3497,1.9180
2025-09-08T12:28:56.928799,3.818960632410115e-07,0,0,0.001278,22,22,21,20,19,18,18,17,15,5.3181,4.9263,4.3931,3.8277,3.4423,2.9021,2.4851,1.7628,1.4530
2025-09-08T13:15:24.627807,2.0770788790028803e-11,0,0,0.001342,23,23,22,21,21,21,19,18,17,6.0837,5.5483,4.7939,4.0734,3.6092,3.0175,2.5647,1.7785,1.4233
2025-09-08T16:19:15.156327,1.6533440037464463e-16,0,0,0.001563,29,29,27,25,25,24,24,23,18,5.3719,5.0664,4.6314,4.1001,3.7283,3.1663,2.7029,1.8890,1.5472
2025-09-08T21:00:25.019403,7.811994984360357e-20,0,0,0.001704,30,29,29,27,27,25,24,22,20,7.5787,6.9160,6.0881,5.2679,4.7851,4.0148,3.4046,2.3237,1.8676
2025-09-09T11:51:25.661375,3.389620974511153e-23,0,0,0.001710,37,37,36,34,34,32,31,23,14,6.8322,6.3598,5.7319,5.0669,4.5747,3.8898,3.3345,2.3500,1.9605
2025-09-09T14:24:42.242496,4.9002241212083006e-08,0,0,0.000633,19,19,19,19,19,17,16,13,9,2.6784,2.4831,2.2037,1.9182,1.7404,1.4652,1.2625,0.9015,0.7289
2025-09-09T19:34:29.718865,3.7271295022966206e-21,0,0,0.001310,31,30,29,29,29,26,23,21,19,4.9491,4.7195,4.3834,3.9573,3.6814,3.2182,2.7848,2.0193,1.6495
2025-09-09T21:14:27.987879,1.4447202183778315e-14,0,0,0.000982,21,21,21,21,21,21,20,18,17,3.6043,3.4550,3.2269,2.9313,2.7125,2.3837,2.0682,1.4751,1.1909
2025-09-10T21:34:37.948049,7.351025480974448e-44,0,0,0.001030,41,41,40,38,38,35,33,26,21,3.3349,3.1841,2.9739,2.6940,2.4761,2.1629,1.8664,1.3062,1.0544
2025-09-11T13:13:01.580870,1.4227271454469023e-11,0,0,0.001726,32,31,29,27,27,24,23,17,15,7.9110,7.2711,6.3663,5.4483,4.8573,4.0361,3.4198,2.3929,1.9196
2025-09-11T20:08:53.893211,1.641720045745289e-33,0,0,0.001092,39,39,39,39,38,36,35,29,24,3.6649,3.5209,3.2766,2.9821,2.7681,2.4184,2.1190,1.5228,1.2387
2025-09-12T15:46:04.393392,2.513926930218828e-25,0,0,0.001485,32,32,31,30,30,28,28,23,22,5.3430,4.9830,4.5127,3.9712,3.6097,2.9992,2.5860,1.7940,1.4475
2025-09-13T14:19:06.278984,1.1023311734906124e-10,0,0,0.001720,28,28,27,24,23,21,21,19,18,6.9669,6.3832,5.6396,4.8482,4.3296,3.6251,3.0474,2.0301,1.6366
2025-09-14T12:16:35.656944,3.927798127375145e-07,0,0,0.000345,18,18,17,16,15,13,12,12,12,1.7024,1.5546,1.3487,1.1458,1.0130,0.8248,0.6892,0.4559,0.3593
2025-09-14T16:56:34.887287,7.308313760688779e-08,0,0,0.000897,22,22,21,21,20,20,18,17,15,3.8670,3.5341,3.0964,2.6520,2.3317,1.8887,1.5715,1.0157,0.7969
2025-09-16T09:30:12.555944,7.223198475341348e-30,0,0,0.001742,48,48,44,42,42,42,42,39,37,8.0860,7.4411,6.4989,5.5874,4.9857,4.1244,3.4373,2.3631,1.9126
2025-09-19T07:00:54.645940,2.634815132650192e-13,0,0,0.001590,25,25,25,24,24,23,22,17,15,5.9079,5.5899,5.1635,4.6448,4.2216,3.6217,3.1664,2.2630,1.8920
2025-09-22T16:23:51.137449,5.937030370693201e-06,0,0,0.000672,18,18,18,18,17,16,16,13,10,2.6224,2.4412,2.1867,1.9016,1.7281,1.4258,1.2136,0.8325,0.6676
2025-09-22T16:23:55.673519,4.76836145847042e-37,0,0,0.001406,44,43,40,39,39,38,36,33,32,5.4799,5.0957,4.5426,3.9660,3.6038,2.9910,2.5507,1.7099,1.3528
2025-09-24T01:43:27.941928,1.456324709111685e-09,0,0,0.001494,32,31,31,31,29,29,28,26,22,8.8485,8.1981,7.3002,6.3759,5.7571,4.9513,4.4035,3.4452,2.9729
2025-09-29T22:59:28.803714,8.196994913098901e-06,0,0,0.001062,24,24,23,20,18,18,16,14,11,5.2168,4.8543,4.3608,3.8282,3.4704,2.9195,2.5773,1.8983,1.5990
2025-09-30T02:10:02.378781,7.65115564507406e-10,0,0,0.001584,30,29,28,26,25,22,21,18,14,7.0648,6.5056,5.7144,4.9288,4.4072,3.5840,3.0536,2.0664,1.6736
2025-10-01T13:09:45.161208,6.813989398556827e-16,0,0,0.001857,28,27,27,26,24,24,21,18,14,8.3295,7.6927,6.7004,5.6780,5.0628,4.0639,3.4393,2.3035,1.8420
2025-10-03T23:44:39.635915,1.5729391173229613e-21,0,0,0.001736,37,37,37,35,32,31,26,23,20,8.2795,7.5974,6.6434,5.7079,5.1091,4.1674,3.5747,2.5015,2.0464
2025-10-04T00:51:36.703422,5.284275553253845e-25,0,0,0.001819,35,35,34,32,31,31,29,27,23,7.7896,7.2687,6.4667,5.6775,5.0841,4.2646,3.6794,2.5512,2.1268
2025-10-04T18:57:11.936612,7.412993611149554e-12,0,0,0.001244,31,30,29,29,27,27,26,23,19,7.1895,6.7327,6.0510,5.3354,4.8347,4.1567,3.6836,2.8549,2.4384
2025-10-05T09:47:43.869929,4.905146996193088e-06,0,0,0.000961,24,24,24,24,24,24,24,19,16,4.3352,3.9644,3.4198,2.9107,2.5661,2.0686,1.7279,1.1610,0.8955
2025-10-06T07:38:02.064624,5.479546446538739e-40,0,0,0.001151,40,40,40,40,40,39,38,36,34,4.1365,3.8755,3.4721,3.0442,2.7530,2.2787,1.9468,1.3288,1.0463
2025-10-07T14:40:17.679054,1.2349518032415156e-30,0,0,0.001375,43,43,42,39,39,38,36,34,32,7.3678,6.8935,6.2727,5.5575,5.0735,4.3665,3.8909,3.0082,2.5631
2025-10-07T19:20:58.766686,1.486022352500286e-64,0,0,0.000515,66,66,64,63,62,62,60,54,50,2.4548,2.3575,2.2006,2.0027,1.8360,1.6295,1.4758,1.1816,1.0274
2025-10-08T08:53:39.119946,1.6689670940976086e-06,0,0,0.001118,22,20,20,19,19,18,17,16,16,5.2834,4.7973,4.1259,3.4602,3.0514,2.4579,2.0644,1.3506,1.0565
2025-10-08T20:05:00.883251,1.137094534355663e-21,0,0,0.001680,30,28,28,27,27,21,21,20,18,8.0174,7.4353,6.5809,5.7188,5.1317,4.2756,3.7096,2.6507,2.2383
2025-10-10T05:23:10.476005,9.1125830336401e-11,0,0,0.001656,27,26,25,23,22,21,20,17,14,7.7598,7.0129,6.0067,5.0650,4.4687,3.5570,2.9557,1.9169,1.4854
2025-10-10T12:13:13.370755,1.0589086924406262e-26,0,0,0.001567,45,44,42,41,41,39,35,33,31,8.7420,8.0432,7.0302,6.0583,5.4568,4.5649,3.9974,2.9741,2.5127
2025-10-10T19:09:39.334352,6.318105166933268e-06,0,0,0.001392,27,26,23,22,20,20,19,17,15,6.2190,5.8225,5.2404,4.5894,4.1500,3.4660,3.0005,2.1063,1.7442
2025-10-11T19:19:21.235836,4.827085164320403e-35,0,0,0.001729,49,48,48,46,46,44,43,41,38,8.5382,7.8205,6.8163,5.8514,5.1825,4.2639,3.6282,2.5096,2.0712
2025-10-12T17:52:39.582018,1.483203635318447e-06,0,0,0.000925,19,19,19,19,19,18,18,17,15,4.6381,4.3031,3.8019,3.2842,2.9367,2.4377,2.1242,1.5263,1.2586
2025-10-13T03:26:44.479301,4.175474175440382e-06,0,0,0.000258,16,16,16,16,16,16,13,10,6,1.0971,1.0111,0.8942,0.7743,0.6956,0.5752,0.4938,0.3341,0.2718
2025-10-13T04:22:45.717878,1.6186463669359752e-10,0,0,0.001085,25,24,23,21,21,18,18,15,15,5.0186,4.5375,3.9018,3.3286,2.9548,2.3909,2.0117,1.3442,1.0533
2025-10-13T06:08:43.457387,2.6123960779709137e-18,0,0,0.001473,30,30,29,28,27,23,22,16,14,5.7150,5.2999,4.7159,4.1200,3.6959,3.0502,2.5986,1.7483,1.3793
2025-10-13T18:13:22.440580,1.0042503390233174e-11,0,0,0.001044,22,22,21,20,20,20,20,19,19,5.1039,4.6942,4.1532,3.5896,3.2131,2.6041,2.2182,1.5923,1.3034
2025-10-13T19:00:55.089649,1.9375243661954065e-12,0,0,0.001406,31,31,31,31,30,26,25,20,15,6.8189,6.3658,5.7779,5.1580,4.7384,4.1213,3.6271,2.6798,2.1899
2025-10-14T04:38:25.448746,6.5525517217788026e-12,0,0,0.000600,24,24,23,23,23,23,21,21,19,2.4987,2.2954,2.0036,1.7202,1.5412,1.2397,1.0433,0.6994,0.5424
2025-10-14T06:17:16.986546,1.499925565349081e-17,0,0,0.001270,36,36,34,33,32,30,29,23,19,5.1916,4.8048,4.2763,3.7317,3.3642,2.7722,2.3527,1.5631,1.2661
2025-10-14T16:52:58.071138,6.922283931930316e-13,0,0,0.001397,26,26,26,25,25,23,22,21,20,6.9107,6.3851,5.6880,4.9542,4.4307,3.6575,3.1932,2.3184,1.9148
2025-10-16T14:59:19.882552,1.6241949074875722e-08,0,0,0.002355,76,75,74,72,71,66,66,46,40,16.9035,15.8759,14.4605,13.0582,12.1008,10.5106,9.4711,7.3528,6.0801
2025-10-17T14:25:57.599587,5.948533950138011e-19,0,0,0.001390,32,32,32,32,32,29,28,26,20,7.2476,6.7323,5.9776,5.2433,4.7189,3.9607,3.4883,2.6220,2.2219
2025-10-17T20:13:37.783022,2.5849919056791065e-06,0,0,0.000986,23,23,23,20,16,14,13,9,8,4.8321,4.4362,3.8749,3.3356,2.9790,2.4566,2.1095,1.4641,1.1713
2025-10-18T02:20:33.401389,9.307687102221415e-12,0,0,0.001706,26,25,24,23,23,21,20,17,13,5.7444,5.4282,4.9621,4.4477,4.0522,3.4353,2.9519,1.9766,1.5725
2025-10-18T12:10:33.038370,5.76433804152007e-13,0,0,0.001766,33,33,31,30,30,28,26,23,22,10.7947,10.4121,9.8600,9.1001,8.4534,7.6079,7.0389,5.8429,5.2016
2025-10-19T15:14:31.094083,1.507521120276981e-09,0,0,0.001169,26,26,26,23,22,20,18,15,12,5.9523,5.5975,5.0578,4.4775,4.0447,3.3817,2.9419,2.0864,1.7115
2025-10-22T15:23:20.874822,9.30680415411774e-06,0,0,0.000201,16,15,14,14,14,14,14,14,12,1.0002,0.9168,0.7972,0.6761,0.5964,0.4779,0.4108,0.2887,0.2320
2025-10-28T20:52:09.013779,5.453190244640934e-10,0,0,0.001587,27,27,27,26,26,23,19,14,12,5.3486,5.0625,4.6096,4.1311,3.7632,3.1099,2.6531,1.7377,1.4259
2025-10-29T20:12:56.222420,1.4443168559217431e-18,0,0,0.001646,34,33,32,31,29,28,24,19,16,7.4887,6.8186,5.9490,5.1077,4.5158,3.6587,3.0693,2.0210,1.6045
2025-10-30T19:46:29.629235,8.58452193542758e-33,0,0,0.001660,37,36,36,35,34,31,29,25,22,5.5962,5.3027,4.8333,4.2933,3.8850,3.2412,2.7725,1.8671,1.5334
2025-10-31T07:46:04.571096,2.3319747402272005e-15,0,0,0.001392,36,36,36,36,32,27,24,21,18,7.5618,7.0437,6.2936,5.5434,5.0084,4.2259,3.7254,2.7953,2.3706
2025-10-31T20:00:45.869719,6.268758132532832e-07,0,0,0.001652,34,31,29,28,27,21,21,13,8,5.8143,5.4681,4.9133,4.3234,3.9246,3.2663,2.7733,1.8897,1.5134
2025-11-03T07:09:38.693324,2.448689131635998e-15,0,0,0.000982,32,32,31,29,29,27,26,23,20,3.5813,3.4558,3.2579,2.9827,2.7555,2.4093,2.1242,1.5771,1.3173
2025-11-04T09:43:04.220697,2.1172877608656981e-13,0,0,0.001659,27,27,27,27,25,23,22,21,19,6.4501,6.0655,5.4924,4.8824,4.4526,3.7496,3.2485,2.3076,1.8769
2025-11-05T17:52:41.905067,1.3871639318815838e-10,0,0,0.000781,19,19,19,19,19,18,18,17,14,3.6967,3.3642,2.8771,2.4274,2.1391,1.7056,1.4216,0.9072,0.7037
2025-11-06T03:43:43.828503,7.754570927543855e-07,0,0,0.001374,26,26,25,23,23,20,19,18,17,7.5522,7.2163,6.6861,6.0602,5.5793,4.9089,4.4551,3.5939,3.1588
2025-11-08T07:21:51.535740,1.2329525599232352e-11,0,0,0.001570,38,37,35,35,35,32,28,18,11,10.8044,9.9773,8.6516,7.3496,6.5012,5.1984,4.2453,2.5913,1.8761
2025-11-10T03:50:53.137979,2.0082523278870533e-19,0,0,0.001678,36,36,36,36,36,32,31,23,20,6.7139,6.4274,6.0011,5.4087,4.9274,4.2460,3.7866,2.8112,2.3560
2025-11-10T15:57:08.560290,9.367073332002672e-30,0,0,0.001552,36,35,35,35,34,32,31,27,25,6.5366,6.0005,5.2142,4.4468,3.9279,3.1080,2.6016,1.7010,1.3169
2025-11-17T00:25:39.806321,6.2630884866814776e-15,0,0,0.001790,26,24,23,23,23,23,22,19,16,6.9394,6.6492,6.2315,5.7099,5.2172,4.5328,4.0465,2.9951,2.5232
2025-11-19T09:51:16.629491,1.2553144112542313e-08,0,0,0.001204,28,27,27,26,24,23,22,18,17,5.0192,4.6324,4.0286,3.4582,3.1037,2.5394,2.1417,1.4156,1.0848
2025-11-20T12:30:38.473688,1.642696971156681e-31,0,0,0.001244,41,41,41,39,39,39,34,28,26,4.4765,4.2504,3.8841,3.4895,3.1741,2.6922,2.3454,1.5770,1.2428
2025-11-23T09:55:46.867856,3.296755862855579e-11,0,0,0.001388,23,22,21,21,21,20,19,14,11,4.7148,4.4744,4.1106,3.6781,3.3479,2.8250,2.4247,1.6501,1.3003
2025-11-23T15:36:12.878623,2.7409829535231377e-10,0,0,0.001164,30,30,29,28,28,26,24,20,18,7.0235,6.6290,6.0335,5.3786,4.9459,4.3139,3.8854,3.1152,2.7013
2025-11-23T22:55:08.264451,1.8531004592122999e-10,0,0,0.001791,28,27,27,25,25,24,21,15,13,6.5381,6.2142,5.6824,5.1062,4.6675,3.9547,3.4852,2.4947,2.0506
2025-11-25T05:13:01.980792,1.1216852240995685e-15,0,0,0.001336,31,30,30,30,28,26,25,24,22,6.8043,6.2483,5.4818,4.7288,4.2605,3.5331,2.9683,2.0263,1.6134
2025-11-26T06:37:20.943543,5.4264471929837534e-14,0,0,0.001652,26,25,24,24,24,23,21,18,17,7.1328,6.5020,5.6577,4.8434,4.2919,3.4417,2.8710,1.9207,1.5277
2025-11-26T06:37:48.365588,2.734695113093034e-12,0,0,0.001523,23,22,21,17,17,17,17,14,13,6.6851,6.1475,5.3521,4.5806,4.0606,3.2691,2.7560,1.7799,1.3899
2025-11-26T12:58:12.988887,1.0848449650831768e-14,0,0,0.001715,40,40,39,37,37,37,36,28,25,12.1800,11.6560,10.8946,9.9557,9.2809,8.2294,7.3797,5.7236,4.7916
2025-11-29T09:07:14.102719,4.588500001681491e-09,0,0,0.000956,26,26,24,23,23,23,22,19,18,4.3121,3.9790,3.4923,2.9810,2.6584,2.1940,1.8685,1.2780,1.0135
2025-11-30T04:15:52.401665,7.565723768452911e-18,0,0,0.000719,21,21,20,20,20,20,19,19,18,2.9436,2.7243,2.3775,2.0445,1.8266,1.5070,1.2713,0.8327,0.6587
2025-12-01T02:13:23.579024,9.941703993495231e-29,0,0,0.001177,39,39,38,35,35,34,31,27,24,4.5915,4.2765,3.8045,3.2915,2.9639,2.4598,2.0836,1.3839,1.1194
2025-12-01T06:14:26.437524,8.613413891047394e-16,0,0,0.000993,24,24,24,24,24,23,22,18,14,3.8479,3.5616,3.1444,2.7086,2.4312,2.0065,1.7061,1.1213,0.8756
2025-12-04T13:26:29.544318,7.209137403405464e-10,0,0,0.001365,33,30,29,29,28,28,28,24,19,8.5540,8.0129,7.2414,6.4079,5.8888,5.0616,4.5783,3.6607,3.2078
2025-12-05T00:04:37.215425,1.9071355994407712e-20,0,0,0.001241,29,29,29,29,28,27,25,20,19,5.3412,4.9313,4.3377,3.7304,3.3556,2.7909,2.3553,1.6308,1.3093
2025-12-05T14:28:46.159413,1.8750773284084284e-09,0,0,0.000276,19,19,19,19,19,19,19,18,18,1.5297,1.4174,1.2513,1.0853,0.9742,0.8084,0.7082,0.5293,0.4460
2025-12-06T13:04:30.057024,2.4935467536387208e-17,0,0,0.000777,29,29,29,28,28,26,26,26,20,4.0083,3.7473,3.3678,2.9463,2.6630,2.2447,1.9778,1.5069,1.2954
2025-12-06T14:09:44.965847,5.423947445357623e-07,0,0,0.001230,24,23,22,21,21,19,18,16,12,6.5681,6.1332,5.4685,4.7777,4.3472,3.7018,3.2757,2.4805,2.1103
2025-12-06T17:06:56.797176,1.4006063048157213e-08,0,0,0.001028,21,21,21,21,21,21,21,20,19,4.8119,4.4547,3.9318,3.3950,3.0290,2.4615,2.0872,1.4501,1.1760
2025-12-06T17:35:43.111438,2.258445920697847e-15,0,0,0.001739,35,35,34,34,33,31,28,21,18,8.0689,7.4400,6.5556,5.6747,5.0353,4.0964,3.4947,2.3960,1.9261
2025-12-06T17:36:44.165162,4.886072780751384e-70,0,0,0.000960,69,68,67,66,66,62,60,59,58,4.4145,4.0470,3.5534,3.0885,2.7757,2.2662,1.9370,1.3261,1.0696
2025-12-08T13:31:15.043655,4.269048050511313e-26,0,0,0.001681,40,40,40,39,36,36,35,32,27,9.0937,8.4043,7.4356,6.4287,5.7486,4.8011,4.1975,3.0191,2.5317
2025-12-09T03:17:04.622873,9.675253697575626e-07,0,0,0.000667,14,14,14,14,12,12,12,10,9,2.4702,2.3344,2.1016,1.8665,1.6984,1.4151,1.2265,0.8317,0.6680
2025-12-09T13:43:39.296948,9.246122478679367e-10,0,0,0.000565,24,23,23,22,22,22,22,22,19,3.0082,2.7830,2.4240,2.1022,1.8793,1.5400,1.3246,0.9696,0.8095
2025-12-11T12:35:55.236656,9.98870443597642e-09,0,0,0.000830,25,24,22,21,21,20,20,17,13,4.4229,4.0821,3.5849,3.0865,2.7562,2.2712,1.9605,1.4173,1.1704
2025-12-12T09:32:14.924969,4.029222915565607e-12,0,0,0.001783,32,32,27,26,25,22,21,20,17,10.1989,9.4379,8.3493,7.2084,6.4952,5.3939,4.7122,3.5101,2.9851
2025-12-15T02:06:36.058551,2.6399292457746358e-15,0,0,0.001774,26,25,25,23,22,21,21,20,18,6.9294,6.5199,5.9196,5.2432,4.7880,4.0336,3.4683,2.3636,1.8762
2025-12-17T18:57:18.212415,3.209748316153643e-14,0,0,0.001457,38,36,35,35,32,30,29,21,14,10.7659,9.9056,8.4802,7.1785,6.3697,5.1519,4.2342,2.5528,1.7573
2025-12-18T00:23:12.775485,1.440071027908934e-08,0,0,0.000467,14,14,14,14,14,14,14,13,13,1.9647,1.8616,1.7079,1.5237,1.3937,1.1913,1.0446,0.7670,0.6477
2025-12-18T17:36:17.036804,4.170553710332247e-06,0,0,0.001034,18,18,16,16,16,16,15,13,13,3.9291,3.7327,3.4210,3.0596,2.7907,2.3630,2.0758,1.4366,1.1734
2025-12-18T23:06:09.742498,2.4438698959800723e-28,0,0,0.001475,41,41,37,35,34,33,33,25,21,7.2128,6.5624,5.6632,4.8006,4.2716,3.4760,2.9411,2.0032,1.6136
2025-12-21T02:41:43.883387,9.380197351324464e-07,0,0,0.001190,27,27,26,25,23,22,20,16,13,6.9480,6.6150,6.1619,5.6288,5.2027,4.6402,4.2538,3.4545,3.0398
2025-12-21T10:10:07.141713,9.285242263286352e-08,0,0,0.000754,19,19,18,18,18,17,17,16,15,3.8507,3.5312,3.0948,2.6245,2.3290,1.9078,1.6318,1.1569,0.9353
2025-12-23T07:12:16.272213,7.348272208739018e-12,0,0,0.001560,24,24,24,24,24,23,21,19,17,6.5766,6.2149,5.6784,5.1008,4.6502,3.9781,3.5148,2.5804,2.1565
2025-12-24T13:03:34.163088,4.942055779417356e-13,0,0,0.001468,26,25,23,23,22,20,19,17,17,6.7046,6.1189,5.2670,4.4351,3.8813,3.1206,2.6120,1.6852,1.3249
2025-12-25T06:11:55.571385,3.239445963337526e-11,0,0,0.001482,34,34,33,31,29,27,25,20,15,5.4368,5.2108,4.8702,4.4436,4.0933,3.5499,3.1592,2.3277,1.9827
2025-12-25T14:52:36.503355,1.2360325522313978e-46,0,0,0.002046,62,62,62,60,59,55,50,39,30,7.8316,7.2829,6.4635,5.5996,5.0561,4.1736,3.5267,2.3787,1.9055
2025-12-26T18:25:52.406935,1.7209775824319598e-07,0,0,0.001489,25,24,24,21,21,19,17,13,6,6.6917,6.1006,5.2425,4.4318,3.9151,3.1736,2.6570,1.7628,1.3853
2025-12-27T13:05:24.486266,1.4369842524121067e-09,0,0,0.001396,24,24,23,20,20,17,16,13,11,5.1786,4.8705,4.3960,3.8552,3.5182,2.9351,2.5156,1.7140,1.3643
2025-12-27T20:07:14.906433,2.5493342123773217e-08,0,0,0.001098,23,23,23,22,22,21,21,19,15,6.0104,5.6410,5.0959,4.5191,4.1404,3.6097,3.2187,2.4833,2.1362
2025-12-28T13:11:18.937816,2.2547610625809495e-07,0,0,0.001536,25,22,22,22,20,17,13,12,10,4.9290,4.7103,4.3891,3.9609,3.6056,3.0719,2.6887,1.8579,1.5135
2025-12-31T12:26:48.926307,1.2865239952914013e-22,0,0,0.001375,38,37,37,35,33,33,32,29,26,8.0262,7.5276,6.7241,5.9019,5.3637,4.4214,3.6596,2.3312,1.6590
2026-01-03T10:23:04.863712,1.841851843047511e-40,0,0,0.001644,57,55,55,53,52,51,49,39,37,6.8127,6.3577,5.7167,5.0400,4.5924,3.7846,3.2482,2.1771,1.7295
2026-01-03T10:26:24.406912,9.100043836244913e-24,0,0,0.001840,35,34,34,34,34,30,29,25,23,6.9938,6.5125,5.8610,5.1622,4.6455,3.9105,3.3631,2.3000,1.8316
2026-01-03T12:03:53.459038,5.243838905471787e-52,0,0,0.002025,57,56,56,53,51,48,44,38,36,7.8208,7.3043,6.4831,5.6312,5.1055,4.2566,3.6450,2.3717,1.9064
2026-01-06T09:32:08.921576,5.261900641953612e-24,0,0,0.001536,40,40,38,35,32,31,31,24,21,5.9576,5.5674,4.9608,4.3464,3.9190,3.2798,2.8074,1.9013,1.5197
2026-01-06T21:48:28.693116,4.9179943862828456e-27,0,0,0.001638,39,39,38,36,34,31,30,27,23,8.3852,7.8599,7.0806,6.2724,5.7040,4.8246,4.2571,3.2065,2.7532
2026-01-08T09:58:41.967907,7.496936416691786e-06,0,0,0.000131,12,12,12,12,12,12,12,12,11,0.5657,0.5215,0.4521,0.3842,0.3423,0.2782,0.2308,0.1512,0.1196
2026-01-09T08:31:56.429861,8.042009765135241e-17,0,0,0.001591,28,28,28,26,25,24,24,22,17,7.0171,6.4707,5.6761,4.8701,4.3671,3.5949,3.0630,2.0233,1.5765
2026-01-10T10:34:30.196636,1.9678075918674432e-09,0,0,0.001683,25,25,25,24,23,22,20,13,10,7.4332,6.8119,5.8939,5.0141,4.4225,3.5564,2.9265,1.8887,1.4594
2026-01-10T16:58:34.600537,3.395590394321543e-30,0,0,0.001610,48,48,45,45,45,43,42,40,39,9.1460,8.7329,8.1345,7.4344,6.9002,6.1358,5.6512,4.5356,3.9867
2026-01-12T07:37:25.823355,7.170083968043118e-11,0,0,0.001661,33,32,32,31,30,28,26,21,18,5.4301,5.1961,4.8043,4.3262,3.9688,3.3774,2.9151,2.0192,1.6274
2026-01-14T01:51:45.730983,7.897191124560157e-10,0,0,0.001306,21,20,20,20,20,19,17,12,9,5.0347,4.7352,4.2729,3.7953,3.4787,2.9451,2.5309,1.7572,1.4135
2026-01-16T23:51:16.920722,4.785043882878557e-06,0,0,0.001663,88,64,27,10,6,4,2,1,1,7.7891,7.1247,6.1421,5.2375,4.6555,3.7803,3.1916,2.1955,1.7797
2026-01-17T00:59:07.001209,6.549498693785487e-08,0,0,0.000926,19,19,19,19,18,16,14,13,13,4.0686,3.8221,3.4546,3.0678,2.7779,2.3420,2.0273,1.3768,1.0826
2026-01-17T05:30:00.887072,6.121492301269776e-26,0,0,0.001000,35,35,35,34,34,33,31,26,20,3.5808,3.3873,3.1303,2.7868,2.5641,2.1742,1.8712,1.2798,1.0172
2026-01-21T23:34:12.095044,1.926099922299081e-09,0,0,0.000495,16,16,16,15,14,14,13,12,12,2.2783,2.0658,1.7618,1.4784,1.2904,1.0394,0.8574,0.5555,0.4352
2026-01-22T06:38:54.077076,6.329002996963409e-14,0,0,0.001490,30,30,27,26,25,22,21,16,13,6.6997,6.2730,5.6424,4.9764,4.5452,3.8296,3.3194,2.3923,1.9370
2026-01-23T14:25:30.424337,1.8439523783342165e-24,0,0,0.001315,39,38,38,38,37,35,34,30,26,7.0837,6.5776,5.8185,5.0448,4.5228,3.7743,3.3174,2.4347,2.0363
2026-01-27T21:53:34.992461,2.1750009234355017e-08,0,0,0.000751,18,18,18,17,16,16,15,15,12,3.7218,3.3911,2.9352,2.4736,2.2021,1.7902,1.4909,0.9945,0.8044
2026-01-30T19:16:48.448348,1.7832348577116526e-31,0,0,0.001524,44,43,42,38,37,36,36,33,31,6.6980,6.1746,5.4434,4.6429,4.1395,3.3483,2.8441,1.9035,1.5348
2026-02-01T21:51:06.319832,2.1243353588462194e-13,0,0,0.001579,28,28,28,26,26,25,21,20,20,7.4715,6.8295,5.8638,4.9555,4.4188,3.5264,2.9187,1.9044,1.4466
2026-02-02T14:56:19.534285,1.234534865487163e-06,0,0,0.001824,34,33,32,32,30,28,24,22,21,6.7763,6.3507,5.7224,5.0472,4.5553,3.7889,3.2564,2.2321,1.8249
2026-02-03T03:08:08.675929,8.523509210589152e-15,0,0,0.001393,27,27,26,26,25,22,22,20,16,6.4076,6.1178,5.7034,5.1582,4.7593,4.1845,3.7708,2.8760,2.4672
2026-02-03T11:56:22.780990,1.7090946808389414e-10,0,0,0.001102,26,26,25,21,21,21,21,18,17,4.1174,3.9014,3.5731,3.2085,2.9414,2.5028,2.1889,1.5773,1.3012
2026-02-05T12:33:57.652590,1.1279180156715318e-06,0,0,0.000911,20,19,17,17,17,14,10,8,8,3.6642,3.4438,3.1038,2.7247,2.4717,2.0769,1.7981,1.2690,1.0357
2026-02-05T20:56:46.213356,5.081467931845431e-07,0,0,0.001481,21,21,21,21,20,19,18,16,16,7.1881,6.5194,5.6981,4.8596,4.3689,3.6210,3.1228,2.1946,1.7555
2026-02-07T09:49:01.724290,3.0083792190550376e-27,0,0,0.001137,37,35,34,31,31,30,28,25,23,5.1594,4.8321,4.3359,3.8301,3.4735,2.9245,2.5398,1.8329,1.5297
2026-02-07T20:54:53.787844,2.2721242607784423e-20,0,0,0.000608,27,27,27,26,26,25,24,24,23,2.8335,2.5752,2.2101,1.8754,1.6493,1.3183,1.1015,0.7189,0.5614
2026-02-10T08:54:52.565658,2.773370154047803e-07,0,0,0.001186,23,22,21,20,20,19,17,14,8,6.2176,5.6989,4.9729,4.2511,3.8168,3.1172,2.6380,1.8413,1.4981
2026-02-10T15:18:36.814729,2.568628930340132e-17,0,0,0.001494,27,26,26,26,26,25,22,18,15,5.7355,5.4586,5.0171,4.4829,4.0951,3.4544,2.9609,2.0283,1.5891
2026-02-10T19:10:51.472747,1.2722911549874394e-15,0,0,0.001038,26,25,25,25,24,24,24,22,20,4.8910,4.4197,3.7387,3.1301,2.7548,2.1975,1.8185,1.1832,0.9132
2026-02-11T05:51:37.417869,5.359443231485077e-08,0,0,0.000893,19,19,19,19,18,17,17,14,13,3.5659,3.4157,3.2042,2.9187,2.6922,2.3486,2.0955,1.5971,1.3572
2026-02-12T09:25:39.867852,3.5148256289775664e-14,0,0,0.001055,22,22,22,21,21,21,19,16,13,5.1184,4.6969,4.1316,3.5588,3.2124,2.6487,2.2736,1.6086,1.3038
2026-02-13T03:01:30.455864,3.8472884377331055e-08,0,0,0.000693,17,17,17,16,16,16,15,15,14,2.6823,2.5920,2.4488,2.2367,2.0617,1.7930,1.6106,1.2113,1.0244
2026-02-13T14:56:42.934718,3.123081535359593e-08,0,0,0.001640,25,25,25,25,24,24,23,18,14,6.9309,6.3677,5.5618,4.7393,4.1844,3.3951,2.8418,1.8719,1.5033
2026-02-13T19:04:44.631933,6.455766056718298e-09,0,0,0.001773,26,25,24,23,23,20,15,11,7,6.2691,5.8858,5.3593,4.7844,4.3564,3.7242,3.1896,2.1733,1.7300
2026-02-14T06:31:43.555163,5.228051501682676e-16,0,0,0.001846,40,40,38,38,38,34,30,26,20,6.3257,6.1028,5.7327,5.2153,4.8032,4.1543,3.6378,2.6310,2.1648
2026-02-15T13:04:30.969021,2.2644036085404128e-06,0,0,0.000332,13,13,13,13,12,11,11,9,9,1.4579,1.3364,1.1627,0.9869,0.8771,0.7004,0.5835,0.3766,0.2918
2026-02-16T17:20:39.015640,4.098082734941163e-15,0,0,0.000672,25,25,24,24,24,23,23,23,20,3.1485,2.8366,2.4273,2.0183,1.7879,1.4312,1.1940,0.7724,0.6027
2026-02-17T00:49:28.179386,1.4223208036735698e-25,0,0,0.001761,40,40,39,38,38,34,32,26,22,6.9665,6.6863,6.2745,5.7409,5.2864,4.5927,4.1018,3.0630,2.5658
2026-02-17T12:30:49.757954,1.8466883490042498e-07,0,0,0.000504,18,18,17,15,15,15,15,14,14,2.2971,2.1187,1.8486,1.5716,1.4130,1.1628,0.9991,0.6629,0.5257
2026-02-18T05:52:54.315891,1.965324655797391e-81,0,0,0.001646,80,80,80,78,78,74,74,58,52,6.0893,5.8216,5.4376,4.9238,4.5323,3.9720,3.4765,2.5097,2.0675
2026-02-18T11:04:52.689099,8.365061376756517e-43,0,0,0.000938,46,45,44,42,41,40,39,34,30,3.9164,3.6606,3.2806,2.9016,2.6823,2.2659,1.9395,1.3520,1.0943
2026-02-23T02:30:00.041934,1.2968119990107571e-08,0,0,0.001604,28,27,25,21,20,19,18,17,16,9.4334,8.6679,7.5095,6.3227,5.6033,4.4611,3.7450,2.5526,2.0236
2026-02-23T07:23:27.037752,9.169029098182639e-10,0,0,0.001039,28,28,27,23,22,21,19,16,11,4.0816,3.8434,3.4834,3.1108,2.8626,2.4349,2.0886,1.4552,1.1923
2026-02-25T09:06:41.545087,1.1052541315695905e-21,0,0,0.001018,34,34,34,33,33,33,30,27,25,4.0722,3.8367,3.5035,3.0829,2.8361,2.4243,2.0983,1.4499,1.1651
2026-02-25T09:36:32.823723,2.194568784638031e-06,0,0,0.000890,22,20,20,20,20,20,19,15,10,3.1895,2.9841,2.6694,2.3431,2.1103,1.7543,1.4873,1.0127,0.8001
2026-02-25T15:55:51.974792,2.458834658408674e-18,0,0,0.001482,46,46,41,40,40,36,34,30,23,13.5649,12.8606,11.7925,10.6226,9.8262,8.5695,7.4954,5.5111,4.3974
2026-02-26T22:08:22.974906,6.894340503517531e-16,0,0,0.001383,35,34,33,32,32,29,27,25,23,6.6905,6.2282,5.6212,4.9744,4.5239,3.8562,3.4022,2.5480,2.1519
2026-02-27T08:18:33.141249,1.3154212357241073e-07,0,0,0.000302,18,18,18,18,18,18,17,12,7,1.0642,1.0159,0.9375,0.8386,0.7700,0.6618,0.5769,0.4007,0.3199
2026-02-27T12:31:25.942942,5.907195251600346e-19,0,0,0.001321,29,29,28,27,27,27,24,20,17,5.3452,5.0170,4.4979,3.9475,3.5899,2.9888,2.5465,1.6705,1.2803
2026-02-28T00:39:39.566752,6.638903520519965e-60,0,0,0.001360,66,65,65,62,59,56,45,38,29,5.4688,5.1831,4.6899,4.1707,3.8121,3.2338,2.8045,1.9885,1.6265
2026-03-01T11:21:07.418906,9.22340505236931e-07,0,0,0.000503,16,15,14,14,14,13,13,13,11,2.5392,2.2943,1.9688,1.6515,1.4707,1.1739,0.9689,0.6257,0.4812
2026-03-02T23:30:01.762857,1.835719251327334e-30,0,0,0.001718,43,43,43,42,41,39,37,28,25,6.4181,6.1622,5.7284,5.2086,4.7783,4.1284,3.6399,2.6316,2.1935
2026-03-03T05:24:43.971221,1.664768656395012e-11,0,0,0.001679,29,28,27,26,26,24,23,18,17,5.4065,5.1835,4.8418,4.3669,3.9811,3.4486,2.9924,2.0715,1.6942
2026-03-03T22:21:14.248279,6.248520247981118e-28,0,0,0.001570,38,38,38,38,38,34,32,24,20,5.7981,5.5316,5.1558,4.6824,4.3049,3.6833,3.2582,2.3582,1.9745
2026-03-07T00:31:07.742851,7.924178166979744e-64,0,0,0.001244,59,59,59,59,57,55,54,44,33,4.1115,3.9538,3.6862,3.3337,3.0711,2.6445,2.3108,1.6455,1.3364
2026-03-09T21:55:55.236508,3.089513291758198e-26,0,0,0.001303,35,35,33,33,33,30,29,25,20,4.7633,4.4967,4.1038,3.6866,3.3688,2.9153,2.5264,1.8012,1.4649
2026-03-10T00:30:31.772027,3.755712707695926e-07,0,0,0.001216,21,21,21,21,20,20,18,14,9,4.4083,4.1663,3.7800,3.3661,3.0676,2.5947,2.2379,1.5562,1.2510
2026-03-12T15:31:28.969452,1.6555103470181277e-18,0,0,0.001859,36,35,35,35,35,34,31,28,27,10.8420,9.9801,8.8075,7.6358,6.8856,5.7224,5.0220,3.7526,3.1443
2026-03-12T23:39:06.765573,1.5036866955510594e-20,0,0,0.000953,31,30,29,29,29,28,26,24,20,4.9453,4.4207,3.7175,3.1053,2.7477,2.2438,1.8722,1.2509,0.9963
2026-03-15T21:55:21.523678,9.263481794083776e-14,0,0,0.001637,30,30,30,25,25,21,19,17,16,5.7344,5.4235,4.9663,4.4480,4.0553,3.4327,2.9325,2.0008,1.6171
2026-03-18T14:06:52.753620,3.6958130641317947e-09,0,0,0.000597,18,17,17,17,17,16,16,14,13,3.5675,3.2350,2.7966,2.3784,2.1109,1.7186,1.4494,1.0013,0.8105
2026-03-18T23:15:54.844693,1.6072224243906322e-08,0,0,0.000904,22,21,21,19,18,18,18,17,14,4.0033,3.6312,3.1956,2.7459,2.4641,2.0505,1.7332,1.1871,0.9743
2026-03-19T10:49:51.920876,1.6402640214557993e-11,0,0,0.001840,29,29,27,25,25,25,23,21,19,9.6163,8.9965,8.0867,7.0756,6.4056,5.4168,4.7292,3.5174,2.9403
2026-03-19T10:51:04.612407,2.689978308771803e-16,0,0,0.001689,39,39,38,36,34,30,29,26,22,9.0180,8.3612,7.4817,6.6168,5.9890,5.0370,4.4152,3.2764,2.7100
2026-03-19T10:52:11.181086,3.551921390273016e-09,0,0,0.001002,25,25,25,24,24,23,21,18,15,5.5996,5.2236,4.6548,4.0733,3.6594,3.0754,2.6644,1.9656,1.6311
2026-03-19T18:47:05.234597,1.0597902657698812e-14,0,0,0.001351,30,28,28,27,26,25,24,22,20,5.7342,5.2600,4.5688,3.9759,3.5303,2.9094,2.4680,1.7099,1.3967
2026-03-19T20:26:17.188718,7.528165920337398e-13,0,0,0.001317,23,23,23,23,22,22,21,21,18,6.2489,5.6290,4.8129,4.0819,3.6217,2.9991,2.5282,1.7427,1.4121
2026-03-21T08:34:15.924338,1.4594324502683008e-06,0,0,0.000851,21,21,21,21,20,19,18,17,15,5.5214,5.1922,4.7486,4.2754,3.9457,3.4961,3.1884,2.5793,2.2754
2026-03-22T02:22:34.165507,3.3300880959765077e-52,0,0,0.002021,67,66,64,63,63,61,60,52,48,9.1923,8.4431,7.4143,6.3578,5.7281,4.7033,3.9960,2.7252,2.2057
2026-03-22T08:16:46.748407,1.3904673736950333e-08,0,0,0.001668,27,27,27,23,23,20,18,16,15,9.8705,9.0644,7.9372,6.8564,6.1513,5.0932,4.3334,3.0613,2.4750
2026-03-22T08:16:59.216877,2.3578466195878633e-08,0,0,0.000842,22,21,20,19,19,17,16,14,13,5.0152,4.6108,4.0056,3.4566,3.0909,2.5423,2.1782,1.5233,1.2167
2026-03-22T08:17:43.354287,1.3831783285137452e-26,0,0,0.001710,55,50,49,47,46,45,44,40,32,10.5484,9.6434,8.3177,7.1630,6.3762,5.2958,4.4961,3.1514,2.5460
2026-03-22T15:03:58.623336,2.682784096914646e-24,0,0,0.001616,36,35,34,33,33,32,31,30,29,8.2179,7.4605,6.4118,5.4405,4.8080,3.8662,3.2777,2.1490,1.7229
2026-03-22T19:20:50.582337,1.17054195365133e-17,0,0,0.001510,28,28,27,27,26,26,25,20,16,5.9628,5.5358,4.8914,4.2271,3.7841,3.1275,2.6569,1.8066,1.4383
2026-03-22T19:23:43.527764,3.714894475485306e-07,0,0,0.000530,16,16,16,16,16,14,14,14,13,2.8063,2.5606,2.2381,1.9134,1.7070,1.3719,1.1210,0.7013,0.5228
2026-03-24T04:20:41.925114,1.4889508787074562e-10,0,0,0.001542,34,34,31,31,29,25,23,21,18,11.8503,10.7584,9.2654,7.8363,7.0186,5.8356,5.0926,3.9182,3.3644
2026-03-25T12:39:25.432949,2.7235309356611074e-20,0,0,0.001258,29,29,28,28,28,26,25,20,17,5.6357,5.2227,4.5949,3.9710,3.5847,3.0097,2.5815,1.8025,1.4607
2026-03-27T09:07:59.982833,1.0032528498635502e-12,0,0,0.001394,28,27,27,24,24,23,23,14,12,5.8737,5.5280,5.0169,4.4128,3.9897,3.3920,2.9752,2.1973,1.8199
2026-03-27T12:23:38.503991,2.4602304848883934e-39,0,0,0.001598,51,49,44,44,44,41,38,29,24,5.7657,5.3977,4.9094,4.3380,3.9337,3.3001,2.8812,2.0128,1.6626
2026-03-27T22:01:42.086513,1.5267226830334995e-16,0,0,0.001293,29,28,27,27,25,24,24,18,14,4.4197,4.1500,3.7771,3.3572,3.0647,2.5775,2.2255,1.4909,1.1944
2026-03-28T09:20:48.365199,1.484465951891451e-10,0,0,0.001657,29,29,26,23,21,21,17,15,14,6.4370,6.0872,5.5943,5.0294,4.5466,3.8512,3.3474,2.4310,2.0394
2026-03-28T11:03:26.096957,3.2682148061618754e-12,0,0,0.001391,27,27,26,26,26,24,24,21,20,5.3054,4.9591,4.4638,3.9341,3.5730,3.0574,2.6612,1.9052,1.5751
2026-03-28T20:37:56.239273,1.3117465299279471e-08,0,0,0.001280,22,22,22,22,21,21,19,14,11,3.8717,3.7217,3.4812,3.1528,2.9317,2.5736,2.2549,1.5839,1.2845
2026-03-29T16:12:22.664175,3.8740433610982062e-28,0,0,0.001673,40,39,39,38,38,36,33,30,25,7.8050,7.1746,6.2638,5.2971,4.7175,3.8902,3.2667,2.1614,1.7330
2026-03-29T20:50:11.292025,8.038172663263469e-14,0,0,0.001683,30,30,28,28,28,26,24,20,17,5.6593,5.3150,4.8152,4.3256,3.9423,3.3354,2.8466,1.9431,1.5461
2026-03-29T20:50:17.092845,8.457547258462413e-30,0,0,0.001221,38,37,37,35,35,35,33,28,21,4.0386,3.8326,3.5144,3.1111,2.8607,2.4007,2.0480,1.3894,1.1180
2026-03-30T03:30:28.061734,8.878615531171237e-15,0,0,0.001745,24,24,24,24,24,24,23,21,17,7.6550,7.2346,6.5789,5.8413,5.3143,4.5158,3.9535,2.9083,2.4403
2026-03-30T15:50:34.907890,6.345471987122259e-16,0,0,0.001154,25,24,24,24,23,22,19,16,11,5.9105,5.3953,4.6702,4.0332,3.6462,3.0179,2.5557,1.8027,1.4617
2026-03-31T08:21:15.514190,8.950297513015682e-23,0,0,0.001415,33,33,33,32,31,29,25,24,18,5.3368,5.0781,4.6779,4.1677,3.8061,3.2237,2.7920,2.0160,1.6679
2026-03-31T14:52:16.116198,2.394739517485067e-41,0,0,0.001739,48,48,48,45,45,43,39,32,27,5.6553,5.3725,4.9097,4.3678,3.9813,3.3709,2.8940,1.9727,1.6003
2026-03-31T14:59:03.663797,7.16399284791128e-47,0,0,0.001388,53,53,53,52,50,45,43,32,21,4.9805,4.7022,4.2494,3.7706,3.4383,2.9175,2.4990,1.6936,1.3641
2026-04-01T15:10:36.743014,5.405943827760874e-32,0,0,0.000897,41,41,40,40,38,35,34,29,29,3.6684,3.4020,3.0128,2.6037,2.3246,1.9214,1.6074,1.0719,0.8613
2026-04-02T08:47:09.264360,7.029469790501097e-59,0,0,0.001901,61,61,60,59,58,55,52,48,44,7.7354,7.2563,6.4911,5.6780,5.1221,4.2810,3.7165,2.5970,2.1304
2026-04-02T09:27:32.306128,7.392742091914627e-12,0,0,0.000966,26,25,23,22,22,21,21,20,14,4.4556,4.0863,3.5550,3.0623,2.7413,2.2612,1.9143,1.3406,1.0855
2026-04-03T13:57:43.041559,2.4655179781672127e-17,0,0,0.001506,28,28,28,27,26,25,24,16,13,4.8771,4.6527,4.2793,3.8594,3.4973,2.9360,2.5032,1.6878,1.3790
2026-04-03T17:51:52.443195,1.1419560724244537e-07,0,0,0.001758,25,25,25,24,21,21,19,16,14,7.2683,6.6663,5.7793,4.9163,4.3569,3.4903,2.9354,1.9267,1.4970
2026-04-03T19:31:58.552676,5.824813516652296e-13,0,0,0.001396,26,25,25,25,25,24,22,19,16,6.2080,5.7046,5.0566,4.3347,3.8834,3.1967,2.7032,1.8522,1.4686
2026-04-03T19:35:49.616787,4.186055424349539e-18,0,0,0.001675,30,29,29,28,28,27,26,23,19,7.4817,6.8887,6.0512,5.2298,4.6875,3.8669,3.2570,2.2545,1.8171
2026-04-07T15:30:44.340250,6.420350748659981e-19,0,0,0.000222,22,22,22,22,22,22,22,18,16,1.0045,0.9146,0.7856,0.6606,0.5790,0.4667,0.3890,0.2438,0.1899
2026-04-07T17:14:30.133741,6.296152444756814e-09,0,0,0.001226,27,26,26,26,25,25,23,22,18,5.6762,5.1690,4.4632,3.7994,3.3313,2.6588,2.2093,1.4508,1.1437
2026-04-08T12:35:26.001699,1.6021970280432475e-76,0,0,0.001060,80,78,77,75,74,73,70,63,55,4.9210,4.5206,3.8556,3.2159,2.8428,2.2576,1.8598,1.1890,0.8957
2026-04-13T15:21:03.226393,4.938172399301323e-26,0,0,0.001470,37,37,37,36,34,32,29,25,21,7.5410,6.8958,5.9737,5.0761,4.4955,3.6625,3.1249,2.2221,1.8078
2026-04-17T02:30:02.357891,6.5641073748958214e-43,0,0,0.001714,46,46,45,44,43,43,38,31,26,5.8847,5.5367,5.0476,4.5170,4.1118,3.4739,2.9960,2.0897,1.7088
2026-04-17T18:51:02.157486,7.89948898706452e-06,0,0,0.001270,24,23,23,21,20,19,17,10,8,4.9081,4.7400,4.4476,4.0678,3.7458,3.2885,2.9383,2.2437,1.8890
2026-04-19T03:05:26.354134,1.2786464393473369e-27,0,0,0.001876,37,36,33,31,31,30,30,28,27,8.9565,7.9938,6.7830,5.7265,5.0927,4.1348,3.4933,2.3791,1.8893
2026-04-20T08:42:38.639962,4.558868461448009e-06,0,0,0.001356,22,22,22,21,21,21,19,14,13,5.2056,4.8152,4.2639,3.7112,3.3503,2.7627,2.3401,1.5211,1.2005
2026-04-20T10:22:28.300978,1.8667692941475374e-20,0,0,0.000091,20,20,20,20,20,18,17,17,14,0.3420,0.3174,0.2813,0.2430,0.2202,0.1807,0.1526,0.1037,0.0826
2026-04-20T22:33:31.854719,2.2434774062583855e-38,0,0,0.001354,37,36,36,34,33,33,32,29,27,5.9872,5.5044,4.8458,4.1900,3.7571,3.1492,2.6814,1.8779,1.5421
2026-04-23T13:31:33.773135,5.313256476671261e-18,0,0,0.001608,31,29,29,27,27,26,24,18,16,7.2003,6.7236,5.9789,5.2252,4.7648,4.0412,3.4727,2.4989,2.0206
2026-04-24T08:02:02.628051,4.846045009924467e-09,0,0,0.001614,33,32,31,29,28,26,24,22,21,7.0993,6.4839,5.6051,4.7100,4.1623,3.3022,2.7496,1.8097,1.4217
2026-04-25T05:01:52.178592,6.534216227676051e-18,0,0,0.000916,27,27,27,25,25,25,22,19,16,3.5949,3.3390,2.9588,2.5549,2.3107,1.8994,1.6089,1.0714,0.8355
2026-04-26T11:48:25.478872,6.674577213662857e-08,0,0,0.000823,20,19,19,19,19,18,18,17,17,4.4514,4.1833,3.7755,3.3590,3.0585,2.6349,2.3360,1.8173,1.5683
2026-04-28T12:08:57.652239,1.2313430635655701e-10,0,0,0.001351,27,27,26,25,24,23,23,21,19,7.7266,7.3909,6.8594,6.2139,5.7595,5.1543,4.7305,3.8319,3.3700
2026-04-28T12:11:34.270444,1.412486278373567e-23,0,0,0.001937,45,44,44,43,41,40,37,36,32,11.0352,10.4248,9.5805,8.6423,7.9555,7.0271,6.3981,5.2055,4.5765
2026-04-29T15:42:55.117875,3.2994511236760535e-14,0,0,0.001645,33,33,32,32,31,29,27,17,14,8.7793,8.3431,7.6959,6.8792,6.3633,5.6812,5.1577,4.1350,3.6340
2026-04-29T19:37:36.013296,3.847008855169308e-12,0,0,0.001312,27,27,27,27,27,24,24,18,15,6.3593,5.8193,5.0115,4.2269,3.7326,3.0263,2.5319,1.7016,1.3948
2026-04-30T11:55:06.536062,1.3101529432846674e-14,0,0,0.001577,32,32,32,30,28,27,26,22,18,8.4163,7.7417,6.8154,5.8867,5.2886,4.4475,3.8756,2.8681,2.4213
2026-04-30T13:38:57.820279,4.403815120989157e-12,0,0,0.001764,28,28,28,26,23,21,21,17,17,8.9795,8.3719,7.4667,6.5384,5.8836,4.9971,4.3761,3.3079,2.8001
2026-04-30T18:18:25.064903,2.144595603330464e-36,0,0,0.001456,44,44,44,44,42,41,41,40,34,7.1798,6.4629,5.5069,4.6561,4.1186,3.3730,2.8472,1.9913,1.6332
2026-05-02T05:39:51.954228,6.634577695323887e-06,0,0,0.001812,54,49,39,34,27,21,13,5,3,10.7633,9.7640,8.3180,6.9727,6.2332,5.0161,4.0917,2.5405,1.9100
2026-05-02T05:39:51.975592,2.5267699246794483e-10,0,0,0.003761,127,119,102,81,70,53,36,13,8,22.2449,20.1460,17.1448,14.3697,12.8254,10.3503,8.4261,5.2350,3.9452
2026-05-04T09:31:19.403077,1.2668980698849282e-08,0,0,0.001962,50,49,49,45,42,39,36,29,22,10.5265,9.9131,8.9925,8.0016,7.3278,6.3993,5.6581,4.2292,3.5415
2026-05-04T09:31:19.421249,1.5615441839120855e-08,0,0,0.002701,76,75,72,68,68,64,64,53,38,14.4506,13.6034,12.3389,10.9761,10.0498,8.7661,7.7457,5.7950,4.8414
2026-05-04T10:18:37.826999,8.038907668127799e-17,0,0,0.001657,39,38,38,37,36,35,34,31,30,10.0860,9.5136,8.7135,7.8407,7.2130,6.3644,5.7878,4.6857,4.1475
2026-05-04T15:51:35.698861,9.84334645350374e-25,0,0,0.001295,36,36,34,34,34,32,28,25,21,5.5978,5.1877,4.5965,3.9941,3.6364,3.0550,2.6357,1.9150,1.6037
2026-05-06T09:08:53.434403,1.4937895168081939e-15,0,0,0.001603,35,35,35,30,29,27,26,23,19,8.6392,8.4182,8.0053,7.3933,6.9205,6.2590,5.7700,4.7378,4.1800
2026-05-06T11:45:50.392601,8.953415773297259e-17,0,0,0.001442,29,28,28,27,26,25,24,19,18,7.7963,7.1911,6.3398,5.5525,5.0106,4.2416,3.7274,2.8360,2.4012
2026-05-07T19:05:13.648495,2.3013413523116812e-11,0,0,0.000692,21,20,20,19,19,18,17,13,8,2.3490,2.2497,2.0914,1.8842,1.7216,1.4871,1.3012,0.9234,0.7451
2026-05-08T01:26:50.612298,9.032881937447789e-14,0,0,0.001416,26,26,24,24,24,23,22,16,12,4.8322,4.4825,4.0648,3.6193,3.3003,2.8062,2.4236,1.6877,1.3716
2026-05-08T17:27:31.177371,1.4482842588563767e-10,0,0,0.001827,30,30,28,28,28,25,24,22,16,7.0017,6.5791,5.9857,5.3574,4.9061,4.1578,3.6254,2.5393,2.0623
2026-05-09T03:26:26.402257,4.3177456707412134e-30,0,0,0.001836,44,44,42,40,38,36,34,29,28,6.7812,6.5215,6.0764,5.5377,5.0982,4.4954,3.9604,2.9432,2.4805
2026-05-12T11:13:58.753947,1.0241549123929324e-15,0,0,0.001800,28,26,26,25,25,25,21,18,14,7.6482,7.1618,6.5173,5.7936,5.2800,4.5282,4.0109,3.0245,2.5391
2026-05-14T12:34:03.832607,1.1944970546302268e-19,0,0,0.001533,34,33,33,31,29,28,25,20,15,6.1871,5.8565,5.3246,4.7702,4.3420,3.7048,3.2132,2.2879,1.8853
2026-05-14T12:34:56.291615,3.7877863324980344e-37,0,0,0.001841,45,43,41,39,35,31,30,26,22,7.3668,6.9614,6.3543,5.7108,5.2041,4.4909,3.9080,2.8229,2.3468
2026-05-15T11:09:18.125262,2.794383059866881e-29,0,0,0.001024,44,44,43,42,41,37,33,24,21,4.0772,3.8429,3.5119,3.1613,2.8836,2.4652,2.1767,1.5840,1.3306
2026-05-15T14:36:15.528913,4.471110142504352e-09,0,0,0.001644,25,24,24,23,22,20,17,15,10,6.2180,5.9456,5.5214,4.9950,4.6238,4.0584,3.5636,2.6179,2.2044
2026-05-16T08:55:38.688955,2.5256572685576472e-08,0,0,0.001107,22,22,22,20,19,19,18,15,13,5.5679,5.1374,4.5325,3.9141,3.4764,2.9050,2.4963,1.8181,1.5414
2026-05-17T07:36:14.284699,1.661288954774266e-07,0,0,0.001148,23,23,23,22,22,21,18,16,13,5.8327,5.3874,4.7641,4.1183,3.7286,3.1761,2.7917,2.0670,1.7608
2026-05-17T22:52:47.506395,3.8236650262072537e-45,0,0,0.001170,56,55,55,55,55,52,47,40,31,5.6132,5.1700,4.5537,3.9232,3.4983,2.9588,2.5646,1.8467,1.5500
2026-05-20T21:06:03.398919,1.5924816476028755e-11,0,0,0.001828,36,35,30,29,28,27,24,23,21,7.9574,7.3444,6.5135,5.6576,5.1018,4.2451,3.5757,2.4180,1.9111
2026-05-21T09:18:27.292581,6.8331571872651744e-18,0,0,0.001988,36,36,36,35,34,33,32,27,24,7.4560,7.0724,6.5323,5.8134,5.3114,4.5312,3.9740,2.8234,2.3424
2026-05-21T12:42:54.340249,1.2678192882082435e-06,0,0,0.000575,23,22,22,21,20,20,18,16,10,5.5500,5.1759,4.6198,4.0494,3.7102,3.1169,2.5588,1.5685,1.0301
2026-05-21T19:40:04.629965,1.5386641353438042e-19,0,0,0.001231,27,27,27,27,27,25,23,20,19,4.8967,4.5728,4.1220,3.6439,3.2871,2.7468,2.3352,1.5810,1.2242
2026-05-21T22:15:51.032380,1.0570954308389426e-22,0,0,0.001816,47,47,46,45,45,41,38,33,28,8.9362,8.3583,7.4476,6.5680,5.9406,5.0528,4.4163,3.3422,2.7919
2026-05-23T13:15:03.736818,4.2188032637374785e-20,0,0,0.001792,36,35,33,32,30,28,27,20,17,8.7818,8.1772,7.3717,6.4811,5.9625,5.1344,4.4447,3.1786,2.5088
2026-05-23T14:58:34.230587,1.0573699308062393e-36,0,0,0.001461,48,47,46,45,45,42,38,32,22,6.4209,6.0800,5.5421,4.9828,4.6389,4.0339,3.5019,2.5434,2.0557
2026-05-24T11:23:04.053601,3.352192476856101e-11,0,0,0.001589,93,55,32,11,7,6,4,4,4,6.9587,6.3857,5.6369,4.8553,4.3248,3.5913,3.0303,2.0657,1.6765
2026-05-24T11:46:30.253935,9.297216778201528e-16,0,0,0.001884,42,40,39,36,34,30,26,21,18,11.3442,10.5478,9.3175,8.1061,7.3934,6.2221,5.2430,3.5397,2.6491
2026-05-25T06:03:49.373961,5.259478628617632e-11,0,0,0.001548,26,25,23,21,20,19,19,17,13,7.0741,6.5581,5.7903,5.0429,4.4980,3.7403,3.2149,2.2251,1.8452
2026-05-25T12:03:47.017744,1.271331860588032e-28,0,0,0.001456,40,40,39,37,37,36,33,27,24,6.8190,6.3962,5.7307,5.0667,4.6541,3.9791,3.4150,2.4421,1.9958
2026-05-25T18:15:21.636659,2.8020513885399107e-10,0,0,0.001718,30,30,26,25,25,25,25,22,20,8.1049,7.3648,6.3652,5.4221,4.8451,4.0121,3.3778,2.3132,1.8629
2026-05-25T18:58:53.669071,2.515269379085314e-15,0,0,0.001401,26,26,24,22,20,20,20,15,12,5.1745,4.8809,4.4103,3.8988,3.5414,3.0383,2.5968,1.8029,1.4633
2026-05-25T19:57:42.468019,4.6237523018790424e-08,0,0,0.000705,20,20,19,19,19,19,17,16,16,3.4535,3.1743,2.8076,2.4376,2.2062,1.8611,1.6155,1.1711,0.9667
2026-05-26T20:08:18.354422,5.4684466069896344e-18,0,0,0.001675,30,29,28,28,28,26,25,21,18,8.3150,7.8150,7.0723,6.2491,5.7356,4.9303,4.3973,3.3771,2.8771
2026-05-27T14:18:00.189104,2.287460850744846e-06,0,0,0.001126,36,34,34,29,27,23,21,15,14,14.4428,13.0689,11.0256,9.0773,7.9394,6.1207,4.5677,2.2929,1.4860
2026-05-28T06:00:43.711732,1.5102622408891311e-06,0,0,0.000861,28,28,26,26,26,26,24,22,22,4.1526,3.8099,3.2889,2.8262,2.5218,2.0961,1.7860,1.2594,1.0402
2026-05-28T09:24:18.145071,4.490951435918707e-15,0,0,0.001729,42,41,40,38,35,31,29,23,21,8.5339,7.9279,6.9769,6.0391,5.5257,4.7066,3.9757,2.8047,2.2677
2026-05-28T16:21:41.803194,7.315563310449931e-15,0,0,0.001422,24,24,24,23,23,22,21,15,12,5.1299,4.8922,4.5281,4.0871,3.7862,3.2720,2.8339,1.9592,1.5391
2026-05-28T17:16:07.780107,1.323645080664346e-06,0,0,0.001154,21,21,21,19,18,16,15,13,9,5.9000,5.3172,4.5688,3.8484,3.4206,2.8110,2.3809,1.6261,1.3120
2026-05-31T17:58:03.927716,2.2840233336892033e-17,0,0,0.001833,37,37,37,37,34,31,29,27,25,9.1352,8.5649,7.8012,6.9134,6.2978,5.4295,4.8055,3.6900,3.1818
2026-06-02T23:46:07.161688,3.15379677780544e-24,0,0,0.001261,33,33,33,31,30,29,26,23,20,5.5821,5.2497,4.7886,4.2625,3.8830,3.3372,2.9525,2.1921,1.8724
2026-06-04T04:23:24.969219,3.2452870100490984e-36,0,0,0.001557,52,51,51,49,48,46,43,41,36,8.2442,7.4885,6.4717,5.5548,5.0036,4.1032,3.4498,2.3811,1.8747
2026-06-05T19:51:45.947405,4.19320251470481e-09,0,0,0.001633,30,29,28,25,24,23,22,18,17,6.7961,6.5025,6.0472,5.4773,5.0476,4.3762,3.8814,2.8768,2.4149
2026-06-06T19:48:19.423713,4.319121824836108e-08,0,0,0.001255,33,33,30,30,29,26,25,18,13,5.9852,5.6392,5.1441,4.5902,4.2105,3.6572,3.2446,2.5157,2.1740
2026-06-06T23:06:54.505401,1.5985764251089077e-11,0,0,0.001257,24,22,22,22,21,21,21,17,16,5.6489,5.1912,4.5563,3.9691,3.5685,2.9819,2.5445,1.8265,1.5071
2026-06-07T23:23:27.718647,2.2193537346509594e-10,0,0,0.001004,18,17,17,17,16,15,15,15,11,4.3136,4.0225,3.5890,3.1539,2.8507,2.3862,2.0678,1.4507,1.1997
2026-06-08T13:24:54.212168,4.0834517038985144e-10,0,0,0.001259,27,27,26,26,26,26,23,21,20,5.3553,5.0380,4.5967,4.0963,3.7249,3.2010,2.8080,2.0558,1.7378
2026-06-09T02:13:11.066412,4.6798843873405676e-11,0,0,0.000556,17,17,16,16,16,15,15,14,14,3.0442,2.7533,2.3511,1.9849,1.7693,1.4269,1.1868,0.7900,0.6212
2026-06-09T16:41:56.080853,4.06225710483134e-08,0,0,0.001651,31,31,30,26,25,24,22,19,17,9.1421,8.7928,8.2308,7.5228,6.9792,6.2421,5.7017,4.6670,4.1208
2026-06-11T02:48:05.294085,3.6849567681893702e-09,0,0,0.001652,33,33,30,29,28,24,23,18,14,8.5812,7.8720,6.9067,5.9697,5.3999,4.5155,3.8054,2.6223,2.0842
2026-06-11T21:02:15.644285,4.1940999504474377e-50,0,0,0.001841,59,58,58,57,54,54,52,44,40,8.2768,7.5944,6.6944,5.7618,5.1630,4.3021,3.7312,2.6201,2.1692
2026-06-12T16:14:46.064347,2.6757774749630553e-29,0,0,0.001772,41,41,39,38,37,37,36,32,29,10.1755,9.4229,8.3283,7.2177,6.4785,5.4305,4.6734,3.4643,2.9649
2026-06-12T17:57:06.127273,5.7504875660783104e-11,0,0,0.001114,27,26,24,24,23,22,22,20,18,5.7937,5.3464,4.6690,4.0496,3.6547,3.0572,2.7050,2.0287,1.7109
2026-06-14T21:02:49.587485,3.0995991018684493e-07,0,0,0.001604,24,24,24,24,24,24,22,21,16,6.4580,6.1242,5.5815,4.9723,4.4911,3.8284,3.3311,2.3533,1.9442
2026-06-15T00:58:57.367056,3.267716789387648e-06,0,0,0.000427,14,13,13,13,13,12,12,10,10,1.8965,1.7449,1.5146,1.2845,1.1417,0.9243,0.7777,0.5247,0.4210
2026-06-15T07:24:43.219169,7.260897610767649e-17,0,0,0.001422,32,30,30,27,26,24,23,18,14,6.2007,5.6564,4.9044,4.1985,3.7525,3.0587,2.5768,1.7186,1.3739
2026-06-16T05:52:26.475265,5.178435942030642e-19,0,0,0.001840,36,35,34,34,33,30,28,18,14,8.3060,7.7447,6.8991,6.0841,5.5553,4.7598,4.0043,2.8158,2.2294
2026-06-16T07:41:25.060720,2.300673269778036e-18,0,0,0.001020,32,32,30,28,28,27,26,25,22,6.1079,5.5402,4.6856,3.8583,3.3674,2.6066,2.0590,1.2961,1.0153
2026-06-16T17:14:21.812268,1.3927519466452322e-06,0,0,0.001568,28,28,28,26,25,24,22,18,15,8.6309,7.8826,6.9030,5.9575,5.3105,4.4299,3.8447,2.8184,2.3630
2026-06-17T02:45:12.643451,2.1745082800365004e-11,0,0,0.001306,24,24,24,21,20,20,19,15,12,5.6402,5.2491,4.6805,4.1482,3.8408,3.3501,2.8910,2.0718,1.7084
2026-06-18T02:56:33.272888,1.9571557046216604e-20,0,0,0.001223,34,33,33,32,32,30,27,25,16,5.7072,5.3205,4.8147,4.2483,3.9191,3.4404,3.0049,2.2199,1.7770
2026-06-18T07:36:06.809917,1.072063812286772e-32,0,0,0.001926,41,41,41,40,40,38,34,25,22,6.9492,6.6175,6.1243,5.5339,5.0524,4.3890,3.8160,2.7985,2.3404
2026-06-18T10:47:33.374234,7.148957439013463e-22,0,0,0.001848,43,43,42,41,40,38,35,28,22,9.6198,8.9720,8.1563,7.2799,6.7050,5.8706,5.2975,4.1010,3.5158
2026-06-19T05:59:12.539942,6.965544829452738e-11,0,0,0.000785,20,20,20,20,20,19,18,17,14,2.8248,2.6821,2.4398,2.1722,1.9728,1.6679,1.4479,1.0165,0.8389
2026-06-21T09:52:16.633473,1.6339292338295264e-11,0,0,0.001603,32,32,31,31,31,30,29,25,23,7.7641,7.3916,6.8346,6.1934,5.7133,4.9985,4.5095,3.5460,3.0757
2026-06-24T14:12:28.404133,8.326466996748866e-15,0,0,0.001684,31,29,29,28,27,26,24,18,14,7.7861,7.2903,6.4866,5.7169,5.1786,4.3876,3.8348,2.8193,2.3984
2026-06-24T23:42:27.774960,1.8616313546087959e-13,0,0,0.001408,29,29,29,29,26,23,21,18,15,5.4992,5.2510,4.8464,4.3870,4.0961,3.6026,3.1268,2.2955,1.8994
2026-06-25T12:55:25.906199,2.734537746483341e-26,0,0,0.001485,46,44,43,43,43,35,33,29,22,6.7750,6.3850,5.7917,5.1444,4.6772,3.9984,3.5004,2.6078,2.2081
2026-06-26T15:38:03.381514,2.5375651759943146e-10,0,0,0.001218,21,21,21,21,21,20,19,15,15,4.5046,4.2869,3.9559,3.5776,3.2676,2.7915,2.4476,1.7740,1.4898
2026-06-28T03:33:40.047719,1.5872212256680813e-12,0,0,0.001694,31,31,29,26,25,22,22,20,16,7.7369,7.1928,6.4561,5.6827,5.1753,4.3617,3.7645,2.6446,2.1218
2026-06-28T11:54:48.787304,3.2006613654597584e-43,0,0,0.001031,49,49,49,47,47,44,41,31,24,4.5527,4.2819,3.8966,3.4759,3.1671,2.7010,2.3912,1.7955,1.5294
2026-06-30T10:30:56.584235,5.364688554333351e-06,0,0,0.000391,17,17,17,17,17,17,16,16,14,1.5755,1.5172,1.4363,1.3089,1.2068,1.0553,0.9514,0.7332,0.6211
2026-06-30T10:43:52.754500,1.498909738534068e-35,0,0,0.001965,46,46,42,42,41,40,40,33,26,8.3366,7.9386,7.2617,6.4569,5.8971,5.0645,4.4928,3.4110,2.9178
2026-06-30T21:45:04.602639,1.2116127358981813e-29,0,0,0.001754,45,44,43,43,43,39,35,27,23,9.0791,8.3934,7.2985,6.2435,5.6544,4.7650,4.0200,2.8702,2.3271
2026-07-01T17:24:18.006519,1.8825377540994806e-24,0,0,0.001069,33,32,32,29,28,28,25,21,17,4.0466,3.7777,3.3728,2.9430,2.6585,2.2438,1.9323,1.3260,1.0706
2026-07-02T09:22:09.643261,3.6619271994244076e-41,0,0,0.001397,53,52,51,51,51,48,46,36,30,5.7193,5.5337,5.2381,4.8021,4.4373,3.8954,3.5003,2.6219,2.2105
2026-07-03T13:58:28.763060,9.740945527861564e-10,0,0,0.000812,29,27,26,24,23,22,22,20,19,4.1464,3.8232,3.3380,2.8344,2.5256,2.0654,1.7270,1.1504,0.8908
2026-07-04T02:59:38.746111,7.336454701791922e-16,0,0,0.001130,33,32,31,31,28,28,24,18,15,5.4801,5.1314,4.7097,4.2046,3.8416,3.3399,2.9809,2.2943,1.9468
2026-07-04T06:33:34.358826,4.629443000746045e-13,0,0,0.001470,28,27,27,26,26,22,21,15,13,5.8504,5.6730,5.4064,4.9847,4.6180,4.0604,3.6714,2.8888,2.4634
2026-07-05T18:01:46.561706,8.667428172068608e-08,0,0,0.000904,20,20,20,19,19,18,18,14,12,3.4428,3.2556,2.9794,2.6703,2.4663,2.1426,1.8577,1.3404,1.1003
2026-07-07T09:57:23.311785,2.2542980080674898e-08,0,0,0.000817,22,22,22,22,21,19,18,13,11,3.8432,3.5354,3.0831,2.6437,2.3606,1.9340,1.6435,1.1116,0.9037
2026-07-07T13:52:46.451020,3.835964357636823e-16,0,0,0.000773,27,27,27,27,26,25,25,22,21,2.6040,2.4740,2.2577,2.0145,1.8490,1.5737,1.3551,0.9362,0.7722
2026-07-09T05:51:06.539381,2.092021209812726e-09,0,0,0.001539,116,84,39,15,9,6,4,3,3,7.5589,7.0856,6.3674,5.5862,5.0818,4.3543,3.8382,2.8977,2.4523
2026-07-09T15:37:25.944213,9.938067236406798e-12,0,0,0.001719,28,27,27,26,24,22,21,18,16,7.3552,6.8526,6.1146,5.4418,4.9964,4.3209,3.7349,2.7079,2.1922
2026-07-12T00:14:17.701003,4.768589896554563e-15,0,0,0.001190,25,25,25,25,24,24,21,20,18,6.1249,5.7096,5.1122,4.4661,4.0364,3.4486,3.0147,2.2418,1.8686
2026-07-13T19:33:12.126600,1.06466474300701e-06,0,0,0.001125,25,25,24,23,23,22,20,18,15,4.2181,4.0204,3.7153,3.3460,3.0471,2.6499,2.3323,1.7039,1.4358
2026-07-17T05:39:51.183288,1.03220099531843e-10,0,0,0.001785,24,24,24,24,23,23,22,18,18,8.9342,8.1481,7.0825,5.9826,5.3614,4.4220,3.7540,2.5667,2.0862
2026-07-17T16:56:11.147553,1.521546534487758e-26,0,0,0.000969,35,35,35,34,34,32,31,26,20,4.7251,4.3517,3.8045,3.2672,2.9432,2.4704,2.1342,1.5235,1.2440
2026-07-19T02:01:37.212436,2.6952745621213782e-06,0,0,0.000440,16,16,16,16,16,14,14,12,10,1.9607,1.8373,1.6585,1.4602,1.3198,1.1200,0.9804,0.7122,0.5982
2026-07-19T20:54:56.864823,1.7591983324663147e-08,0,0,0.000866,22,22,22,21,21,21,21,19,17,5.0245,4.6668,4.1581,3.6420,3.3162,2.8412,2.5088,1.9336,1.6480
2026-07-20T04:44:58.583334,1.5516048710626437e-62,0,0,0.002514,96,96,96,94,93,91,86,78,72,12.3336,11.3115,9.8780,8.4535,7.5647,6.2988,5.3580,3.7379,3.0269
2026-07-25T00:04:00.723653,2.3399584524391397e-13,0,0,0.001380,32,31,28,26,26,25,25,22,18,6.8239,6.2837,5.5122,4.7518,4.2103,3.5029,2.9997,2.1306,1.7675
2026-07-25T17:18:22.687592,1.2646102976598075e-20,0,0,0.001895,40,38,38,37,33,32,30,22,19,10.6242,9.9437,8.9675,7.9167,7.2219,6.2725,5.5509,4.3689,3.7746
2026-07-25T22:28:29.835500,7.091851524753797e-08,0,0,0.001094,25,25,22,20,20,19,19,16,13,5.9572,5.5130,4.8400,4.1754,3.7113,3.0725,2.6432,1.9239,1.6128
2026-07-26T04:32:13.287428,6.478554364807044e-22,0,0,0.001633,34,34,34,32,30,29,28,24,21,9.3856,8.6375,7.4606,6.4025,5.7080,4.6664,3.9019,2.5938,1.9959
2026-07-26T18:57:16.536540,1.2488634878671325e-08,0,0,0.001136,28,28,27,27,27,25,23,21,17,7.4546,7.0943,6.6043,5.9721,5.5148,4.9210,4.4930,3.6737,3.2680
2026-07-28T10:26:46.036997,2.9656970084128736e-20,0,0,0.001055,30,30,29,29,29,29,28,25,22,4.8221,4.4092,3.8321,3.2476,2.8672,2.3865,1.9811,1.3278,1.0513
2026-07-29T09:51:42.475010,1.42613395198534e-17,0,0,0.001874,32,32,31,31,30,29,27,23,18,6.1890,5.8899,5.4233,4.9141,4.4863,3.8758,3.3628,2.3511,1.9119
2026-07-30T16:36:28.554691,2.3073028059320758e-11,0,0,0.001887,39,39,39,39,38,34,32,30,25,11.3332,11.0016,10.4231,9.6045,8.9421,8.1120,7.4945,6.1469,5.4369
2026-08-01T12:42:56.870472,5.629525969710383e-06,0,0,0.000870,21,20,20,19,18,17,16,14,13,4.8961,4.5327,4.0156,3.4804,3.1451,2.6675,2.3129,1.7325,1.4689
2026-08-02T08:16:26.291646,3.054068711449472e-13,0,0,0.001505,31,30,29,27,27,26,26,25,23,7.0918,6.4640,5.5959,4.7674,4.2422,3.4319,2.8535,1.9208,1.5301
2026-08-02T13:59:19.656072,4.005813100614818e-12,0,0,0.001401,27,27,27,26,25,25,22,16,13,8.2886,7.9122,7.3878,6.7241,6.2225,5.5425,5.0698,4.1415,3.6030
2026-08-05T22:56:28.097670,7.677743930879753e-13,0,0,0.001503,31,31,31,29,29,28,24,22,19,5.8526,5.6036,5.2172,4.7564,4.4224,3.8850,3.3878,2.4890,2.0624
2026-08-06T01:01:22.988680,2.0231841140006778e-11,0,0,0.000347,19,18,18,17,17,17,17,17,15,1.5239,1.4091,1.2331,1.0547,0.9408,0.7683,0.6469,0.4385,0.3498
2026-08-06T05:52:36.357160,1.4643605390764393e-08,0,0,0.001812,32,32,32,29,29,28,26,24,20,8.5166,7.7442,6.6853,5.7098,5.0618,4.0606,3.3898,2.2074,1.7278
2026-08-07T21:46:36.280548,5.00415088123541e-23,0,0,0.001894,36,36,36,35,35,33,31,26,19,7.4755,7.1666,6.6873,6.0551,5.5902,4.8804,4.3017,3.1194,2.5923
2026-08-08T05:44:01.255259,1.5559373795807358e-33,0,0,0.001045,46,45,45,44,44,40,37,33,27,3.5922,3.4423,3.1763,2.8612,2.6300,2.2331,1.9186,1.3390,1.0788
2026-08-08T20:13:44.364118,9.71295512533503e-41,0,0,0.001287,46,46,46,43,39,37,36,31,22,5.4316,5.2106,4.8082,4.3311,3.9723,3.4406,2.9882,2.1178,1.7044
2026-08-08T22:29:41.339922,2.0939979393235594e-14,0,0,0.001532,30,30,29,29,28,27,26,23,21,7.3831,6.7486,5.8170,4.9466,4.3647,3.5848,3.0401,2.0914,1.6728
2026-08-09T04:56:10.225795,1.6563701443724444e-09,0,0,0.001387,31,31,30,29,29,29,29,26,23,7.3168,6.5378,5.5095,4.6044,4.1043,3.3239,2.7691,1.8262,1.4290
2026-08-10T06:49:46.833805,3.0485989861552427e-16,0,0,0.001715,33,33,32,29,27,25,23,22,16,8.2953,7.5937,6.5932,5.6214,4.9874,4.1333,3.5253,2.4521,1.9757
2026-08-10T20:51:02.458904,3.0589162338239227e-15,0,0,0.001552,26,26,26,25,25,24,23,22,21,6.3020,6.0049,5.5527,5.0455,4.7046,4.1308,3.5829,2.6493,2.1908
2026-08-11T21:00:17.960897,6.449396483142424e-20,0,0,0.001768,36,36,36,34,34,34,31,28,23,7.9756,7.4970,6.7996,6.0505,5.5460,4.7254,4.0655,2.8145,2.2636
2026-08-11T21:32:22.823634,1.4440492849888892e-20,0,0,0.001495,31,31,29,29,28,25,25,23,21,6.2033,5.7487,5.1213,4.4358,3.9722,3.3138,2.8570,1.9563,1.5991
2026-08-12T19:37:07.388752,7.488150089156829e-09,0,0,0.001349,27,27,26,26,26,25,24,20,20,5.7470,5.4023,4.9287,4.4102,4.0778,3.5606,3.1035,2.2497,1.8457
2026-08-13T04:14:43.228915,5.561544683096985e-31,0,0,0.001854,42,41,36,33,32,32,31,27,23,8.5368,7.8355,6.8804,5.8766,5.2708,4.3401,3.6265,2.5029,1.9757
2026-08-13T05:15:08.848006,6.701096834405755e-08,0,0,0.001639,27,27,27,27,26,25,22,19,14,6.5262,6.2257,5.7241,5.0925,4.6604,4.0172,3.5297,2.6108,2.2118
2026-08-13T06:51:46.775321,2.8491608014119304e-21,0,0,0.001915,38,38,38,37,35,35,33,28,25,8.3418,8.0274,7.4636,6.8417,6.2865,5.4780,4.8987,3.6888,3.1104
2026-08-15T02:34:06.046949,1.3453169283031732e-14,0,0,0.002123,39,39,39,38,38,38,37,31,25,7.6374,7.2546,6.6199,5.9026,5.3654,4.5494,3.9115,2.7224,2.1670
2026-08-16T01:07:19.025610,2.498016792403186e-12,0,0,0.001544,24,24,23,21,21,21,21,15,11,6.0676,5.6356,4.9923,4.3326,3.9013,3.2588,2.7449,1.8614,1.4886
2026-08-16T01:34:32.359421,2.9802145383284386e-14,0,0,0.001091,30,30,29,27,26,25,25,20,16,4.3629,4.1133,3.7248,3.3028,3.0162,2.5633,2.1721,1.4481,1.1378
2026-08-18T20:11:12.634015,4.865960929600817e-10,0,0,0.004256,122,118,107,94,88,67,47,25,9,22.1481,20.3017,17.7718,15.2569,13.8232,11.5061,9.8446,6.8611,5.4339
2026-08-19T16:25:49.347422,1.562127796082964e-23,0,0,0.001563,35,34,34,32,32,31,28,25,22,7.2885,6.6846,5.8716,5.0222,4.5888,3.8381,3.2650,2.2901,1.8488
2026-08-20T13:07:43.819760,2.5065700835522946e-35,0,0,0.001867,52,52,48,46,44,41,39,34,32,8.1865,7.6217,6.7749,5.9122,5.3341,4.4761,3.8773,2.6666,2.1593
2026-08-20T17:03:57.955350,5.132716700407453e-35,0,0,0.001721,43,43,42,40,40,37,36,28,26,5.6976,5.4490,5.0396,4.5120,4.1096,3.5272,3.0344,2.1243,1.7280
2026-08-21T16:52:13.962415,9.88616304073513e-07,0,0,0.000868,24,23,22,21,20,20,17,15,13,3.6119,3.4028,3.1082,2.7790,2.5922,2.2691,1.9680,1.4594,1.2095
2026-08-22T05:55:11.755019,8.273109191742422e-17,0,0,0.001329,37,36,35,34,34,34,32,27,25,5.8691,5.6516,5.2966,4.8113,4.4569,3.9172,3.5212,2.7607,2.3701
2026-08-22T17:16:32.165530,1.5406980881378349e-13,0,0,0.001378,26,25,23,23,23,22,20,17,15,4.6720,4.4708,4.1277,3.6990,3.4067,2.9161,2.5284,1.7851,1.4441
2026-08-23T15:42:07.770130,6.287710573209898e-06,0,0,0.001410,20,20,20,18,16,16,15,11,6,5.8188,5.5054,5.0483,4.5555,4.2030,3.6518,3.1811,2.3472,1.9341
2026-08-24T22:04:00.125343,3.51701405938176e-12,0,0,0.000678,17,17,17,17,17,17,17,14,14,3.0089,2.7778,2.4648,2.1487,1.9381,1.5926,1.3608,0.9482,0.7718
2026-08-24T23:48:40.549292,2.883204700399969e-08,0,0,0.001276,24,23,22,22,22,21,21,14,12,5.8352,5.4731,4.9807,4.4381,4.0457,3.4457,3.0191,2.2568,1.9320
