start,fa,lon,lat,phase,n_core,dur_ms,pi_core_med,pi_bkg_med,pi_med_ratio,acd_core,acd_bkg,det_frac_max,rate_bkg,n_det_hit
2024-06-27T14:23:08.792580,1.330473647562104e-06,-178.16894958149618,-10.88066487080154,0.792581,13,0.2000,55,28,1.964,0.0000,0.0141,0.385,3185,3
2024-07-13T19:06:04.633352,1.0487593022082956e-15,25.484628082863495,6.486077352829239,0.633352,28,1.1470,70,53,1.321,0.0000,0.0080,0.464,5274,3
2024-07-22T21:40:20.386240,7.883160896550764e-42,-75.47688208336994,8.501443577209125,0.386241,45,1.5260,101,33,3.061,0.0000,0.0109,0.400,3640,3
2024-08-08T17:01:41.653057,1.5059312617287855e-06,-68.0501014347063,28.34368338234017,0.653058,10,0.3140,189,36,5.250,0.0000,0.0133,0.400,3201,3
2024-08-14T20:38:18.442761,2.8472249152442753e-06,-93.55619827975596,16.090490801916342,0.442762,23,1.5640,77,30,2.567,0.0000,0.0079,0.478,4756,3
2024-08-25T06:58:48.553660,2.4196247890323068e-17,-92.1494763526579,11.387547061256557,0.553660,27,1.0950,109,30,3.633,0.0370,0.0091,0.407,4582,3
2024-09-07T15:20:27.299291,5.598067404281041e-12,24.837488018263244,0.35734432559921914,0.299292,24,1.6690,72,55,1.309,0.0000,0.0072,0.375,4974,3
2024-09-16T13:32:00.545332,2.736205019688459e-09,116.91689242688466,22.961946486230843,0.545333,25,1.3100,54,39,1.385,0.0000,0.0086,0.400,4601,3
2024-09-22T16:22:27.636195,2.2289055979965962e-18,-71.87690292061738,15.037418241087074,0.636196,27,1.1200,54,35,1.543,0.0000,0.0095,0.407,3258,3
2024-09-28T22:41:18.358779,8.249365149834247e-44,111.49744075683198,-4.180892164597811,0.358780,44,1.6110,77,34,2.265,0.0000,0.0178,0.432,2664,3
2024-10-05T19:49:26.369778,4.998838789665062e-11,120.40564107315883,4.683691007735229,0.369778,20,1.5380,66,30,2.200,0.0000,0.0117,0.350,3412,3
2024-10-14T15:49:57.925110,4.2077057523876996e-13,124.57082234244004,9.260478645685463,0.925110,21,1.0970,89,29,3.069,0.0000,0.0102,0.429,3524,3
2024-10-14T15:50:36.052275,3.763121538314175e-25,126.53232857002229,10.352760366858195,0.052276,33,0.8910,56,30,1.867,0.0000,0.0125,0.394,3548,3
2024-10-21T08:38:57.108469,6.717957512443672e-09,-30.105319242662148,9.079032720835688,0.108470,22,0.8190,57,33,1.742,0.0000,0.0149,0.500,2714,3
2024-11-02T07:59:35.226332,8.205252730874885e-37,106.14535282469758,9.181483490075433,0.226332,41,1.6720,65,37,1.757,0.0000,0.0144,0.366,3085,3
2024-11-13T19:46:07.605843,1.682794762752224e-10,18.08830995167973,-5.023209998201547,0.605843,22,1.0370,71,32,2.219,0.0000,0.0141,0.455,3236,3
2024-11-21T20:08:56.024679,1.0999387455008596e-07,-68.23523384554346,7.249952337818209,0.024679,25,1.3890,53,31,1.710,0.0000,0.0112,0.440,3218,3
2024-12-02T05:27:50.194867,2.42434994440361e-13,119.25224727612144,-15.406415824880868,0.194867,26,1.8510,52,34,1.544,0.0000,0.0118,0.385,3302,3
2024-12-02T05:28:26.244569,6.6572051228959724e-21,121.20156376361156,-16.338536133271944,0.244570,31,1.6930,91,34,2.676,0.0323,0.0095,0.355,3352,3
2024-12-02T05:31:34.410997,9.959681994714019e-30,131.71191808356326,-20.82683444994502,0.410997,35,1.4280,84,33,2.545,0.0000,0.0098,0.457,3736,3
2024-12-16T20:19:48.240725,2.578970972942317e-15,127.31613526702436,-3.956237909105989,0.240726,27,1.1020,80,31,2.581,0.0000,0.0121,0.444,3592,3
2024-12-29T14:03:34.360275,1.5081299198996187e-10,140.46973521323326,-10.2740200149703,0.360275,22,0.6600,74,33,2.242,0.0000,0.0104,0.455,3166,3
2025-01-04T18:48:36.785329,6.55901047449243e-11,17.71476939663839,-6.946886031804728,0.785330,22,1.7970,76,30,2.550,0.0000,0.0180,0.364,2748,3
2025-01-10T21:07:35.655216,3.688862211410257e-07,111.27755984537302,2.9673962458257233,0.655217,16,0.8300,42,30,1.400,0.0000,0.0132,0.500,2959,3
2025-01-25T01:36:47.911985,2.6654248731183395e-36,138.4595927171099,-12.360004869751853,0.911985,38,0.4370,65,33,1.970,0.0000,0.0111,0.474,2875,3
2025-02-11T17:17:02.369998,5.774632318104617e-06,140.60736977472018,-15.100122900725896,0.369998,22,1.0280,82,31,2.661,0.0000,0.0105,0.500,3138,3
2025-02-20T11:22:57.690838,6.201284646518791e-24,146.59215936958486,-5.638264202886361,0.690839,30,1.4270,59,33,1.788,0.0000,0.0094,0.400,3368,3
2025-03-04T12:51:06.940046,2.1573194182111385e-08,49.972115699192315,-12.533446572216894,0.940046,18,0.8460,50,31,1.629,0.0000,0.0150,0.444,1967,3
2025-03-13T12:28:29.918237,4.304926324239431e-11,129.3861018676151,-9.388086190302792,0.918237,20,1.6370,43,28,1.554,0.0000,0.0185,0.400,1943,3
2025-03-23T06:46:42.817714,3.82438929112648e-48,121.6696443484341,-19.42899860152491,0.817714,49,0.6870,33,31,1.065,0.0000,0.0176,0.367,2187,3
2025-03-30T23:08:31.588075,1.0751777346886112e-37,-163.05376726225344,-12.060243061804483,0.588076,31,1.1600,73,29,2.517,0.0000,0.0161,0.355,2179,3
2025-04-09T16:50:33.477477,3.250307382064828e-07,64.51139447856342,-0.8368703938462274,0.477477,25,1.1870,48,29,1.655,0.0000,0.0094,0.440,3558,3
2025-04-26T04:43:40.312518,3.155303625375113e-42,101.57217273664124,12.237196786576014,0.312518,47,0.9120,62,36,1.722,0.0000,0.0098,0.383,3362,3
2025-05-03T04:12:50.475845,6.900580191607637e-43,-82.14571126191471,9.019466137583615,0.475845,47,1.2750,110,30,3.667,0.0213,0.0097,0.340,3953,3
2025-05-08T18:16:20.045323,2.033698835522874e-17,8.478524449276863,-0.68041827465574,0.045324,32,1.4880,86,47,1.840,0.0000,0.0075,0.406,5318,3
2025-05-08T18:17:16.199909,7.441510090331353e-10,11.277809822823322,1.0120556113897912,0.199909,23,1.4320,98,47,2.085,0.0000,0.0072,0.391,5236,3
2025-05-15T07:46:21.394497,3.627589487085747e-07,-78.0819266924488,9.473733233888913,0.394498,15,0.3320,64,29,2.207,0.0000,0.0106,0.467,3460,3
2025-05-20T11:31:41.509965,5.0201209417722025e-14,30.487421246343448,2.8235501775281486,0.509966,29,1.1830,91,44,2.068,0.0000,0.0087,0.517,4937,3
2025-06-07T08:36:46.482742,1.8400682958263437e-07,121.91058318009613,-1.744457270254215,0.482742,21,0.8700,52,32,1.625,0.0000,0.0077,0.476,3949,3
2025-06-14T17:37:19.830918,2.3781506983652665e-12,121.26967390526184,6.292229129990574,0.830919,18,0.5160,78,30,2.600,0.0000,0.0099,0.444,3489,3
2025-06-24T18:39:20.376947,4.433729521679103e-28,83.00406365433409,26.173872151170315,0.376948,47,1.3530,85,38,2.237,0.0000,0.0073,0.404,4740,3
2025-07-04T08:16:27.082935,1.1969044062296342e-07,-157.68670434836997,29.024416514189895,0.082935,65,2.2200,41,33,1.242,0.0000,0.0051,0.585,5062,3
2025-07-04T08:16:27.300449,8.693951681806726e-11,-157.67224022910958,29.023813842554045,0.300449,69,2.3760,43,33,1.303,0.0000,0.0048,0.580,5067,3
2025-07-04T08:16:27.323909,1.6462577839291789e-21,-157.67067853545427,29.023748771985073,0.323909,370,10.9520,46,33,1.394,0.0000,0.0050,0.522,4942,3
2025-07-12T05:05:15.681146,2.171781703107544e-12,128.8948073715258,16.194228857971478,0.681146,20,1.4770,56,35,1.614,0.0000,0.0112,0.400,2946,3
2025-07-24T16:03:49.349416,5.2482056417553445e-14,-125.16464586598448,16.818438094712715,0.349417,25,1.1990,55,29,1.897,0.0000,0.0085,0.600,4152,3
2025-08-03T16:40:24.509267,1.9523079847493887e-47,117.05418106871758,-1.4899676719860295,0.509268,46,1.8200,98,29,3.397,0.0000,0.0095,0.348,3517,3
2025-08-18T09:38:44.812093,3.821958719542186e-11,-88.44054788336719,13.874688959898034,0.812093,19,1.0560,105,30,3.500,0.0000,0.0065,0.474,3934,3
2025-08-28T05:35:54.661671,1.179767855673594e-14,-94.45802786836032,11.456519440302532,0.661672,22,1.1660,77,30,2.567,0.0000,0.0104,0.409,4272,3
2025-08-28T05:36:03.843589,9.995373813263302e-27,-93.98042532083568,11.198246417640211,0.843589,32,0.7280,60,30,2.000,0.0000,0.0074,0.375,4070,3
2025-08-30T20:14:57.750401,8.219216987682719e-11,-60.6274643309644,27.825926954319275,0.750402,21,0.8200,47,37,1.270,0.0000,0.0097,0.381,3258,3
2025-09-06T09:05:19.844058,6.968314886706958e-10,83.87117127491514,28.993279156287297,0.844059,28,1.7660,56,42,1.345,0.0000,0.0075,0.571,4406,3
2025-09-09T14:24:42.242613,9.498576780569531e-11,-77.30768656454278,19.028048432769125,0.242614,18,0.5160,52,33,1.576,0.0000,0.0093,0.500,3446,3
2025-09-16T09:30:12.556150,1.496242338583382e-36,-75.98891566290986,8.4720598799459,0.556150,43,1.5360,118,31,3.806,0.0000,0.0102,0.395,3693,3
2025-10-04T00:51:36.703422,5.066744525161917e-27,-70.9293686962054,10.588364328315958,0.703422,34,1.8190,91,33,2.758,0.0000,0.0118,0.412,3520,3
2025-10-10T12:13:13.370755,3.669575853442546e-32,128.7800647290604,28.49390845203598,0.370756,39,1.1900,72,33,2.182,0.0000,0.0070,0.410,4442,3
2025-10-14T04:38:25.448746,4.831335169141023e-16,120.89090919542195,-9.648287078472189,0.448746,23,0.6000,141,30,4.700,0.0000,0.0119,0.435,3306,3
2025-10-28T08:39:20.532630,4.060457953242293e-07,122.29785183932776,16.77358354629206,0.532630,14,0.4350,78,37,2.108,0.0000,0.0073,0.429,4578,3
2025-11-06T03:43:43.828855,1.0779548671871015e-07,0.1868509697775003,8.43188994168969,0.828856,22,1.0220,73,45,1.633,0.0000,0.0060,0.409,4817,3
2025-11-23T15:36:12.878252,4.1471253077681114e-13,24.389060182073298,-7.982706781494726,0.878252,30,1.5350,71,42,1.690,0.0333,0.0073,0.400,5132,3
2025-12-01T06:14:26.437524,4.819893108537714e-20,127.85635117688194,2.2193021790678755,0.437525,24,0.9930,53,31,1.710,0.0000,0.0107,0.417,3135,3
2025-12-09T13:43:39.296948,1.6314555202347118e-13,132.57877793882935,-0.9379480865059862,0.296948,24,1.2300,78,32,2.453,0.0000,0.0079,0.417,4250,3
2025-12-21T10:10:07.140914,2.404446485997405e-11,128.18086480216172,-15.754846758452262,0.140915,21,1.7900,105,31,3.387,0.0476,0.0076,0.429,4062,3
2025-12-28T13:11:18.937816,6.662058632798164e-10,-9.29666830622071,5.3837974002636075,0.937817,17,0.9250,59,34,1.735,0.0000,0.0097,0.412,2828,3
2026-01-12T07:37:25.823355,1.1849600441254326e-12,123.8768104814556,-16.550801794252813,0.823356,32,1.6610,58,34,1.721,0.0000,0.0077,0.375,2864,3
2026-01-30T19:16:48.448348,6.67302505497678e-38,52.89746795580744,-14.011695384710666,0.448349,41,1.4240,83,31,2.677,0.0000,0.0102,0.463,3535,3
2026-02-06T16:30:50.912422,5.834502057041202e-06,161.07817293247257,-18.309332727508146,0.912422,20,1.6580,65,34,1.926,0.0000,0.0107,0.650,3121,3
2026-02-13T19:04:44.631933,1.2428171329408212e-08,-73.71175772877854,0.4749976902960966,0.631934,24,1.7730,36,34,1.074,0.0000,0.0127,0.625,2992,3
2026-02-23T07:23:27.037752,3.175999175299999e-07,167.7045468540978,-21.60327761578203,0.037753,27,1.0390,45,34,1.324,0.0370,0.0108,0.519,3319,3
2026-03-03T05:24:43.971373,3.3496232346827675e-14,12.46133518786205,-4.219223484851926,0.971374,26,1.3590,99,35,2.843,0.0000,0.0110,0.423,2855,3
2026-03-19T10:49:51.920876,5.753080197929472e-13,-141.5307407946958,-24.103125220927932,0.920876,27,1.8400,66,34,1.941,0.0000,0.0066,0.519,4351,3
2026-03-19T10:51:04.612577,3.879861046120841e-18,-137.07706126644473,-25.334547601489316,0.612577,37,1.5190,55,35,1.571,0.0000,0.0086,0.405,4386,3
2026-03-19T10:52:11.181086,4.629646119645432e-12,-132.91930111518388,-26.325350931395818,0.181086,26,1.7430,56,33,1.712,0.0385,0.0059,0.385,4597,3
2026-03-27T09:07:59.983133,2.601137972859519e-12,132.42949281337027,0.11363175275680552,0.983134,26,1.0940,48,34,1.406,0.0385,0.0079,0.385,3564,3
2026-03-30T19:25:14.577256,6.22111580445538e-06,-60.947333120237914,7.79701297795127,0.577256,15,0.8260,64,33,1.939,0.0000,0.0098,0.533,2868,3
2026-04-07T17:14:30.133140,1.3653656019185068e-12,108.6882279483682,0.2742172269666203,0.133140,27,1.9390,57,29,1.966,0.0000,0.0086,0.407,3604,3
2026-04-24T08:02:02.628051,2.1265073576401678e-12,112.08580086145878,-7.064609085715162,0.628052,30,1.6010,97,29,3.345,0.0000,0.0073,0.433,3438,3
2026-05-04T10:18:37.826999,1.612994737465593e-20,15.547377411214876,-0.8355073299046534,0.826999,35,1.4370,100,45,2.222,0.0000,0.0054,0.371,5206,3
2026-05-09T03:26:26.402257,3.902083110175833e-31,103.13125406666482,9.49412017582054,0.402257,41,1.4360,70,38,1.842,0.0244,0.0121,0.439,3276,3
2026-05-20T21:06:03.398919,2.5158881332089564e-12,-89.70424840469975,2.6357038807429554,0.398920,30,1.8280,85,32,2.656,0.0000,0.0091,0.367,3528,3
2026-05-25T06:03:49.374180,3.4141977587950393e-14,104.85276474550236,2.1116132705999835,0.374180,20,0.5300,105,32,3.281,0.0000,0.0090,0.400,3702,3
2026-05-29T16:40:16.011623,3.866085466150898e-06,-79.75766896667582,-1.75830762591658,0.011623,23,1.6980,53,33,1.606,0.0000,0.0078,0.478,3446,3
2026-06-09T02:13:11.066018,2.8312003861804387e-14,-103.65371524064182,10.004274126575154,0.066019,19,1.4800,100,30,3.333,0.0000,0.0075,0.368,4188,3
2026-06-15T00:58:57.367056,6.241391192666154e-07,24.69296990521665,4.594953212808758,0.367056,13,0.4270,101,30,3.367,0.0000,0.0074,0.538,3512,3
2026-06-19T05:59:12.539144,5.221456052133103e-13,115.76955079400084,4.755889966616591,0.539145,20,1.4490,64,34,1.897,0.0000,0.0104,0.500,3076,3
2026-06-29T08:40:10.016938,9.016205393080166e-08,114.22735531797416,25.49655738776644,0.016939,25,1.4170,65,46,1.413,0.0000,0.0091,0.480,3920,3
2026-07-07T09:57:23.311785,5.54479723002069e-10,-73.23346655610528,6.523763928644494,0.311786,21,0.5550,52,31,1.677,0.0000,0.0082,0.476,3738,3
2026-07-25T00:04:00.723653,1.3118251074727726e-15,105.55692274645428,5.098947612141624,0.723653,28,1.3800,72,32,2.250,0.0000,0.0075,0.393,3954,3
2026-08-02T08:14:05.921944,2.484546036244585e-07,-85.81062574472892,9.313220311866331,0.921945,10,0.0820,90,30,3.017,0.0000,0.0074,0.400,3872,3
2026-08-02T08:16:26.292195,2.636981477782099e-17,-78.66611434542595,5.1862406161022125,0.292196,26,0.9560,82,30,2.733,0.0000,0.0083,0.577,3681,3
2026-08-09T04:56:10.225795,4.404642159615631e-15,-83.40452421931752,7.703124201945403,0.225796,31,1.8491,84,30,2.800,0.0323,0.0079,0.581,3934,3
2026-08-16T01:07:19.025610,6.146803191906812e-14,166.92670490128168,22.826101752221525,0.025610,22,1.1449,50,32,1.578,0.0455,0.0081,0.364,3201,3
2026-08-16T01:34:32.359637,1.126779465090319e-17,-92.20780145507815,12.349878314878476,0.359638,26,0.5160,57,33,1.742,0.0000,0.0078,0.423,3380,3
2024-06-29T06:05:11.706698,6.659031800822452e-18,121.32427246754136,7.298679034307298,0.706698,33,1.4640,59,38,1.553,0.0000,0.0146,0.394,2984,3
2024-07-14T14:39:46.395873,1.9149482001494412e-10,113.90050465916974,19.527441576315233,0.395873,27,1.7770,57,36,1.583,0.0000,0.0103,0.407,3927,3
2024-07-23T22:45:06.286870,5.94226347155211e-24,78.2682729076118,-7.193752615245127,0.286870,27,1.6630,57,30,1.900,0.0000,0.0094,0.519,3636,3
2024-08-08T23:08:12.599097,6.355859299209896e-22,119.16583175322177,-2.132788565173253,0.599097,31,1.4970,47,34,1.382,0.0000,0.0165,0.419,2575,3
2024-08-15T17:36:57.621439,3.884823134913311e-06,-68.77233680034425,21.633374464089364,0.621439,15,0.9600,52,33,1.576,0.0000,0.0140,0.400,3224,3
2024-08-26T12:29:15.240817,2.113262480528045e-09,-95.66267168613896,27.75319296955256,0.240818,16,0.4820,64,35,1.843,0.0000,0.0108,0.500,3696,3
2024-09-08T08:17:33.568089,4.339176703540707e-27,-62.718480547894686,4.162479291585707,0.568090,35,1.1720,78,31,2.516,0.0000,0.0149,0.514,3224,3
2024-09-17T00:48:42.678083,1.2514616394253118e-13,-67.4009237303113,26.02986872105817,0.678083,23,0.9790,81,34,2.382,0.0000,0.0104,0.435,3330,3
2024-09-23T18:15:53.269102,4.9018389984880386e-15,-108.49749645083672,14.848189872373974,0.269103,23,0.5070,69,31,2.226,0.0000,0.0093,0.435,4070,3
2024-09-29T00:30:57.157640,1.0341301742574412e-16,125.357240585996,17.427036163509868,0.157640,29,0.8100,70,36,1.944,0.0000,0.0106,0.517,3314,3
2024-10-05T23:07:27.047883,1.8514907785418165e-18,82.59965437646676,11.369281653088548,0.047883,30,1.5450,103,38,2.724,0.0000,0.0098,0.333,4117,3
2024-10-15T04:46:07.671514,3.3802047337452804e-23,-74.9706160889698,8.435920940056592,0.671514,40,1.7400,54,31,1.742,0.0250,0.0112,0.500,3645,3
2024-10-21T14:33:00.629415,1.2000384544785928e-18,106.79275539862414,15.807656490709403,0.629415,28,0.9110,57,33,1.727,0.0000,0.0103,0.429,4159,3
2024-11-03T06:38:07.638466,4.3947142285004536e-11,118.36721552242714,8.514292111771715,0.638466,24,1.3400,36,35,1.029,0.0000,0.0145,0.375,2726,3
2024-11-14T23:59:18.545621,1.6651469562127648e-33,108.94181413485072,-4.554797085699524,0.545622,45,1.7710,53,34,1.559,0.0000,0.0162,0.467,2724,3
2024-11-24T00:44:11.918467,2.861959746086276e-07,30.203418595216,-5.521436027073076,0.918468,21,0.9940,49,42,1.167,0.0000,0.0085,0.381,5022,3
2024-12-02T12:24:26.098410,2.1482877817173124e-15,125.33290277636758,-18.946631563059448,0.098410,19,0.4780,108,30,3.600,0.0000,0.0117,0.579,3754,2
2024-12-02T12:26:01.574245,2.0758768150564243e-12,130.61012747622223,-16.600820887073898,0.574246,26,0.8870,68,30,2.283,0.0000,0.0114,0.538,3687,3
2024-12-17T04:58:48.746109,3.8077964453200154e-44,125.172838887926,-20.68006820561935,0.746109,49,1.8240,62,33,1.879,0.0000,0.0123,0.408,2842,3
2025-01-01T11:37:15.631989,1.0364576888467427e-53,160.17431862305,-12.389934324752756,0.631990,60,1.4440,43,34,1.265,0.0000,0.0102,0.417,3298,3
2025-01-06T08:48:21.203458,6.632716806706252e-20,-25.472082309934507,6.019362906968653,0.203458,39,1.8690,51,44,1.159,0.0000,0.0078,0.410,3921,3
2025-01-11T06:04:09.012297,5.3855723773080635e-21,164.14839874337653,-8.24077839357121,0.012297,37,1.6320,43,38,1.132,0.0000,0.0104,0.459,3221,3
2025-01-26T10:30:37.285961,3.867075767215074e-10,125.01769800799438,-14.125665028780327,0.285961,23,1.0510,60,31,1.935,0.0000,0.0166,0.435,2322,3
2025-02-11T18:55:43.434671,5.2487224586359285e-22,121.31976248708324,-17.6597931533768,0.434671,25,0.5160,50,30,1.667,0.0000,0.0110,0.440,2989,3
2025-02-20T14:43:23.116620,2.0836099948190635e-08,117.1463673112676,-16.39811692054479,0.116621,24,1.5890,55,33,1.667,0.0000,0.0116,0.375,2676,3
2025-03-04T14:28:23.279684,2.778133569484851e-22,26.077428042272565,-12.976697639051766,0.279685,33,1.2900,74,29,2.552,0.0000,0.0154,0.515,2209,3
2025-03-14T04:05:15.638756,2.797887606623187e-14,121.34760271259957,-17.151680586598967,0.638756,29,1.4550,29,34,0.853,0.0000,0.0142,0.448,2248,3
2025-03-23T11:38:43.815470,5.611077021319156e-26,50.92319555429065,-17.945246258744664,0.815470,44,1.4590,42,40,1.062,0.0000,0.0117,0.545,3034,3
2025-03-31T01:15:27.755353,4.017179842775901e-16,-87.78559641008022,29.04055963282734,0.755353,22,0.8310,48,32,1.500,0.0000,0.0104,0.364,2897,3
2025-04-11T19:00:16.004399,9.289665858306644e-06,27.21912844540587,-6.541327291154721,0.004399,22,1.3340,69,31,2.242,0.0000,0.0101,0.545,3310,3
2025-04-26T20:14:55.947930,5.783652526950806e-09,76.59730716592692,5.33906465495224,0.947931,16,0.7920,139,34,4.088,0.0000,0.0074,0.438,4306,3
2025-05-03T21:08:48.329762,1.0426422987475823e-23,-168.6744399925172,-5.068809971435655,0.329763,29,0.8210,71,37,1.919,0.0000,0.0099,0.448,3448,3
2025-05-09T04:52:00.794977,1.317686204217331e-41,43.854651033888906,-8.885212148271533,0.794978,35,1.0050,72,34,2.118,0.0000,0.0151,0.429,2823,3
2025-05-15T13:40:16.831281,2.6575543780045184e-08,59.74450451977995,15.86942425017246,0.831282,27,1.2520,54,39,1.385,0.0000,0.0100,0.444,4270,3
2025-05-21T06:57:34.036871,1.4992512113408405e-19,100.3363397339956,6.767238214184784,0.036872,30,1.7750,57,35,1.629,0.0000,0.0073,0.367,3562,3
2025-06-08T10:43:55.346733,3.128965315057126e-17,137.43863420548365,-25.386815495626397,0.346733,568,9.5270,22,30,0.733,0.0018,0.0083,0.403,4830,3
2025-06-08T10:43:55.357033,4.766517102488729e-31,137.4392720631349,-25.38697799108333,0.357033,974,11.5330,21,31,0.677,0.0021,0.0086,0.379,4666,3
2025-06-15T06:33:02.212451,5.390129478235213e-07,-76.6742187393878,6.2448660711399,0.212451,18,1.3440,70,31,2.274,0.0000,0.0098,0.444,3715,3
2025-06-27T10:02:10.123578,8.278700342467113e-13,-81.69968621184603,16.815283331621348,0.123579,24,1.8020,68,30,2.267,0.0000,0.0087,0.375,3546,3
2025-07-05T09:56:54.114850,1.0309492706693487e-07,124.12855876268816,23.10862768666634,0.114851,19,0.8460,57,40,1.425,0.0526,0.0099,0.421,3426,3
2025-07-12T06:44:10.547430,3.7027397074461266e-22,110.63474986920946,19.084181208068017,0.547431,33,1.4941,70,40,1.750,0.0000,0.0107,0.333,3360,3
2025-07-24T19:41:25.064019,1.7797907753200313e-06,-85.53525602023132,23.715810704821305,0.064020,21,1.7360,73,37,1.973,0.0000,0.0112,0.381,3112,3
2025-08-05T09:17:35.951914,1.376208496658357e-13,-99.74999710275586,20.51028112634557,0.951914,26,1.5220,70,32,2.188,0.0000,0.0082,0.346,4248,3
2025-08-05T09:20:34.370809,4.6640335263120755e-07,-89.20515261594471,24.122303507878883,0.370810,18,1.3440,88,34,2.603,0.0000,0.0094,0.444,3657,3
2025-08-19T19:36:31.939603,3.9448784613718574e-06,117.4976776157872,11.09688475985487,0.939604,14,0.5960,90,33,2.742,0.0000,0.0083,0.500,4508,3
2025-08-28T15:16:33.224584,1.1309636101152153e-06,113.7237054095769,13.274028187188176,0.224585,17,0.7360,66,33,2.000,0.0588,0.0082,0.412,4368,3
2025-08-31T05:46:43.758395,2.2020464129284644e-23,115.13400530787388,16.84134939180318,0.758395,30,1.1680,56,36,1.569,0.0000,0.0121,0.533,3388,3
2025-09-06T20:26:34.564056,1.2735824535407056e-14,-79.03986905209136,28.063183304270936,0.564057,26,0.8730,65,34,1.912,0.0000,0.0087,0.385,3785,3
2025-09-09T19:34:29.719316,7.478747219717584e-23,-79.28078325635518,26.74240464143731,0.719316,28,0.8590,79,36,2.194,0.0000,0.0083,0.429,3313,3
2025-09-16T19:55:36.195810,8.480606791977133e-06,-70.966423809759,-0.02370392698577411,0.195810,19,1.3560,42,35,1.200,0.0000,0.0101,0.421,3228,3
2025-10-04T18:57:11.936612,2.0207594066003923e-15,86.60360602055346,29.069747527266884,0.936612,29,1.2440,69,36,1.917,0.0000,0.0070,0.345,4816,3
2025-10-10T19:09:39.334596,7.24271475292715e-08,130.0191806169432,-2.448887251533511,0.334597,22,1.1480,79,33,2.394,0.0000,0.0114,0.409,3725,3
2025-10-14T06:17:16.986746,8.470243704250392e-21,102.03355894439456,-6.288139533139975,0.986746,31,0.9210,58,32,1.812,0.0323,0.0096,0.452,3334,3
2025-10-28T18:24:54.669937,1.1172723502473893e-06,-13.424760367144929,10.33549907078711,0.669937,19,1.0120,68,30,2.267,0.0000,0.0090,0.368,3708,3
2025-11-07T14:32:08.221560,9.178177773102165e-08,22.310647894605747,-15.674258717767753,0.221560,18,0.5550,79,30,2.650,0.0000,0.0053,0.556,5318,3
2025-11-23T22:55:08.264451,4.746119664554893e-10,101.68383667384006,2.962756169482899,0.264452,27,1.7910,43,35,1.229,0.0000,0.0116,0.444,3141,3
2025-12-04T13:26:29.544318,9.681925645073806e-12,4.924943430482226,7.23062618517025,0.544318,28,1.2940,66,40,1.663,0.0000,0.0049,0.357,5252,3
2025-12-11T12:35:55.236656,5.313411030362237e-12,140.33971076083006,-3.7572304104778023,0.236656,22,0.8300,52,32,1.641,0.0000,0.0081,0.409,4276,3
2025-12-23T07:12:16.272213,2.4718067957674055e-14,120.59111955696208,4.398787112353501,0.272214,24,1.5600,67,36,1.875,0.0000,0.0086,0.542,3604,3
2025-12-31T12:26:48.926584,9.887619242369934e-24,17.052612831772972,-14.27263674959577,0.926584,36,0.8990,83,31,2.677,0.0000,0.0064,0.444,4844,3
2026-01-13T03:18:38.600364,8.539970979943834e-06,-116.47505897644362,14.990785837193997,0.600365,17,0.3670,94,28,3.357,0.0000,0.0055,0.412,4425,3
2026-02-01T21:51:06.319832,3.75299672417662e-15,117.79391702187723,-17.533879668375832,0.319833,28,1.5790,85,29,2.931,0.0000,0.0080,0.357,3676,3
2026-02-07T09:49:01.724290,5.212604646984768e-29,145.92120435561392,-16.976111449051363,0.724290,33,0.7020,89,34,2.618,0.0000,0.0077,0.424,3776,3
2026-02-14T00:41:38.252165,9.44146993693285e-06,12.927611857791195,-4.587125315030491,0.252166,14,0.3320,90,40,2.250,0.0000,0.0051,0.643,5417,3
2026-02-25T09:06:41.545087,1.4412628900193751e-24,42.423216143222525,-23.227231673447463,0.545088,34,1.0180,77,34,2.279,0.0000,0.0103,0.441,3407,3
2026-02-25T09:36:32.823723,5.3735664325374205e-09,151.2113178585715,-7.267999103882381,0.823724,20,0.8900,50,32,1.578,0.0000,0.0106,0.500,2970,3
2026-03-03T22:21:14.248623,5.012516580124377e-31,-70.02316864438905,2.448697178430458,0.248623,37,1.2260,61,36,1.694,0.0000,0.0075,0.432,3250,3
2026-03-19T18:47:05.234597,4.938920245197064e-19,70.17487915014874,-14.11583401425404,0.234597,28,1.3510,64,31,2.081,0.0000,0.0103,0.393,3348,3
2026-03-27T12:23:38.503991,1.3332756961150374e-43,88.5640979300627,-3.241765683360269,0.503991,44,1.5980,53,33,1.621,0.0000,0.0099,0.386,3042,3
2026-03-31T08:21:15.514190,2.618531396234145e-24,104.00812435218803,6.248859033471116,0.514190,33,1.4150,59,35,1.686,0.0000,0.0089,0.455,3273,3
2026-04-08T04:17:07.384204,8.221488319312146e-07,-114.67645020690075,-24.228012148798573,0.384205,17,1.0400,83,31,2.677,0.0000,0.0074,0.471,4064,3
2026-04-25T05:01:52.178592,4.595367952930885e-20,151.6601555135685,-6.56958075341349,0.178593,27,0.9159,56,32,1.750,0.0000,0.0122,0.556,3198,3
2026-05-04T15:51:35.698861,1.0333110671417219e-29,90.41243136692304,11.64816376201893,0.698861,34,1.2950,61,33,1.864,0.0000,0.0084,0.441,3514,3
2026-05-12T11:13:58.754217,1.0777990316035496e-18,114.94498388620478,5.284036191419066,0.754217,25,1.5300,53,36,1.472,0.0000,0.0082,0.360,3585,3
2026-05-21T09:18:27.293358,3.0602980589596424e-22,-77.88356289703088,7.6229647770767555,0.293359,33,1.2110,79,34,2.324,0.0000,0.0108,0.576,3253,3
2026-05-25T12:03:47.017744,6.449200664231682e-33,-92.37273016614094,27.75560194703683,0.017744,38,0.8320,63,34,1.868,0.0000,0.0081,0.500,3896,3
2026-05-30T20:53:45.881469,2.477318181722668e-06,21.87939496002164,-1.8023008900349984,0.881469,21,1.2630,89,38,2.342,0.0000,0.0063,0.524,5202,3
2026-06-09T16:41:56.080879,1.000244929269458e-07,24.217567386116674,4.391869288397541,0.080880,29,1.6250,68,50,1.360,0.0000,0.0072,0.448,4936,3
2026-06-15T07:24:43.219169,1.5388246775384708e-16,-79.47731858303588,7.713856984103585,0.219169,30,1.4220,46,31,1.484,0.0000,0.0104,0.433,3414,3
2026-06-21T09:52:16.633473,7.104938651822511e-14,87.39058731550143,24.3400713287313,0.633474,31,1.6030,83,42,1.976,0.0000,0.0078,0.419,4221,3
2026-06-30T10:30:56.583630,7.71844691090123e-08,81.5256687503487,24.794657985019743,0.583630,19,0.9960,59,41,1.439,0.0000,0.0100,0.421,3635,3
2026-06-30T10:43:52.754500,4.3470052079618124e-41,124.29481403109932,5.480755604729971,0.754501,42,1.9650,54,36,1.514,0.0000,0.0081,0.405,3658,3
2026-07-07T13:52:46.451020,2.2769953766897644e-18,24.515921257130284,5.7253290389738405,0.451020,27,0.7730,76,34,2.235,0.0000,0.0100,0.407,2892,3
2026-07-25T17:18:22.687600,1.03571505742804e-21,80.3405093904847,22.93567244585391,0.687601,37,1.8870,52,38,1.368,0.0270,0.0076,0.432,4685,3
2026-08-02T13:59:19.655852,1.5183155646069494e-14,26.18662794366286,1.6383940202346274,0.655852,28,1.6210,48,48,1.000,0.0000,0.0055,0.500,5220,3
2026-08-10T01:43:56.803833,9.766854681659236e-06,-83.18463019390133,24.68001222314832,0.803833,16,0.8750,85,33,2.591,0.0000,0.0063,0.438,3714,3
2026-08-18T20:11:12.634383,2.8506607385565605e-06,54.92992564336101,-26.495634074633056,0.634383,41,1.5260,30,32,0.938,0.0000,0.0053,0.512,4152,3
2024-06-30T10:39:41.827329,1.2554920896849589e-29,-87.48724817575096,17.800959618358373,0.827330,31,1.0120,66,30,2.200,0.0000,0.0116,0.484,3534,3
2024-07-14T18:17:38.246854,1.6747483759690869e-12,153.5607487240019,21.586538818586188,0.246854,20,0.3880,75,35,2.143,0.0500,0.0082,0.450,4311,3
2024-07-24T06:39:32.343596,8.14940307570052e-18,-79.64797539183347,12.6835084815484,0.343597,22,0.9490,78,29,2.690,0.0000,0.0133,0.591,3484,3
2024-08-09T05:38:35.238781,1.25694021456482e-24,25.680211923116072,1.253677033736282,0.238782,39,1.7710,53,56,0.946,0.0000,0.0081,0.410,5108,3
2024-08-09T05:39:39.624300,1.6231669140081745e-15,28.89582866811799,3.1899589405263593,0.624300,39,1.2860,57,54,1.056,0.0000,0.0087,0.410,4966,3
2024-08-16T14:25:08.492702,1.0090804727672674e-09,-86.06252595836177,28.36758538313727,0.492703,15,0.5880,67,32,2.094,0.0000,0.0103,0.333,3890,3
2024-08-27T12:55:11.694992,5.7023573689220955e-06,-73.84328425076752,17.75508947367891,0.694992,18,1.2480,72,35,2.071,0.0000,0.0131,0.556,2720,3
2024-09-08T15:41:04.450807,1.723387081021607e-13,25.45936509227291,7.567981560377887,0.450807,30,1.4950,48,49,0.980,0.0000,0.0071,0.467,5130,3
2024-09-17T02:29:00.085141,5.442537836984734e-12,-80.50034871987584,22.727248927223982,0.085141,18,1.0150,64,33,1.955,0.0000,0.0136,0.444,3352,3
2024-09-24T17:06:39.438398,1.981308791462849e-09,-54.496988801822326,27.923650806555575,0.438398,26,1.2300,85,36,2.375,0.0385,0.0145,0.385,3072,3
2024-09-30T06:11:50.047944,8.588848946126615e-42,160.3182151818805,9.010798972005617,0.047944,50,1.5350,56,42,1.333,0.0000,0.0122,0.420,3813,3
2024-10-06T07:55:58.744603,3.2903694662365138e-15,109.91023462081272,-1.816810391277858,0.744604,22,0.5860,73,35,2.100,0.0000,0.0143,0.409,3080,3
2024-10-16T19:28:40.816617,9.508406333513342e-15,28.6231377373057,-4.7623793936418135,0.816618,28,1.5010,73,42,1.738,0.0000,0.0074,0.393,5168,3
2024-10-26T01:24:25.838198,3.0661615063027533e-22,-72.27835746011957,22.079952805357344,0.838198,28,0.9560,69,31,2.242,0.0000,0.0098,0.393,3837,3
2024-11-03T23:32:42.851613,5.021032372062583e-15,24.740766463919176,-0.4106598701426059,0.851614,24,0.6430,64,31,2.065,0.0000,0.0111,0.417,3253,3
2024-11-15T16:19:38.452681,4.138374371069832e-15,-108.990622344971,12.716430650672129,0.452681,32,1.1510,47,35,1.357,0.0312,0.0125,0.438,3092,3
2024-11-24T06:30:12.103531,1.4716239853738798e-06,142.61295894593837,-5.8886936379971235,0.103531,23,1.5080,52,35,1.486,0.0000,0.0122,0.435,3719,3
2024-12-03T02:15:55.871190,8.166521495990843e-20,116.18780726490483,8.257675493936008,0.871191,38,1.7350,57,37,1.541,0.0000,0.0110,0.395,3468,3
2024-12-18T13:32:03.601484,7.676503842944069e-11,29.301436062920825,-0.17716883530276958,0.601484,28,1.8720,96,47,2.043,0.0000,0.0083,0.500,4471,3
2025-01-01T21:47:25.375476,1.2208692575964332e-08,114.87130649227092,-21.99422707258115,0.375477,11,0.1240,77,30,2.567,0.0000,0.0143,0.364,2944,3
2025-01-01T21:49:12.823653,6.640718635792414e-07,121.05698734764808,-19.63628912263855,0.823653,12,0.4960,81,29,2.810,0.0000,0.0130,0.500,3030,3
2025-01-06T19:52:09.235590,5.726514120884616e-08,113.40016443353252,-20.048700543849748,0.235590,17,0.3630,39,30,1.300,0.0588,0.0133,0.529,2926,3
2025-01-11T16:15:43.013538,7.296508389436723e-21,122.8286080253827,-23.19631497420807,0.013538,37,1.7580,55,30,1.833,0.0000,0.0120,0.432,3079,3
2025-01-28T09:23:03.430169,8.341850570824384e-21,123.61943143972182,-15.974134876952393,0.430170,35,1.6150,46,33,1.394,0.0000,0.0117,0.400,2358,3
2025-01-28T09:23:32.324878,1.6577383704071448e-31,125.18069013467787,-15.220687918689617,0.324878,44,1.1490,47,32,1.469,0.0000,0.0157,0.409,2358,3
2025-01-28T09:25:22.007706,9.679358134289496e-06,131.00289078467614,-12.252918000760705,0.007707,17,0.7130,58,31,1.871,0.0000,0.0152,0.529,2272,3
2025-02-12T19:12:45.430564,1.9121029275305355e-09,116.34426244418628,-20.265096378256825,0.430565,17,0.8390,58,32,1.812,0.0000,0.0109,0.412,2941,3
2025-02-12T19:13:26.422242,3.51395138201838e-16,118.6976265542234,-21.16969964826929,0.422243,18,0.9290,62,32,1.953,0.0000,0.0128,0.389,2970,3
2025-02-21T19:51:21.803211,1.7718628455486807e-46,37.788531174397825,-19.077113521388046,0.803211,42,1.1470,59,30,1.967,0.0238,0.0125,0.429,2876,3
2025-03-05T16:55:52.843823,2.119310816014456e-09,118.12299585926638,-10.089775387591011,0.843824,16,0.9170,54,27,2.000,0.0000,0.0166,0.438,2074,3
2025-03-14T05:31:57.161810,1.4153698231313517e-12,64.7672652724753,0.46449169483537783,0.161810,22,1.5130,32,31,1.048,0.0000,0.0146,0.364,2024,3
2025-03-24T10:13:05.093728,7.522279457720958e-06,52.38633549333439,-22.69377223010534,0.093728,16,0.9670,47,37,1.270,0.0000,0.0091,0.438,2636,3
2025-03-31T12:09:17.077212,2.5830110944031045e-78,13.825313651695334,-3.623775292981545,0.077212,87,1.8990,95,46,2.065,0.0000,0.0073,0.379,3922,3
2025-04-16T11:18:03.007620,1.8191125532567097e-15,-79.77031252049163,1.9134276476127257,0.007621,28,1.0550,100,32,3.141,0.0000,0.0103,0.393,4074,3
2025-04-16T11:18:22.520184,1.2589214819564082e-17,-78.79440387037317,2.5011841302477102,0.520184,31,1.1600,106,32,3.312,0.0000,0.0101,0.452,4056,3
2025-04-27T04:56:57.456146,4.002571009410389e-13,86.12002069211431,14.512199731404154,0.456147,24,1.2570,50,35,1.429,0.0000,0.0106,0.500,3196,3
2025-05-04T02:50:57.385188,3.137343030342786e-16,-67.02263237594256,9.812033790384255,0.385189,32,1.8240,62,33,1.879,0.0000,0.0104,0.375,3234,3
2025-05-09T08:45:28.307424,1.0439258781680796e-06,134.935857701266,-7.188380094940182,0.307424,19,1.6670,58,30,1.933,0.0000,0.0122,0.421,3312,3
2025-05-16T09:39:48.678667,1.3789516666448786e-06,-108.08463498415624,6.175968860123493,0.678667,19,1.6270,57,31,1.839,0.0000,0.0105,0.421,3632,3
2025-05-21T19:52:29.605223,4.586090618112903e-07,-100.11812703498708,5.254914663889808,0.605223,17,1.0690,47,33,1.424,0.0000,0.0107,0.647,3370,3
2025-06-08T14:26:43.385697,8.758828895838395e-36,-167.65736413171263,-5.461350569478074,0.385697,43,1.4630,99,29,3.414,0.0000,0.0097,0.372,3674,3
2025-06-16T16:20:53.881678,9.040133932475224e-06,98.4699011593946,-8.88788621843696,0.881679,10,0.0710,178,31,5.742,0.0000,0.0109,0.400,3383,3
2025-06-28T01:39:08.258547,4.789243629964586e-16,-88.33003071234982,10.543269912906856,0.258548,31,1.4880,71,32,2.219,0.0000,0.0067,0.387,4410,3
2025-07-07T12:10:09.867565,1.0031397304754937e-14,105.34172274913732,28.738936857978384,0.867566,26,0.8750,91,35,2.614,0.0000,0.0068,0.385,4612,3
2025-07-13T08:39:47.149887,3.3482835988222536e-21,89.62440856914242,24.30832127409221,0.149887,40,1.2030,61,40,1.538,0.0000,0.0076,0.425,4134,3
2025-07-24T23:04:31.544430,3.7462265182782417e-37,-104.40293233077482,10.327708637606268,0.544431,41,1.1090,62,34,1.824,0.0000,0.0115,0.341,3604,3
2025-08-06T14:50:37.114856,1.1783720154305873e-12,-81.70736967045406,14.45778041176878,0.114856,18,0.7630,53,32,1.656,0.0000,0.0149,0.611,3190,3
2025-08-23T19:58:30.858103,1.181933079613393e-22,-54.37770092843668,11.940359988984412,0.858104,42,1.7570,64,35,1.829,0.0000,0.0093,0.381,3552,3
2025-08-28T21:22:31.890236,8.427092128033707e-17,-66.29112322180005,27.370230934411936,0.890236,24,1.4590,53,36,1.486,0.0000,0.0103,0.417,3294,3
2025-08-31T10:31:17.512852,6.313910747174684e-11,21.121473707734037,6.328239838518787,0.512852,36,1.6650,61,51,1.196,0.0000,0.0074,0.361,5088,3
2025-09-07T19:19:32.758660,2.5349453067199156e-06,-11.12543951193038,8.188835670802996,0.758660,19,0.9210,54,31,1.742,0.0000,0.0097,0.526,3450,3
2025-09-09T21:14:27.987013,1.0230863490307931e-16,-92.76366128225185,23.907366959063356,0.987014,22,1.8480,92,36,2.569,0.0000,0.0115,0.364,3252,3
2025-09-19T07:00:54.645940,2.8583815614672e-14,-53.60364848795344,11.638993086666163,0.645940,25,1.5900,66,35,1.886,0.0000,0.0103,0.480,3215,3
2025-10-05T09:47:43.869929,1.5461746905798884e-10,-71.7404541337195,9.340689399080608,0.869929,24,0.9610,75,30,2.517,0.0000,0.0115,0.500,3523,3
2025-10-11T02:18:07.500277,9.804136009651113e-08,175.0734521347662,-11.419328687560771,0.500278,21,1.4980,59,31,1.903,0.0000,0.0110,0.381,3318,3
2025-10-14T16:52:58.071138,1.6636841506982646e-16,138.2578260610418,-3.8643999721974422,0.071138,26,1.3970,92,33,2.788,0.0000,0.0088,0.346,4031,3
2025-10-28T20:52:09.013779,1.6588766103882352e-11,135.08749481277167,-7.165923947850526,0.013780,27,1.5870,42,33,1.273,0.0000,0.0097,0.444,2876,3
2025-11-08T07:21:51.535740,6.379986928412668e-15,-82.21306070263635,1.8133029933160427,0.535740,35,1.5700,40,29,1.379,0.0000,0.0066,0.543,5456,3
2025-11-25T05:13:01.980792,5.041901082608894e-18,-91.55269763149542,29.042329259908705,0.980793,30,1.3360,73,31,2.371,0.0000,0.0065,0.433,4062,3
2025-12-05T00:04:37.215425,5.975561044538504e-23,50.43322657595111,-20.2423841096156,0.215425,29,1.2410,86,32,2.688,0.0000,0.0085,0.345,3460,3
2025-12-12T09:32:14.925236,5.743155159414178e-14,168.06073186087718,2.812635222410536,0.925237,26,1.5160,64,33,1.939,0.0000,0.0055,0.423,4636,3
2025-12-23T09:01:45.056986,9.95935001367272e-07,134.5265905255532,-17.27545565873447,0.056987,25,1.0900,87,32,2.719,0.0000,0.0063,0.400,3860,3
2026-01-03T10:23:04.863712,5.316214309235355e-44,140.9551946946995,-19.169988019335857,0.863712,55,1.6440,69,33,2.091,0.0000,0.0080,0.364,3442,3
2026-01-03T10:26:24.406912,2.887644994934753e-25,151.86486011359588,-14.12260340098286,0.406912,34,1.6560,57,33,1.742,0.0000,0.0095,0.382,3154,3
2026-01-14T01:51:45.730983,9.752455971746216e-13,-114.0168557051845,8.89800130567921,0.730983,20,1.3060,46,34,1.368,0.0000,0.0096,0.450,3239,3
2026-02-02T14:47:28.913119,4.136762118541921e-06,34.62068977059785,19.11602085151304,0.913119,58,3.2400,70,34,2.059,0.0000,0.0106,0.586,3012,3
2026-02-02T14:47:28.941761,1.683012002333846e-06,34.622298179064266,19.11534661364155,0.941762,31,1.9170,80,34,2.353,0.0323,0.0104,0.419,3029,3
2026-02-02T14:56:19.534285,1.729750977154783e-09,62.63048881260264,4.543576296141877,0.534285,32,1.8240,63,33,1.909,0.0000,0.0103,0.375,3106,3
2026-02-07T20:54:53.787844,2.040260758474517e-25,-65.48499461358973,4.622332581973108,0.787844,23,0.4410,127,29,4.379,0.0000,0.0106,0.478,3598,3
2026-02-14T06:31:43.555163,2.4919257331556576e-16,139.84054975807155,-14.627044831547671,0.555163,38,1.8460,53,36,1.472,0.0000,0.0115,0.368,3074,3
2026-02-25T15:55:51.974792,3.470731348339163e-18,25.677875390461914,-20.451602734216788,0.974792,41,1.4820,54,37,1.459,0.0000,0.0038,0.463,7878,3
2026-03-07T00:31:07.742851,1.104425190446925e-65,-149.48606877448563,-10.798882269731845,0.742851,59,1.2440,57,35,1.629,0.0000,0.0106,0.424,2934,3
2026-03-19T20:26:17.188718,1.4694460613034192e-16,52.969297598503694,-17.693903641513685,0.188718,23,1.3170,70,31,2.258,0.0000,0.0076,0.478,3618,3
2026-03-27T22:01:42.086520,8.979429270597537e-20,-69.6142324903922,2.7232697029884805,0.086520,26,1.2860,52,33,1.591,0.0385,0.0124,0.385,2892,3
2026-03-31T14:52:16.116198,5.304544534035855e-42,15.493060839789688,0.05901801641224877,0.116198,47,1.5450,64,34,1.882,0.0000,0.0098,0.468,2795,3
2026-03-31T14:53:57.615198,3.4324916579956117e-06,20.56020122336872,-2.9977261435282054,0.615198,14,0.7560,72,34,2.118,0.0000,0.0101,0.571,2764,3
2026-03-31T14:59:03.663854,5.0227737577272206e-42,36.14365959061166,-11.927505096626394,0.663854,51,1.0710,45,33,1.364,0.0000,0.0096,0.490,3030,3
2026-04-08T12:35:26.001734,3.3804623166694444e-89,166.8653886595748,-2.8948417261665855,0.001734,76,1.0250,78,29,2.707,0.0000,0.0085,0.382,3602,3
2026-04-26T11:48:25.478872,3.4376984733807747e-10,59.16950890456959,3.6582725938454623,0.478872,19,1.0210,127,38,3.342,0.0000,0.0072,0.368,4542,3
2026-05-06T09:08:53.435019,1.157215324219873e-14,20.535516682609135,0.17187722054712137,0.435019,34,0.9870,54,53,1.019,0.0000,0.0053,0.529,4944,3
2026-05-14T12:34:03.832607,1.445800637202303e-19,-83.69053251280633,3.803135220352857,0.832608,33,1.5330,44,34,1.294,0.0000,0.0083,0.424,3438,3
2026-05-14T12:34:56.292375,6.943809417510441e-32,-81.05054085736379,5.371589753464336,0.292376,38,1.0810,61,35,1.743,0.0000,0.0104,0.421,3414,3
2026-05-21T12:42:54.339769,7.053343645098952e-07,-92.08281361480114,23.664065416219422,0.339769,27,1.0550,48,32,1.500,0.0000,0.0037,0.481,7951,3
2026-05-25T18:15:21.636659,9.047106518196441e-14,114.13116341850998,6.65198893505892,0.636659,24,1.5750,77,31,2.500,0.0000,0.0078,0.458,3668,3
2026-05-25T18:58:53.669717,4.2035607709885026e-17,-92.84293893614458,2.107675014781751,0.669717,19,0.1940,65,33,1.970,0.0000,0.0095,0.421,3116,3
2026-05-31T17:58:03.927716,4.607237639868308e-21,75.14477312024368,6.884494306074942,0.927716,37,1.8330,71,37,1.919,0.0000,0.0075,0.459,4214,3
2026-06-11T02:48:05.294085,5.221124264075897e-10,-97.01122667993307,22.687507056431738,0.294086,30,1.6520,43,32,1.344,0.0000,0.0072,0.367,4139,3
2026-06-16T05:52:26.475265,7.172029885360758e-20,-93.3084062229028,21.206628822825124,0.475266,34,1.8400,42,33,1.273,0.0000,0.0082,0.441,3712,3
2026-06-22T16:23:10.230603,2.1056741204152507e-07,-55.076750342128975,10.188566216270296,0.230604,21,1.2020,49,33,1.485,0.0000,0.0076,0.524,3743,3
2026-06-30T21:45:04.603326,9.986462396311764e-32,-106.7208677286674,27.96040943144358,0.603326,41,1.0670,56,32,1.750,0.0000,0.0072,0.415,4120,3
2026-07-09T15:37:25.944213,5.408203236951152e-11,-85.76066064579314,28.707637979077084,0.944214,27,1.7190,58,35,1.657,0.0000,0.0080,0.481,3522,3
2026-07-25T22:28:29.835151,6.553059313902239e-11,81.25752582286549,23.28849386424069,0.835152,21,1.1450,54,32,1.688,0.0000,0.0079,0.619,4380,3
2026-08-05T22:56:28.097670,4.823236774742828e-16,-86.08345946707333,22.994043688582305,0.097671,31,1.5030,59,37,1.595,0.0000,0.0095,0.387,3436,3
2026-08-10T06:49:46.833805,9.340371203895126e-19,-107.78965533600656,1.1956701930881153,0.833805,30,1.4009,51,31,1.645,0.0000,0.0066,0.467,3806,3
2026-08-19T16:25:49.347422,6.315930085891686e-28,-59.473719350700634,28.667115351389004,0.347422,34,1.5630,55,32,1.719,0.0000,0.0063,0.441,3719,3
2024-07-01T06:44:35.192968,7.575853143320925e-07,113.70014524927537,-2.041994577895827,0.192968,18,0.8390,50,34,1.485,0.0000,0.0137,0.444,2782,3
2024-07-15T05:44:03.244794,8.321731452277952e-07,1.495191164631797,11.906188882400476,0.244794,220,8.1800,44,33,1.348,0.0000,0.0088,0.364,4676,3
2024-07-15T05:44:03.260610,2.2661565198947588e-11,1.4960169319119,11.905747931795652,0.260610,189,6.4660,54,33,1.636,0.0053,0.0088,0.370,4681,3
2024-07-15T05:44:03.267497,9.20956962120964e-06,1.4963769797621662,11.905555670221275,0.267497,88,3.3580,55,33,1.667,0.0000,0.0086,0.375,4726,3
2024-07-15T05:44:03.335171,6.806356070994625e-06,1.4999002725818482,11.90367427077952,0.335172,127,5.1840,59,32,1.844,0.0079,0.0084,0.362,4722,3
2024-07-15T05:44:03.340893,1.268770285014512e-12,1.5002091693925372,11.903509323295184,0.340893,100,3.3090,55,32,1.719,0.0100,0.0083,0.410,4691,3
2024-07-15T05:44:03.344550,1.105151704494789e-15,1.5004004605224113,11.90340717594514,0.344551,724,23.4010,49,32,1.531,0.0014,0.0087,0.381,4469,3
2024-07-26T05:36:58.883361,1.794976417195766e-31,-76.15265678649709,11.664969197438792,0.883361,30,0.7630,120,29,4.138,0.0000,0.0121,0.367,3400,3
2024-08-09T17:17:00.246165,3.660217242530099e-22,-85.77124106986462,27.47385067735886,0.246166,34,1.3670,53,35,1.529,0.0000,0.0117,0.382,3510,3
2024-08-17T09:34:51.160753,1.4114040777970915e-30,-78.18342485826558,9.146981609791393,0.160754,28,0.2400,169,31,5.452,0.0000,0.0125,0.357,3832,3
2024-08-28T00:19:54.345310,4.23405321694547e-12,128.4837507467258,9.828263529004566,0.345310,25,1.6210,42,44,0.955,0.0000,0.0118,0.480,3676,3
2024-09-08T18:57:41.552594,8.767270110328862e-14,-16.64579607721754,11.709373354406138,0.552595,23,1.1270,100,35,2.857,0.0000,0.0078,0.435,4827,3
2024-09-17T08:35:08.286707,2.771778626854213e-12,95.8949861331249,20.096225933849247,0.286708,25,1.0250,67,44,1.523,0.0000,0.0117,0.520,3646,3
2024-09-24T20:32:08.520056,2.0238186353235877e-13,-59.67414027391834,25.92604314948041,0.520057,23,1.2550,48,35,1.371,0.0000,0.0138,0.522,2981,3
2024-09-30T09:28:48.496706,1.9460604522972155e-10,119.2690546122645,4.076160737470648,0.496706,26,1.4250,41,38,1.092,0.0000,0.0143,0.538,3214,3
2024-10-08T18:08:38.586140,2.21431980934e-07,-68.80488702300528,2.5813463470623934,0.586141,15,0.8060,51,32,1.594,0.0000,0.0149,0.467,3148,3
2024-10-17T16:40:55.329416,3.256708891456423e-06,97.78389392393464,13.274882340225384,0.329417,10,0.2160,69,33,2.091,0.0000,0.0097,0.400,4394,3
2024-10-26T23:59:22.250445,3.244803010501144e-12,-72.78084736849813,16.36194451826542,0.250446,22,1.5040,59,33,1.803,0.0000,0.0095,0.455,3666,3
2024-11-04T04:18:25.200286,7.333909101095603e-10,-66.11252417465015,9.3826398804352,0.200286,20,1.0730,57,30,1.900,0.0000,0.0093,0.550,3374,3
2024-11-17T09:22:54.179502,2.941447532089243e-10,124.37525868003304,7.931760953554948,0.179503,26,1.0950,48,35,1.386,0.0000,0.0118,0.500,3985,3
2024-11-17T09:30:48.716910,1.0980983493166992e-14,148.15229952783872,-6.239651152757377,0.716911,22,0.9500,75,35,2.143,0.0000,0.0108,0.455,3808,3
2024-11-24T12:57:38.126828,3.6258648600785417e-10,41.25045605492756,-4.502748172100099,0.126828,23,0.5790,66,33,2.000,0.0000,0.0111,0.435,3068,3
2024-12-04T13:01:40.851787,1.3873970140671022e-21,121.42601830154788,-9.706074698852634,0.851787,26,1.4730,108,29,3.724,0.0000,0.0108,0.462,3512,3
2024-12-19T17:53:26.129170,4.0617378266675984e-13,145.70186248021838,-5.541707351241204,0.129170,27,1.4550,55,33,1.667,0.0000,0.0119,0.481,3444,3
2025-01-02T12:16:07.700100,5.0470645031189955e-08,-124.61214918684163,-26.67591525498373,0.700100,18,0.7010,68,31,2.210,0.0000,0.0096,0.500,3736,3
2025-01-08T17:13:35.877108,1.3130065660710037e-07,155.63083301721582,-13.037808575094454,0.877108,18,0.9720,49,28,1.768,0.0000,0.0135,0.333,2926,3
2025-01-12T07:57:54.738783,3.0775763387460284e-15,132.2317340350612,-10.508920111403476,0.738784,20,0.9480,47,33,1.439,0.0000,0.0121,0.400,2978,3
2025-02-01T12:00:00.908481,9.998258875623385e-13,50.11828506811015,-17.823958978068696,0.908482,25,1.3470,43,45,0.956,0.0000,0.0100,0.400,3498,3
2025-02-13T14:29:51.284458,6.031827555727378e-13,156.62577046269286,-9.205777971764164,0.284459,22,1.3890,40,34,1.176,0.0000,0.0106,0.409,3259,3
2025-02-23T19:16:12.255288,2.677571908489664e-36,155.53759513397318,-9.916873192093371,0.255289,36,0.4890,71,31,2.290,0.0000,0.0173,0.361,2370,3
2025-03-07T03:57:59.922515,1.8557729654759804e-39,177.2394610889598,-18.404445651218666,0.922516,75,2.3750,57,38,1.500,0.0000,0.0111,0.373,2516,3
2025-03-17T03:58:46.095198,5.451226308047559e-10,-89.17444594170533,12.439866345890112,0.095199,20,1.2430,54,29,1.879,0.0000,0.0135,0.400,2546,3
2025-03-25T09:53:11.549221,7.433091082808663e-12,-82.40107943186251,0.6684886207201837,0.549221,17,0.8870,53,27,1.963,0.0000,0.0149,0.353,2184,3
2025-04-03T19:16:03.844503,8.271175131676957e-39,-135.7907458932341,-13.452557353601204,0.844504,40,1.7190,70,34,2.074,0.0000,0.0104,0.450,3319,3
2025-04-18T10:09:52.971960,2.390705546469927e-28,-79.07626142623326,0.7386938674277553,0.971960,40,1.4750,48,29,1.672,0.0250,0.0083,0.400,4621,3
2025-04-27T17:18:03.181104,7.905847739757695e-16,122.37599522209771,9.565281099899584,0.181105,17,0.7050,94,30,3.133,0.0000,0.0075,0.412,3889,3
2025-05-04T09:06:51.904100,1.582176711947817e-31,157.72740490879272,-11.437234864907962,0.904100,36,1.4170,72,34,2.118,0.0000,0.0119,0.389,2806,3
2025-05-09T15:16:09.946833,3.8887555999285877e-10,44.42380422587768,-2.19247626248148,0.946834,22,0.7380,50,35,1.443,0.0000,0.0074,0.409,4797,3
2025-05-16T23:34:01.739179,1.0689130388869271e-16,-108.25508136204957,11.498855720490432,0.739180,22,1.5280,96,30,3.200,0.0000,0.0101,0.409,3948,3
2025-05-23T18:45:41.152574,4.219948400432835e-29,-94.38306080969504,7.026497536079792,0.152574,43,1.6010,51,32,1.594,0.0000,0.0104,0.465,3664,3
2025-06-09T09:59:35.458582,4.453367160568821e-46,-76.51053988474843,11.003539050681464,0.458583,45,1.2030,103,32,3.219,0.0000,0.0112,0.356,3570,3
2025-06-17T01:35:29.569682,2.1696644159819276e-08,-149.57477483703394,-25.080089717371877,0.569682,25,1.3540,47,36,1.306,0.0000,0.0083,0.440,4170,3
2025-06-29T15:19:30.145803,5.822073916919842e-20,173.59848035186332,20.453663802692567,0.145804,33,0.7340,56,32,1.750,0.0000,0.0079,0.606,4488,3
2025-07-08T06:14:50.451339,1.0961661881828117e-22,-99.53885886935636,14.863935159777924,0.451339,31,1.2940,66,31,2.129,0.0000,0.0085,0.387,4220,3
2025-07-13T12:12:13.321955,4.935256264728337e-07,111.49934030737752,23.053589032412585,0.321955,26,1.0140,43,39,1.103,0.0000,0.0093,0.500,4122,3
2025-07-25T16:40:37.075883,4.2689221322702724e-07,-51.802036244921936,25.077928471031775,0.075884,26,1.5441,54,35,1.543,0.0000,0.0109,0.462,2939,3
2025-08-07T04:46:43.252260,7.465350664314441e-11,-75.70981931687226,6.446413245075362,0.252261,16,0.7580,108,31,3.484,0.0000,0.0075,0.375,3716,3
2025-08-24T20:14:25.082147,9.973489338710258e-38,-60.40387293414568,14.48812809402593,0.082147,40,0.6390,48,36,1.347,0.0000,0.0104,0.425,3211,3
2025-08-28T23:05:17.582904,5.396939105941873e-18,-68.10081696492446,29.10043200087359,0.582905,31,0.7600,50,36,1.389,0.0000,0.0094,0.355,3446,3
2025-08-31T22:12:09.168199,1.8055069931995733e-08,-72.85450866904779,28.981644678971954,0.168199,28,1.5540,47,32,1.484,0.0000,0.0090,0.536,3844,3
2025-09-08T00:08:39.126841,1.8211739637726463e-14,-90.7102245802895,11.199115541575487,0.126841,32,1.5230,56,33,1.712,0.0000,0.0092,0.375,3419,3
2025-09-10T21:34:37.948687,7.730416421303564e-44,-83.44088139169156,15.987937973545671,0.948687,38,0.3920,54,35,1.557,0.0000,0.0119,0.395,2858,3
2025-09-22T16:23:51.136914,1.8982066561381529e-06,-81.78350903390131,11.301985412512904,0.136914,19,1.6620,90,32,2.812,0.0000,0.0123,0.474,3220,3
2025-09-22T16:23:55.674405,2.8942247077807098e-43,-81.54721715119831,11.173965059375464,0.674406,39,0.5201,92,32,2.875,0.0000,0.0084,0.385,3198,3
2025-10-06T07:38:02.064624,6.990585280476175e-45,139.20624225325665,-6.612351024538504,0.064624,40,1.1510,93,32,2.906,0.0000,0.0092,0.375,2986,3
2025-10-11T19:19:21.235836,6.8237619939473196e-40,105.89974180103022,5.499521125149784,0.235836,47,1.5440,113,31,3.645,0.0000,0.0102,0.404,3904,3
2025-10-16T14:59:19.882552,1.775795586655477e-09,-15.676979176696904,10.098564586578709,0.882552,76,2.5409,51,40,1.275,0.0000,0.0067,0.421,6078,3
2025-10-29T20:12:56.222510,3.6219676653249087e-22,-58.31686027975755,15.184544949394862,0.222511,32,1.7210,51,30,1.717,0.0000,0.0094,0.531,3577,3
2025-11-10T03:50:53.137979,4.215074328225694e-23,148.15648546015444,-7.895019059661955,0.137980,36,1.6780,54,37,1.473,0.0000,0.0097,0.444,3540,3
2025-11-26T06:37:20.943543,7.514032874248026e-18,143.3315207602638,-6.171207921645934,0.943544,24,1.6520,71,30,2.383,0.0000,0.0093,0.542,3390,3
2025-11-26T06:37:48.365588,1.213930738875629e-13,144.71336374617235,-5.358296898866781,0.365588,21,1.5230,160,30,5.333,0.0000,0.0085,0.476,3479,3
2025-12-05T14:28:46.159413,7.219558939032897e-13,161.72528721743663,-7.221295764465988,0.159414,19,0.2760,135,33,4.091,0.0000,0.0066,0.526,4488,3
2025-12-15T02:06:36.059372,1.2921017243364327e-16,-108.13982420731791,7.161147669405352,0.059372,23,0.9530,70,33,2.121,0.0000,0.0109,0.478,3304,3
2025-12-23T15:28:21.992927,4.517292372139049e-06,32.18209012459549,-15.657100091395892,0.992927,13,0.2250,62,33,1.879,0.0000,0.0073,0.538,4096,3
2026-01-03T12:03:53.459038,1.6069816071953258e-55,128.95436234851596,-13.198048059282588,0.459038,56,2.0250,70,32,2.203,0.0179,0.0103,0.357,3170,3
2026-01-17T00:59:07.001209,1.720088126079329e-08,-111.54836425662457,14.318186479413344,0.001209,18,0.8980,70,33,2.136,0.0000,0.0077,0.389,3694,3
2026-02-02T17:09:09.241252,9.78999244541102e-07,164.50824747369276,-23.830594484768017,0.241252,15,0.7290,56,31,1.806,0.0000,0.0080,0.600,3668,3
2026-02-10T08:54:52.565658,1.4344566168397905e-08,145.24244111962545,-19.944318117478833,0.565659,22,1.3520,45,31,1.468,0.0455,0.0079,0.409,4151,3
2026-02-15T13:04:30.968110,4.329666366373673e-09,4.51451464047712,-0.05427969648943544,0.968111,17,0.9650,63,30,2.100,0.0000,0.0084,0.412,3466,3
2026-02-26T22:08:22.975251,2.2457168153677604e-18,170.34679155340731,-13.243306596556064,0.975251,30,0.7950,67,35,1.914,0.0000,0.0089,0.400,4025,3
2026-03-09T21:55:55.237052,7.233013260061896e-27,-137.90956910996243,-13.785037600031895,0.237052,32,0.7590,58,35,1.657,0.0000,0.0096,0.500,3120,3
2026-03-21T08:34:15.923888,4.783726588491858e-07,-0.76839588542245,-3.236292279640262,0.923888,25,1.3010,69,46,1.500,0.0000,0.0066,0.440,5525,3
2026-03-28T09:20:48.365159,1.6668580474150746e-09,119.9375802060594,1.1843876919465928,0.365160,27,1.4300,50,35,1.429,0.0000,0.0093,0.481,3342,3
2026-04-01T15:10:36.743014,9.062451855939278e-34,19.75914592727034,-8.806708726031713,0.743015,40,0.8970,93,31,3.000,0.0000,0.0104,0.375,3325,3
2026-04-13T15:21:03.226393,5.7325450065831434e-30,94.60015028181049,0.7200965175746568,0.226394,36,1.1190,57,31,1.839,0.0556,0.0073,0.417,4023,3
2026-04-28T12:08:57.652518,5.88858772266228e-13,19.43804539712135,-7.301350956766834,0.652519,25,1.0720,77,48,1.604,0.0000,0.0066,0.400,5026,3
2026-04-28T12:11:34.270444,5.542635656609509e-28,27.322499561443102,-2.638114763294217,0.270445,44,1.9370,80,46,1.750,0.0000,0.0062,0.409,4896,3
2026-05-06T11:45:50.392751,1.1346401119550248e-20,-160.059324643073,-19.613325525672785,0.392752,27,1.0670,76,35,2.171,0.0000,0.0064,0.519,4352,3
2026-05-14T14:10:44.245253,8.20776080302935e-08,-109.04455271578972,3.4211231578218584,0.245254,20,1.1970,60,34,1.765,0.0000,0.0085,0.400,3219,3
2026-05-21T19:40:04.630107,3.982522526283051e-23,-82.81879433626219,6.866428648683854,0.630108,26,1.0890,87,32,2.719,0.0000,0.0104,0.423,3315,3
2026-05-25T19:57:42.467549,1.0037222938787211e-10,106.52784495629535,15.828540097052564,0.467550,24,1.7630,82,33,2.485,0.0000,0.0074,0.417,3944,3
2026-06-02T23:46:07.161688,2.5264328659070152e-26,92.26351211270918,22.166074855496586,0.161689,33,1.2610,67,36,1.861,0.0303,0.0097,0.424,3760,3
2026-06-11T21:02:15.644285,1.1820769388806558e-56,96.03947750119778,10.40806796678229,0.644285,58,1.8409,73,32,2.297,0.0000,0.0094,0.362,3600,3
2026-06-16T07:41:25.060720,8.061271884382304e-25,-79.60881252186684,1.46774058729955,0.060721,31,1.7950,88,27,3.259,0.0000,0.0065,0.419,4549,3
2026-06-22T17:10:22.746461,8.028425215820367e-06,108.9751798799234,-8.15836229804432,0.746462,16,0.4250,71,32,2.234,0.0000,0.0078,0.562,3728,3
2026-07-01T13:27:32.301793,2.004291322682178e-06,-88.00570415162653,3.796292434787912,0.301794,15,0.4020,82,31,2.645,0.0000,0.0074,0.400,3926,3
2026-07-12T00:14:17.701003,1.5019457941638557e-18,153.0309411353074,24.293286046213023,0.701003,25,1.1900,105,34,3.088,0.0000,0.0060,0.400,4253,3
2026-07-26T04:32:13.287513,1.1098212180118833e-23,-107.35738013907282,17.135861288877752,0.287514,33,1.5480,74,30,2.467,0.0000,0.0074,0.394,4523,3
2026-08-06T01:01:22.988680,2.497877422482642e-13,-7.33671714653434,10.682101892527797,0.988680,18,0.3470,126,31,4.081,0.0000,0.0091,0.389,3518,3
2026-08-10T20:51:02.458904,4.431117485842406e-17,-79.6072080861622,25.899434566396177,0.458905,24,0.8390,91,37,2.459,0.0000,0.0106,0.542,3544,3
2026-08-20T13:07:43.820206,1.244035054821886e-36,-81.58394583040585,7.428646372240881,0.820207,46,1.3530,89,33,2.697,0.0000,0.0109,0.391,3592,3
2024-07-05T00:39:30.411009,1.5464582154240497e-11,9.930199120132944,8.65730550536042,0.411010,25,1.2790,71,45,1.578,0.0000,0.0076,0.480,5719,3
2024-07-16T10:55:24.868766,6.50507083057176e-06,-75.4211681575873,6.863781357821156,0.868767,13,0.3160,53,29,1.828,0.0000,0.0080,0.462,3254,3
2024-08-01T08:34:59.897574,1.5151955885275403e-32,113.05260795703369,28.44732162194705,0.897575,32,1.0640,104,42,2.488,0.0000,0.0083,0.375,3870,3
2024-08-09T23:24:33.799589,2.301890479848358e-11,105.9836110426004,-3.098721934237588,0.799590,22,1.5440,73,33,2.212,0.0455,0.0120,0.409,2926,3
2024-08-09T23:26:09.084524,2.169548276729334e-09,110.7391749115493,-0.23083521112775823,0.084525,18,0.3710,35,34,1.044,0.0000,0.0123,0.389,2848,3
2024-08-17T16:27:24.533271,1.4282554383423026e-22,-89.32177073882383,27.50551910253869,0.533271,31,1.7540,86,33,2.606,0.0000,0.0088,0.516,4367,3
2024-08-29T02:10:31.665192,3.0668009019692637e-07,82.14314871279984,15.104875564832003,0.665193,16,0.9430,98,31,3.177,0.0625,0.0098,0.438,3793,3
2024-09-09T17:34:44.358545,1.0840635824196607e-13,-10.861088919080771,7.536564668417011,0.358546,32,1.8290,57,54,1.055,0.0000,0.0088,0.375,5043,3
2024-09-17T19:54:03.196606,7.367058717355181e-06,-80.10000099158032,19.01584433312381,0.196606,19,0.9650,42,36,1.167,0.0000,0.0124,0.474,3023,3
2024-09-17T19:56:19.658477,1.008322987436071e-15,-72.26007820358268,22.049632050299017,0.658477,25,1.4090,57,37,1.541,0.0000,0.0139,0.440,3138,3
2024-09-26T00:11:21.806050,2.3774045651127003e-14,-90.73748412316368,14.94534464319995,0.806051,25,1.2440,63,32,1.969,0.0000,0.0102,0.360,3877,3
2024-10-01T21:03:27.773905,5.229840586490144e-15,-69.64146194079719,6.50554579035053,0.773906,24,1.3130,71,30,2.367,0.0000,0.0099,0.500,3336,3
2024-10-01T21:53:15.470290,4.080679948095117e-07,101.63573816220934,-4.342779474331801,0.470291,25,1.6250,57,31,1.839,0.0000,0.0156,0.360,3274,3
2024-10-09T07:15:08.333184,1.7904737376571115e-32,123.08481278710904,-14.589519233923284,0.333184,41,1.1810,61,33,1.848,0.0000,0.0088,0.488,3484,3
2024-10-18T20:07:39.748802,6.450908090866311e-07,25.718743234053047,7.140696270238305,0.748802,19,0.5550,68,41,1.659,0.0000,0.0079,0.474,5374,3
2024-10-27T20:09:00.498403,1.4757638877759785e-08,145.932277992063,-10.297907973582276,0.498404,19,1.5420,77,33,2.333,0.0000,0.0091,0.474,4168,3
2024-11-04T11:40:17.470670,4.4338226798871505e-15,17.685464885631255,-0.4169024543660873,0.470670,32,1.7030,82,55,1.491,0.0000,0.0076,0.375,5198,3
2024-11-17T15:31:26.165439,5.864621352795085e-14,-44.530096001543654,29.12354921296368,0.165440,18,1.0030,58,35,1.657,0.0000,0.0156,0.500,3050,3
2024-11-17T15:53:12.924279,4.029164308742532e-06,31.67946217130641,4.225133768534686,0.924279,15,0.7030,80,33,2.424,0.0000,0.0137,0.600,3060,3
2024-11-25T18:52:18.965719,9.297739232448704e-18,120.80227060569705,3.010248681062149,0.965720,24,1.2520,59,30,1.983,0.0000,0.0112,0.458,3218,3
2024-12-04T19:44:46.501599,2.1019205725227317e-25,68.03804083794596,16.25641135184373,0.501599,37,1.5710,62,38,1.632,0.0000,0.0065,0.378,4736,3
2024-12-20T16:28:43.548002,7.65254584273137e-08,149.39351542125098,0.3377496769752196,0.548002,23,1.2120,57,35,1.629,0.0000,0.0113,0.478,3839,3
2025-01-02T15:07:07.424172,2.818319219523553e-07,100.46908582113252,-12.92522414073024,0.424172,19,1.2570,41,31,1.323,0.0000,0.0116,0.421,2794,3
2025-01-08T18:57:53.142259,7.730302417116309e-08,153.00872374008932,-0.32334905753659055,0.142259,21,1.3040,47,28,1.679,0.0000,0.0109,0.381,2946,3
2025-01-13T14:43:51.577888,1.3469292164551113e-17,29.6505311513119,-14.51740500217532,0.577888,28,0.8950,48,31,1.548,0.0000,0.0110,0.500,3096,3
2025-01-13T14:48:02.471819,9.548021534236187e-47,43.5337584387888,-20.67926192347613,0.471820,42,1.3100,64,33,1.955,0.0000,0.0124,0.333,2749,3
2025-02-03T03:59:19.584888,1.6017069688809133e-43,53.76167124787069,-19.84851166582045,0.584888,41,0.9760,91,29,3.138,0.0000,0.0106,0.439,2822,3
2025-02-13T17:48:47.442791,3.903717421222154e-06,122.72835695760338,-17.201491008273152,0.442792,21,1.4900,55,31,1.774,0.0000,0.0166,0.429,2916,3
2025-02-25T11:00:44.786969,1.3978889700718962e-06,113.09680148054572,-4.144892313336756,0.786969,13,0.3620,118,29,4.069,0.0000,0.0110,0.615,2962,3
2025-03-07T08:45:19.138112,1.1964637208270098e-19,91.06438094473312,-12.658645717942496,0.138113,23,0.8730,47,32,1.469,0.0000,0.0116,0.435,2067,3
2025-03-18T05:39:33.766532,1.1173574679095637e-22,-158.8997464343935,-7.360623758365721,0.766532,25,1.1610,52,29,1.793,0.0000,0.0137,0.440,2038,3
2025-03-25T15:33:09.569521,8.875665798098927e-36,12.313581944495713,0.12796811320246532,0.569522,51,1.3020,99,46,2.152,0.0000,0.0093,0.412,4088,3
2025-04-04T15:44:03.408336,3.3741707329193833e-39,142.7869068966452,-13.902025293456644,0.408336,41,0.9850,97,32,3.031,0.0000,0.0094,0.366,4144,3
2025-04-18T15:47:26.194752,9.739263435006932e-09,8.87713516274766,2.571463511501632,0.194753,21,0.5480,101,30,3.367,0.0000,0.0116,0.333,3452,3
2025-04-18T15:47:59.740859,1.4532097699803704e-24,10.551043405534232,1.5627075384849656,0.740859,25,0.3350,103,30,3.433,0.0000,0.0088,0.360,3482,3
2025-04-18T15:51:41.161852,7.713554551422199e-07,21.606049418335154,-5.085926400149884,0.161853,24,1.0330,88,30,2.933,0.0000,0.0099,0.417,3502,3
2025-04-27T18:54:07.611272,1.7276248747728832e-15,94.86635358192336,7.992679390003103,0.611272,31,1.5190,75,32,2.344,0.0000,0.0098,0.387,4028,3
2025-04-27T18:56:27.506448,1.252294504240038e-14,102.08084403153984,11.990099249181087,0.506448,28,0.9230,68,32,2.125,0.0000,0.0073,0.571,3994,3
2025-05-05T02:10:34.046236,1.8400620460041904e-06,94.68663141773408,1.794632593231838,0.046236,64,3.0950,37,31,1.194,0.0000,0.0096,0.516,3752,3
2025-05-05T02:10:34.049510,1.7151597586289705e-06,94.68679529671968,1.794533773250364,0.049510,64,2.7300,34,30,1.150,0.0000,0.0096,0.516,3744,3
2025-05-10T10:39:37.854948,7.576688967275742e-07,106.92890039791696,-2.6029846749802465,0.854948,20,1.1710,42,34,1.235,0.0000,0.0136,0.450,2724,3
2025-05-17T20:32:33.277772,1.0231200500500786e-09,-76.3668925258447,7.837493897155363,0.277772,28,1.2680,56,33,1.697,0.0000,0.0104,0.500,3404,3
2025-05-24T14:59:44.110749,3.3645151813815175e-27,142.40461920320118,-10.397568522370884,0.110750,33,1.8970,49,32,1.531,0.0000,0.0064,0.364,4156,3
2025-06-09T16:17:22.186996,2.404936821550815e-13,154.05595385760222,-6.960378048793793,0.186997,18,0.3770,70,31,2.258,0.0000,0.0106,0.389,3252,3
2025-06-18T11:12:11.197239,1.0815328174920289e-19,-11.856776834963853,5.948099922666343,0.197240,19,0.2330,124,31,4.000,0.0000,0.0112,0.526,3158,3
2025-06-30T15:14:00.521122,8.348329422059538e-31,86.14775742823358,24.902182306118124,0.521122,40,0.9790,151,40,3.788,0.0000,0.0080,0.400,4437,3
2025-07-09T03:09:08.258646,6.982362803969279e-21,-82.34297489585695,23.50991648653788,0.258646,30,1.5730,57,36,1.597,0.0333,0.0116,0.367,3140,3
2025-07-16T21:11:11.839343,7.351650657186987e-06,-9.855682923751914,6.494319071583981,0.839343,11,0.1030,174,30,5.800,0.0000,0.0099,0.364,3498,3
2025-07-26T15:14:03.306676,1.9976222902322547e-21,-53.3725828387789,28.112585948266194,0.306677,34,1.3540,56,34,1.647,0.0000,0.0103,0.382,3112,3
2025-08-08T15:25:30.420756,1.3613802012048485e-19,-84.75744885837649,3.953275285475441,0.420757,32,1.7090,52,33,1.576,0.0000,0.0083,0.469,3998,3
2025-08-24T21:52:40.034277,8.225101818937062e-22,-80.94936651587706,16.513179376800597,0.034278,30,1.5350,94,36,2.625,0.0000,0.0117,0.367,3240,3
2025-08-29T02:34:48.652544,1.0066564003995571e-14,-60.75612196882528,13.973630420564833,0.652545,29,1.7210,51,31,1.645,0.0000,0.0124,0.414,3431,3
2025-09-01T07:49:19.398533,2.836009479210399e-12,120.6375588385608,28.496258188646767,0.398534,26,0.9690,44,42,1.060,0.0000,0.0098,0.385,3783,3
2025-09-08T11:32:01.928924,6.692167844424519e-31,110.5609531230842,2.911352644436816,0.928924,38,1.6250,55,32,1.734,0.0000,0.0106,0.474,3634,3
2025-09-11T13:13:01.580870,2.313425189265305e-14,-85.22110300608699,14.024600926375118,0.580871,29,1.7260,51,31,1.645,0.0000,0.0084,0.517,3652,3
2025-09-24T01:43:27.941817,1.164665584203894e-12,-11.876745613872998,10.24629802002507,0.941818,32,1.6050,66,36,1.833,0.0312,0.0091,0.438,4837,3
2025-10-06T10:02:49.405789,3.6934301536935303e-06,-79.70541437216873,7.670597255965004,0.405790,18,0.8570,72,30,2.400,0.0000,0.0093,0.389,3533,3
2025-10-12T17:52:39.581781,2.4006251731164945e-08,107.86558623650038,12.185644125420358,0.581782,21,1.0130,89,33,2.697,0.0000,0.0109,0.381,4068,3
2025-10-17T14:25:57.599587,2.177928072771719e-21,169.14893796907657,-11.914992166005833,0.599588,31,1.3730,63,34,1.853,0.0000,0.0072,0.484,4258,3
2025-10-30T19:46:29.630007,1.836588841300586e-36,147.81686388870224,-1.37139411114262,0.630007,34,0.8880,75,33,2.273,0.0000,0.0130,0.471,2884,3
2025-11-10T15:57:08.560290,7.005159565983515e-36,140.47924398890268,6.595747762283885,0.560291,35,1.5520,60,29,2.069,0.0286,0.0111,0.457,3326,3
2025-11-26T12:58:12.988887,3.2600126019833732e-15,22.93379622948232,-17.490551353615388,0.988887,39,1.7150,68,42,1.619,0.0000,0.0056,0.410,6289,3
2025-12-06T13:04:30.057024,6.719189445656927e-19,172.02969858385555,-5.119615278712403,0.057024,29,0.7770,85,35,2.429,0.0000,0.0061,0.414,4291,3
2025-12-16T21:14:52.586480,3.368911978553504e-07,-159.65544161943566,24.70192818335317,0.586481,20,1.0680,59,31,1.919,0.0000,0.0103,0.400,3552,3
2025-12-24T13:03:34.163088,6.572193280809885e-14,-162.07368678346597,-7.512328040363833,0.163089,23,1.4680,83,29,2.862,0.0000,0.0077,0.478,3552,3
2026-01-06T09:32:08.921579,6.804222076861542e-23,148.99786542993962,-11.615879242534117,0.921579,37,1.5330,52,32,1.625,0.0000,0.0095,0.351,3198,3
2026-01-17T05:30:00.887072,3.4469366460346926e-28,112.66481192057653,-19.493803288957128,0.887072,35,1.0000,55,34,1.618,0.0000,0.0102,0.400,3099,3
2026-02-03T03:08:08.676294,1.898716584467003e-17,72.12090712444362,4.409964984132944,0.676294,22,0.5010,66,40,1.650,0.0000,0.0081,0.500,4052,3
2026-02-10T15:18:36.814729,1.2120852661928524e-20,33.555336807757655,-14.116806460298116,0.814730,27,1.7000,57,34,1.676,0.0000,0.0081,0.444,3325,3
2026-02-16T17:20:39.015640,1.6475732970704296e-19,112.961781939904,0.6548137850934993,0.015640,24,0.6720,73,29,2.534,0.0000,0.0085,0.333,3576,3
2026-02-27T08:18:33.141249,1.8239068296630926e-10,128.3659746552168,-20.21709495653352,0.141249,18,0.3020,45,35,1.300,0.0556,0.0080,0.444,3073,3
2026-03-10T00:30:31.772027,2.0674921664025917e-08,33.46293922536817,-2.607673544646995,0.772027,21,1.2160,47,34,1.382,0.0000,0.0107,0.381,3078,3
2026-03-22T02:22:34.165507,9.886279023227419e-61,94.75325099296484,1.2188565777854174,0.165507,64,2.0210,70,32,2.188,0.0000,0.0080,0.469,3632,3
2026-03-28T11:03:26.097070,2.169649268588201e-15,112.53630947613202,-9.071810927661437,0.097071,25,1.2780,73,34,2.147,0.0000,0.0104,0.360,3178,3
2026-04-02T08:47:09.265057,1.177810359925275e-64,79.9640686001414,7.763573581963656,0.265058,59,1.2040,92,33,2.788,0.0000,0.0089,0.390,3380,3
2026-04-17T02:30:02.357891,1.2961598735518636e-48,79.60084085280421,0.642004374304188,0.357892,44,1.5530,52,34,1.529,0.0000,0.0103,0.364,2916,3
2026-04-29T15:42:55.117882,1.4045698096947184e-15,-20.014367638974814,5.05489803931349,0.117882,31,1.6380,46,45,1.022,0.0000,0.0056,0.516,4631,3
2026-05-06T13:13:18.848236,1.6986355019880022e-06,145.4340631103642,-4.187952258379795,0.848237,15,0.6900,51,32,1.594,0.0000,0.0069,0.533,4343,3
2026-05-15T11:09:18.125262,3.071654951744297e-28,-73.13870248570363,1.7185219979409478,0.125262,43,0.9860,48,36,1.333,0.0000,0.0087,0.442,3396,3
2026-05-21T22:15:51.032380,3.719815778176227e-25,91.57827840285046,11.617053472816512,0.032381,46,1.8160,74,35,2.114,0.0000,0.0080,0.522,4060,3
2026-05-26T20:08:18.354422,7.016499654982559e-19,87.38704606618138,11.518458037532042,0.354423,28,1.4260,65,37,1.757,0.0000,0.0069,0.357,4180,3
2026-06-04T04:23:24.969318,6.158233807237746e-41,-91.55045078921626,14.31189440048922,0.969319,50,1.4580,82,31,2.661,0.0000,0.0081,0.360,4115,3
2026-06-12T09:17:28.535013,6.447526882584176e-09,116.63082969880868,4.916021799849915,0.535014,24,1.4710,77,30,2.583,0.0000,0.0081,0.500,3563,3
2026-06-16T17:14:21.812363,2.10259227445633e-10,106.35618056794851,15.805812789155246,0.812364,27,1.4729,63,33,1.909,0.0000,0.0073,0.407,4358,3
2026-06-24T14:12:28.404326,3.503223799770375e-16,105.163213751938,10.625630612357876,0.404326,28,1.4910,47,34,1.397,0.0000,0.0072,0.464,3814,3
2026-07-01T17:24:18.006519,9.667332394857048e-23,13.973105435670304,5.954882499072897,0.006519,32,1.0690,54,33,1.652,0.0000,0.0090,0.344,3124,3
2026-07-13T19:33:12.126631,5.118850314613022e-09,140.88939991271965,24.966863598524927,0.126631,23,1.0940,72,36,2.000,0.0000,0.0092,0.522,3269,3
2026-07-26T18:57:16.536540,5.057730318022538e-10,8.772556011174897,5.732418351661039,0.536541,27,1.1120,71,49,1.449,0.0000,0.0056,0.481,5756,3
2026-08-06T05:52:36.357160,2.5568670185679426e-12,-79.59773025873919,9.650162796284732,0.357161,32,1.8120,79,30,2.633,0.0312,0.0096,0.375,3652,3
2026-08-11T21:00:17.960897,1.6678105778911704e-22,-104.19815688808735,21.742169108632755,0.960897,36,1.7680,63,34,1.853,0.0000,0.0077,0.389,3808,3
2026-08-11T21:32:22.824281,1.6677095214861473e-24,12.05240219517156,5.4551145697708385,0.824282,27,0.7390,67,32,2.094,0.0000,0.0088,0.407,3392,3
2026-08-20T17:03:57.955350,1.3043599964343323e-39,18.79105932480713,3.2413277289373807,0.955351,42,1.7210,70,34,2.059,0.0000,0.0102,0.429,2899,3
2024-07-12T04:51:17.229023,2.1113867015504424e-19,31.089242972092546,14.613661487695657,0.229023,24,1.4570,80,30,2.683,0.0000,0.0119,0.458,3198,3
2024-07-16T11:49:24.801470,8.395981454163457e-20,108.26454178740391,2.7693645599460552,0.801470,28,1.4880,53,32,1.656,0.0357,0.0087,0.429,3372,3
2024-08-02T02:41:35.628547,4.6064158266273546e-11,-91.59408299943152,16.03330973018452,0.628548,16,0.7830,61,31,1.984,0.0000,0.0091,0.375,4512,3
2024-08-11T14:32:06.178012,2.638857984257189e-12,-75.80878209395408,23.524477298334443,0.178012,21,1.4140,53,35,1.514,0.0000,0.0123,0.476,3294,3
2024-08-21T07:27:16.425009,7.607527157357067e-18,-76.0960631666795,8.428523340459847,0.425010,25,0.8640,69,30,2.300,0.0000,0.0103,0.400,3801,3
2024-08-29T11:46:36.749597,2.3367562324957253e-07,-89.01360012291454,24.045196696062376,0.749598,18,0.7310,59,35,1.700,0.0000,0.0100,0.389,3311,3
2024-09-09T20:49:28.473450,7.686976919616899e-16,-58.778050690725394,8.46044936237573,0.473451,23,0.9090,143,36,3.972,0.0000,0.0119,0.391,3201,3
2024-09-19T07:27:53.589035,1.9957909535147941e-19,87.35307185440014,15.520571811523649,0.589035,39,1.2680,47,42,1.119,0.0256,0.0133,0.385,3746,3
2024-09-26T16:02:23.390327,2.6990457560943623e-09,-52.783534119441015,27.906226343960416,0.390328,20,1.0210,81,31,2.613,0.0000,0.0101,0.450,3728,3
2024-09-26T16:03:31.420836,1.62452928765995e-13,-48.34222737227597,28.461565281724795,0.420837,23,1.3940,60,31,1.935,0.0000,0.0125,0.391,3707,3
2024-10-02T12:42:44.610733,2.001278597917034e-12,-72.06438263944341,21.618521716805148,0.610733,24,1.2930,54,34,1.603,0.0000,0.0132,0.417,3379,3
2024-10-09T16:44:13.532086,6.792045709128877e-08,-66.35853899352871,8.96799914543653,0.532086,18,0.8770,46,33,1.409,0.0000,0.0115,0.444,2916,3
2024-10-19T15:39:57.980331,5.395478144808827e-15,112.0913432598411,19.076483313759432,0.980332,23,1.0300,73,33,2.212,0.0000,0.0074,0.391,4310,3
2024-10-28T18:44:44.071758,5.469219587816304e-11,149.33262921715075,-4.551247594743808,0.071759,26,0.9920,75,34,2.221,0.0000,0.0096,0.385,4446,3
2024-11-06T00:48:39.443150,1.698796597109096e-33,155.99383185222794,-7.724162229802231,0.443151,41,1.0920,43,33,1.303,0.0244,0.0133,0.366,2930,3
2024-11-19T18:49:55.830446,6.528810459576328e-20,150.26859603696718,-5.201291274893894,0.830447,19,0.2020,65,29,2.241,0.0000,0.0131,0.421,3448,3
2024-11-26T05:19:57.509274,9.366288609661789e-08,130.46164753180818,2.692854475428234,0.509275,16,0.5160,122,34,3.588,0.0000,0.0098,0.438,3862,3
2024-12-05T04:22:12.500889,9.677869005378845e-08,62.07471327977597,12.008391625640996,0.500889,15,1.0150,73,34,2.147,0.0000,0.0139,0.533,3048,3
2024-12-21T18:31:04.851516,6.48891630380593e-21,143.38227645704762,-16.395810175368563,0.851516,31,1.3760,43,32,1.344,0.0000,0.0118,0.387,3334,3
2025-01-02T20:28:41.378592,4.5953993719412315e-28,138.04829176448845,-18.166646933997807,0.378592,30,0.7920,97,29,3.345,0.0000,0.0116,0.433,3048,3
2025-01-09T22:28:52.994764,1.285614032486527e-06,96.8077071089396,2.402059716077723,0.994764,24,1.4980,42,30,1.417,0.0000,0.0104,0.417,3380,3
2025-01-13T23:24:58.679482,4.0340068420502755e-08,35.200233582058466,-7.594073790070491,0.679483,23,1.2180,54,40,1.350,0.0000,0.0094,0.391,4490,3
2025-02-04T12:49:00.794185,4.3106629617681945e-18,26.979416922240738,-12.78189602338044,0.794186,44,1.6000,57,50,1.140,0.0000,0.0083,0.432,4472,3
2025-02-14T00:05:13.158915,3.7721381588910956e-20,-12.061977337387532,2.7958125795508444,0.158915,21,0.7250,67,28,2.393,0.0000,0.0119,0.429,2738,3
2025-02-27T21:44:24.895599,1.5665239961421002e-25,55.76221205373325,-23.447702632566337,0.895600,30,1.4140,49,31,1.581,0.0000,0.0088,0.367,3074,3
2025-03-07T10:53:54.957511,1.4832295548236985e-11,-178.0156149588934,-16.669201544958742,0.957511,22,0.7030,35,29,1.207,0.0000,0.0153,0.455,2094,3
2025-03-18T10:28:34.221890,1.4526126113053312e-14,120.77886375057966,-10.798288604814196,0.221890,28,1.8590,43,29,1.483,0.0000,0.0160,0.500,1942,3
2025-03-26T14:10:21.824128,1.045325369465874e-06,23.919157475392353,-1.110823788436378,0.824129,21,1.4530,83,45,1.844,0.0000,0.0092,0.429,3422,3
2025-04-04T19:26:07.389362,8.678856293971193e-06,-162.5862240208171,-20.579915214848587,0.389362,18,1.0730,54,35,1.543,0.0000,0.0118,0.500,2970,3
2025-04-04T19:27:08.824075,4.491475400936755e-22,-159.09379049525396,-19.173237150338544,0.824076,29,1.4610,51,35,1.457,0.0000,0.0132,0.414,2958,3
2025-04-20T18:41:20.760643,3.425221676272773e-29,126.50871753932472,-4.46689017125891,0.760644,45,1.6680,72,30,2.400,0.0000,0.0142,0.400,3232,3
2025-04-28T01:55:52.406403,5.638670283170268e-08,118.70818452060038,17.300762925956654,0.406403,24,1.3330,51,43,1.198,0.0000,0.0089,0.542,3772,3
2025-05-05T17:57:01.930004,1.8823468812283359e-25,126.23171413579917,29.1263762214203,0.930004,38,1.6170,85,33,2.576,0.0000,0.0100,0.395,4155,3
2025-05-10T21:20:06.115175,3.1591977554285828e-15,157.19519600172032,-15.094436809981488,0.115175,26,1.1040,57,37,1.541,0.0000,0.0087,0.385,3374,3
2025-05-18T07:48:33.098540,1.6667274870064868e-53,101.96407800383788,2.809514285934998,0.098540,54,1.4250,53,33,1.621,0.0000,0.0128,0.352,3327,3
2025-05-25T13:25:53.777752,4.757547988734867e-13,121.52383392035787,9.926292495299316,0.777753,27,1.2120,61,32,1.906,0.0000,0.0083,0.481,4468,3
2025-06-10T14:06:48.003821,9.846177120075991e-50,1.2856030173972504,6.303902085757634,0.003822,41,1.5030,132,30,4.400,0.0000,0.0122,0.415,3355,3
2025-06-19T09:25:20.834508,3.4424094781601433e-08,-85.6119429787424,28.347332582784144,0.834508,15,0.7770,130,33,3.939,0.0000,0.0098,0.533,3880,3
2025-07-01T06:01:58.912517,8.337680336827661e-09,-76.86497773806774,25.783306664895495,0.912517,14,0.9740,130,32,4.062,0.0000,0.0098,0.500,3840,3
2025-07-09T04:52:44.190526,6.753250393839585e-10,-84.53888100982962,14.240294982023771,0.190526,21,0.5880,45,33,1.364,0.0000,0.0103,0.429,3191,3
2025-07-20T18:52:01.808950,4.9697224674921994e-21,-13.638952056650709,11.739533457301375,0.808950,28,1.3520,117,29,4.052,0.0000,0.0080,0.429,3503,3
2025-07-29T17:43:28.791176,1.7220503079817671e-13,-77.3806123015775,18.734651232377313,0.791177,23,0.8270,108,35,3.086,0.0000,0.0131,0.522,2862,3
2025-08-09T09:57:29.044179,1.58123352857156e-66,161.3409504748961,-9.459982219360654,0.044179,60,1.6890,74,34,2.176,0.0000,0.0100,0.367,2940,3
2025-08-25T20:25:49.454948,9.730582947373219e-18,-80.59707334174058,9.583615126193427,0.454948,26,0.7590,43,36,1.194,0.0000,0.0105,0.500,3197,3
2025-08-25T20:26:53.799206,1.3964543929225272e-10,-77.26896095585732,11.41279731313207,0.799207,25,1.6070,81,36,2.250,0.0000,0.0090,0.400,3158,3
2025-08-25T20:29:00.339326,9.419175663826296e-28,-70.58470055034158,14.872145191283582,0.339326,29,1.0740,63,36,1.750,0.0000,0.0094,0.414,3194,3
2025-08-29T04:17:40.100539,6.157117911787804e-42,-67.29976801166342,3.792312390025034,0.100539,51,1.7190,106,30,3.533,0.0000,0.0098,0.353,3606,3
2025-09-03T17:49:46.123988,7.587077462495062e-06,-86.05870124698721,18.944330066225938,0.123989,14,0.5150,47,34,1.397,0.0000,0.0093,0.429,3378,3
2025-09-08T12:28:56.928799,1.3606396683832583e-09,-56.35697837173146,11.97134414140785,0.928800,21,1.2780,83,33,2.515,0.0000,0.0101,0.619,3403,3
2025-09-11T20:08:53.893211,1.0361946735733296e-33,-79.88054275522856,20.432600667786883,0.893211,39,1.0920,63,36,1.750,0.0000,0.0133,0.385,2970,3
2025-09-29T02:04:21.176548,1.6583489661764792e-07,120.83982167394326,-7.381959947979928,0.176548,19,1.0160,48,33,1.455,0.0000,0.0096,0.526,3530,3
2025-10-07T14:40:17.679054,4.9535405599771285e-33,94.9318811511549,25.46596016241597,0.679054,42,1.3750,98,37,2.649,0.0000,0.0059,0.429,4516,3
2025-10-13T03:26:44.478561,4.383062420047099e-09,-65.7953770186266,23.124657917688133,0.478562,18,1.5190,44,32,1.375,0.0000,0.0112,0.444,3432,3
2025-10-17T20:13:37.783022,8.443829826974073e-06,-69.3757642305485,23.821755601119076,0.783023,20,0.5280,36,32,1.141,0.0000,0.0086,0.600,3890,3
2025-10-31T07:46:04.571096,5.020843615772449e-15,119.58706618633036,14.267550928567466,0.571096,36,1.3920,53,35,1.514,0.0000,0.0104,0.389,4476,3
2025-11-10T16:35:59.612322,2.837397581500796e-06,-80.87968338714379,10.52407538222864,0.612323,13,0.1870,105,33,3.182,0.0000,0.0095,0.462,3001,3
2025-11-27T05:08:16.891631,1.8334697993206298e-08,138.38197933670745,-16.259010184351055,0.891631,17,0.4050,44,31,1.419,0.0000,0.0096,0.588,3398,3
2025-12-06T14:09:44.965848,3.886829730866817e-09,36.70078632108246,27.723881737134043,0.965849,19,0.9170,64,35,1.829,0.0000,0.0069,0.474,4402,3
2025-12-06T14:42:45.048695,1.5614127727858576e-06,151.34187864253047,-7.477474514651308,0.048696,17,0.3990,66,33,2.000,0.0000,0.0069,0.529,4115,3
2025-12-17T18:57:18.212378,1.9395724964191641e-16,25.753765391469884,-16.99341845767136,0.212379,36,1.4940,44,29,1.534,0.0000,0.0050,0.361,5762,3
2025-12-25T06:11:55.571390,3.0493722347177635e-11,151.00759394886686,-11.637760892910247,0.571391,32,1.4770,46,37,1.257,0.0000,0.0081,0.406,3254,3
2026-01-06T21:48:28.693116,4.211923822564882e-22,172.37532941848852,-5.281731009035765,0.693116,38,1.6380,62,35,1.786,0.0000,0.0075,0.553,4280,3
2026-01-21T23:34:12.095120,1.0834926718894096e-11,27.499471064643988,-0.6404126048845438,0.095120,15,0.4190,67,29,2.310,0.0667,0.0081,0.400,3524,3
2026-02-03T11:56:22.780990,6.910758091353428e-13,102.13743801670924,4.045519066309446,0.780990,25,1.1020,75,35,2.143,0.0000,0.0109,0.520,3210,3
2026-02-10T19:10:51.472777,2.1330236560839132e-20,121.09369958247844,-3.5522273229270023,0.472777,24,1.0080,80,29,2.759,0.0000,0.0084,0.375,3566,3
2026-02-17T00:49:28.179579,3.8928564875547e-24,-137.75010934656387,-21.489053437175528,0.179579,38,1.5680,53,38,1.408,0.0000,0.0095,0.368,3528,3
2026-02-27T12:31:25.942942,6.213454582378054e-23,-79.62259412806904,2.698083870929397,0.942942,28,1.3210,60,32,1.875,0.0000,0.0089,0.393,3371,3
2026-03-12T15:31:28.969452,2.3130240255544065e-23,155.52925124396583,-6.15889218312924,0.969452,35,1.7060,88,34,2.588,0.0000,0.0068,0.343,4690,3
2026-03-22T08:16:46.748407,3.2378317820373072e-09,-122.71162317509828,-24.55687678562351,0.748407,27,1.6680,58,32,1.812,0.0000,0.0072,0.407,4711,3
2026-03-22T08:16:59.216606,2.6065571887493918e-11,-121.948475992365,-24.769717143342877,0.216607,21,1.1130,83,32,2.594,0.0000,0.0054,0.333,4708,3
2026-03-22T08:17:43.353832,2.7812993482544063e-32,-119.22508871077753,-25.48705966749418,0.353832,50,2.1160,65,32,2.031,0.0000,0.0066,0.380,4814,3
2026-03-28T20:37:56.239273,4.427528086188811e-09,-56.42230353722459,3.2044715676147355,0.239273,22,1.2800,49,36,1.375,0.0000,0.0113,0.409,2692,3
2026-04-02T09:27:32.306389,5.4714647662912295e-15,-138.51802495582265,-20.57134600377014,0.306390,20,0.6830,76,32,2.391,0.0000,0.0077,0.500,3644,3
2026-04-19T03:05:26.354278,1.414333728008729e-33,84.94255319015804,-14.581240610797597,0.354278,31,0.9060,113,30,3.767,0.0000,0.0087,0.355,3580,3
2026-04-29T19:37:36.013296,2.97909496601038e-14,75.49595050520435,8.469677897080375,0.013296,28,1.7780,57,30,1.917,0.0000,0.0082,0.464,3782,3
2026-05-07T19:05:13.648495,4.712983680052088e-11,-133.24028853155747,3.3048452483392188,0.648495,20,0.3410,46,35,1.314,0.0500,0.0090,0.550,2992,3
2026-05-15T14:36:15.529020,1.826625758573118e-09,-80.1851656802185,22.757748806961608,0.529020,21,1.5370,49,37,1.324,0.0000,0.0083,0.429,3325,3
2026-05-22T12:59:11.984902,5.468119933588952e-07,-91.52311301106865,26.578712759320524,0.984903,24,1.4360,73,34,2.162,0.0000,0.0053,0.417,4120,3
2026-05-22T12:59:41.903410,5.850791054445596e-07,-89.61915730503618,26.961594416536364,0.903410,19,0.5180,79,35,2.225,0.0000,0.0077,0.368,3910,3
2026-05-27T14:18:00.189188,1.5885302631851835e-09,-95.7557459736154,26.552683719583644,0.189188,32,0.9920,36,26,1.385,0.0000,0.0033,0.344,9692,3
2026-06-05T19:51:45.947405,2.538765025999704e-09,-173.28598512840517,-5.318346929029565,0.947406,28,1.6330,56,37,1.527,0.0000,0.0112,0.429,3666,3
2026-06-12T16:14:46.064347,2.865478893286992e-34,125.64145017626214,24.70875936862775,0.064348,37,1.3340,77,33,2.333,0.0000,0.0068,0.405,4654,3
2026-06-17T02:45:12.643451,6.425266910332757e-10,-79.22560546930575,27.71202075669915,0.643452,22,1.0450,50,35,1.429,0.0000,0.0087,0.409,3548,3
2026-06-24T23:42:27.774960,1.4067903558527709e-12,-81.67312644249883,26.010034299912988,0.774961,25,0.8440,57,37,1.541,0.0000,0.0085,0.440,3408,3
2026-07-02T09:22:09.643261,1.575860689870229e-41,91.25850489044248,22.869164388326435,0.643261,51,1.3970,60,40,1.500,0.0000,0.0077,0.353,3712,3
2026-07-17T05:39:51.183288,2.1314130973599397e-13,-85.53421494599249,3.8355087418608855,0.183289,24,1.7850,80,31,2.581,0.0000,0.0083,0.542,3928,3
2026-07-28T10:26:46.036997,2.3511406946700627e-25,-68.26726938468335,1.2625433691749903,0.036997,29,1.0550,93,30,3.100,0.0345,0.0070,0.483,3596,3
2026-08-07T05:30:08.247726,6.07065157588501e-08,141.15581238634098,13.04035134540051,0.247727,23,0.9350,68,34,2.000,0.0000,0.0102,0.391,2892,3
2026-08-12T19:37:07.388752,5.5823849352464185e-11,-88.02121944148219,22.483634905360567,0.388753,26,1.3490,70,36,1.958,0.0000,0.0064,0.500,3617,3
2026-08-21T16:52:13.962415,1.4174305238084872e-08,-79.82306105139477,28.74731643085301,0.962416,22,0.8680,58,37,1.581,0.0000,0.0079,0.364,3545,3
2024-07-12T06:00:25.955900,1.6398641885872422e-16,-97.56632937279548,20.10976417936755,0.955901,26,1.4810,84,30,2.817,0.0000,0.0101,0.385,4396,3
2024-07-20T05:19:31.509737,2.941634870513458e-09,-75.3535937861745,27.483549333886,0.509737,20,1.3690,56,31,1.823,0.0500,0.0124,0.400,3678,3
2024-08-02T15:47:38.608882,4.3094666899935694e-09,97.99498952373791,0.5449989792749996,0.608882,18,0.2740,81,30,2.717,0.0000,0.0100,0.500,3893,3
2024-08-11T19:38:51.873010,1.661121813474944e-06,-90.45551635645334,26.80366462559899,0.873011,14,0.6510,95,31,3.081,0.0000,0.0105,0.429,4062,3
2024-08-22T01:15:42.522466,1.8853320978878998e-16,11.90487030304498,8.694281898362794,0.522466,32,1.8790,80,43,1.872,0.0000,0.0070,0.438,5872,3
2024-08-29T19:19:39.794326,8.976315387751322e-06,30.95948458612887,1.2988508945340265,0.794326,22,0.8220,71,45,1.589,0.0000,0.0072,0.409,5050,3
2024-09-09T22:27:58.995070,8.15607313794482e-31,-79.21476670553054,10.876384250468844,0.995071,42,1.0480,39,35,1.129,0.0000,0.0135,0.405,3176,3
2024-09-19T17:04:46.079349,9.166305642104452e-23,-79.04406270615755,5.868011318035351,0.079349,31,1.3290,58,34,1.706,0.0000,0.0097,0.419,3466,3
2024-09-26T23:47:44.986043,2.326352206082009e-12,116.10834957969657,-0.29371272819953,0.986044,16,0.2070,143,30,4.767,0.0000,0.0142,0.438,3267,3
2024-10-03T22:38:10.298965,1.3102588205733004e-18,116.21794431425184,16.77622438101711,0.298966,30,1.4590,62,33,1.894,0.0000,0.0100,0.500,3903,3
2024-10-13T05:50:54.131969,3.219814283947262e-09,-76.58488907065319,8.623071863444258,0.131970,24,1.2660,68,31,2.175,0.0000,0.0135,0.500,3601,3
2024-10-19T18:40:37.623405,2.631506382160235e-13,20.66933737389126,-3.87482097215152,0.623405,30,0.9700,53,48,1.115,0.0000,0.0082,0.467,5129,3
2024-10-30T05:20:33.560077,3.8870450839144095e-28,122.66881055015465,-15.120615099531994,0.560078,32,1.3480,64,33,1.955,0.0000,0.0132,0.375,2884,3
2024-11-07T23:03:03.749123,2.9474892727638782e-06,15.034249943185554,-6.919033656443467,0.749124,12,0.6200,66,30,2.200,0.0000,0.0131,0.417,3664,3
2024-11-20T04:34:48.501222,1.5585099837901745e-14,9.379680288678312,-0.6198639655442749,0.501222,35,1.3370,58,53,1.094,0.0000,0.0090,0.371,5224,3
2024-11-27T07:17:39.784400,3.125788304906519e-08,109.01339297726685,-6.075030909873114,0.784401,22,1.4180,75,33,2.288,0.0000,0.0104,0.409,3416,3
2024-12-08T14:19:05.648746,3.950927439723664e-17,121.10815493491954,15.869501375575512,0.648746,27,1.5800,73,31,2.355,0.0000,0.0107,0.370,3988,3
2024-12-22T18:44:59.836450,4.2201937468746165e-14,126.76076842762926,-13.76523412758458,0.836450,22,1.3100,119,30,3.967,0.0000,0.0127,0.409,3334,3
2025-01-03T06:21:00.106344,3.6750681488029286e-06,21.10524713990279,-1.0841984930550097,0.106345,19,0.9350,45,48,0.938,0.0000,0.0084,0.368,4412,3
2025-01-10T07:28:48.531179,1.4937960838488725e-11,160.1213461823253,-13.416471135527756,0.531179,23,1.0880,45,35,1.286,0.0000,0.0127,0.435,3144,3
2025-01-18T19:42:41.591383,3.972237779304391e-07,27.1344846588887,-20.516437926053428,0.591384,28,1.1630,37,34,1.088,0.0000,0.0051,0.429,6511,3
2025-02-05T03:16:08.274342,6.288718833205609e-42,144.30319611053207,-21.68746764620007,0.274342,45,1.5560,50,33,1.515,0.0000,0.0144,0.422,2681,3
2025-02-14T14:46:06.130430,8.083997364755961e-23,148.74746574968327,-11.02173229818091,0.130431,23,0.9600,51,34,1.500,0.0000,0.0101,0.478,3332,3
2025-02-28T21:25:55.456095,1.48852417845113e-33,-75.15540238219084,-0.3024474241865186,0.456096,46,1.2680,35,29,1.224,0.0000,0.0116,0.391,3176,3
2025-03-09T09:54:41.990233,4.721852253511205e-34,-151.47568601660245,-3.6059444037409345,0.990234,30,1.1990,43,28,1.536,0.0000,0.0152,0.400,2110,3
2025-03-18T14:19:00.237168,4.5537917233164934e-08,-162.29575261603216,26.66244402601325,0.237168,10,0.2240,75,29,2.603,0.0000,0.0114,0.500,2730,3
2025-03-28T01:39:54.906120,1.7486151446732878e-35,-173.17752044624248,-8.691725481867389,0.906120,35,1.0550,46,31,1.484,0.0000,0.0144,0.457,2052,3
2025-04-04T22:03:52.111120,8.314594820107411e-07,18.940828591181504,0.33377662776648886,0.111121,15,0.4510,178,29,6.138,0.0000,0.0089,0.400,3695,3
2025-04-21T15:09:41.029659,1.8023209479454262e-09,48.12759104633052,-22.13074732304487,0.029660,28,1.5600,95,31,3.081,0.0000,0.0101,0.429,3775,3
2025-04-28T23:13:42.925985,1.5805055421037597e-23,-150.0916777189367,-12.352859401062585,0.925985,32,1.4050,46,37,1.257,0.0312,0.0089,0.531,3696,3
2025-05-05T19:08:00.890994,2.6682265759394496e-17,12.527942221758355,-3.258351101817457,0.890994,28,0.7690,75,40,1.887,0.0357,0.0064,0.393,5242,3
2025-05-11T21:24:53.027547,8.134449283209778e-13,116.05926708132436,2.046924722577613,0.027547,24,1.6080,47,33,1.424,0.0000,0.0080,0.417,3458,3
2025-05-18T22:08:43.470129,2.728272539533656e-22,-159.71459191406734,-18.62743959651875,0.470129,26,0.6510,72,34,2.132,0.0000,0.0109,0.346,3074,3
2025-05-26T12:07:51.063120,3.947980632915312e-06,148.45932385480833,2.2147066080581403,0.063120,19,0.8530,48,34,1.412,0.0000,0.0062,0.474,4762,3
2025-06-12T09:06:53.387861,1.0772825747464264e-21,-82.54066137545679,12.19835234003746,0.387862,31,1.2110,66,31,2.129,0.0000,0.0087,0.484,3670,3
2025-06-21T09:13:47.044467,1.5544300507927928e-11,116.06215815084104,-27.809344069142547,0.044468,537,9.0810,21,32,0.656,0.0019,0.0080,0.352,4166,3
2025-07-01T18:34:47.460346,1.105594105273773e-12,-0.6189747289622574,14.734938137485283,0.460347,23,1.6220,51,44,1.159,0.0000,0.0083,0.348,4580,3
2025-07-09T18:48:52.501524,1.0739470910461717e-15,-78.53617800750143,6.704620814345034,0.501525,20,0.1611,71,35,2.029,0.0000,0.0105,0.400,3274,3
2025-07-20T20:16:08.353594,9.185797669467808e-17,-83.26790808465547,27.650742427539026,0.353594,24,0.6870,130,33,3.955,0.0000,0.0085,0.458,3744,3
2025-08-01T11:38:47.047194,4.655594824165613e-37,-87.75140956383629,25.985522558979746,0.047194,44,1.4570,110,34,3.235,0.0000,0.0091,0.364,3852,3
2025-08-10T13:40:56.173774,1.481388153813141e-14,147.41472577376942,16.86646917471557,0.173774,22,1.0650,77,30,2.567,0.0000,0.0098,0.455,3531,3
2025-08-26T19:50:01.719705,2.9832435859638456e-10,95.71842523386988,-6.670752751186096,0.719706,22,1.7440,45,31,1.452,0.0000,0.0090,0.409,3852,3
2025-08-29T13:52:47.926267,2.353528652867049e-26,123.8882072905158,15.094987898755114,0.926268,43,1.8170,99,36,2.750,0.0000,0.0070,0.419,4492,3
2025-09-04T02:25:08.468384,2.651229949595619e-41,-97.25667765290608,11.653750702464988,0.468384,49,1.3230,55,31,1.774,0.0000,0.0095,0.408,3642,3
2025-09-08T13:15:24.627807,5.7590159205875824e-15,105.17254213643471,-8.59831158873336,0.627807,22,1.3420,62,31,2.000,0.0000,0.0095,0.409,3536,3
2025-09-12T15:46:04.393392,2.6190688457166624e-28,26.491300436270215,-2.6021264950052325,0.393393,31,1.4850,82,33,2.485,0.0000,0.0126,0.419,3008,3
2025-09-29T22:59:28.803425,1.1521821897496903e-07,143.8316461621151,1.905816260889586,0.803425,24,1.2080,51,35,1.457,0.0000,0.0082,0.458,4066,3
2025-10-07T19:20:58.766686,6.64464589202069e-71,-13.820301648682658,11.575438446842847,0.766686,62,0.4620,122,44,2.784,0.0000,0.0077,0.387,4230,3
2025-10-13T04:22:45.717878,3.6838801410316944e-12,126.91767273723612,-12.297066184377837,0.717879,23,1.0850,93,30,3.100,0.0000,0.0072,0.522,3560,3
2025-10-18T02:20:33.401389,3.46053086148873e-13,125.73516273006442,-10.22985663372264,0.401389,24,1.8380,67,33,2.045,0.0000,0.0130,0.542,2878,3
2025-10-31T20:00:45.869796,7.842136473925013e-08,137.71272043905455,-0.9077154626618376,0.869797,26,1.5750,39,32,1.219,0.0000,0.0136,0.500,2944,3
2025-11-17T00:25:39.806237,2.5164224188498906e-17,109.78730354608489,13.359763960986225,0.806238,24,1.8740,85,38,2.237,0.0417,0.0115,0.333,3446,3
2025-11-27T10:18:23.869450,4.3915286425437695e-08,123.95521745133078,16.932834206751163,0.869451,22,1.5040,55,32,1.734,0.0000,0.0093,0.455,3619,3
2025-12-06T17:06:56.797176,3.012495220364565e-12,-69.36859908819252,5.359151829544623,0.797176,21,1.0280,75,31,2.419,0.0000,0.0091,0.381,3786,3
2025-12-06T17:35:43.111438,1.1271819874770613e-19,34.78345268635168,25.489384560056944,0.111439,34,1.7390,56,31,1.823,0.0000,0.0084,0.559,3732,3
2025-12-06T17:36:44.165196,4.728476790242014e-75,38.541819010325746,24.482642019534467,0.165196,66,0.9260,98,32,3.078,0.0000,0.0109,0.409,3664,3
2025-12-18T00:23:12.775277,1.0944033286174509e-10,78.26508069315226,-6.122946308796,0.775278,15,0.6750,129,36,3.583,0.0000,0.0109,0.400,3620,3
2025-12-25T14:52:36.503355,4.736521486611454e-50,157.31118950136096,-10.381880417580586,0.503355,61,1.8300,49,32,1.531,0.0000,0.0101,0.344,3128,3
2026-01-08T09:58:41.967428,2.3419326305635677e-08,124.72743866874396,-13.03365619823609,0.967429,16,1.1800,75,30,2.517,0.0000,0.0091,0.375,3420,3
2026-01-22T06:38:54.077841,1.0159867666784917e-15,60.642263616730965,-18.69375166021299,0.077842,25,0.7250,51,34,1.500,0.0000,0.0077,0.360,3749,3
2026-02-05T10:50:11.737326,4.616510491101614e-07,115.99431671490936,-2.3861699854070126,0.737326,14,0.2010,54,35,1.543,0.0000,0.0085,0.500,3230,3
2026-02-11T05:51:37.418223,1.962614019844967e-08,173.91407271918254,-15.509707952033576,0.418223,18,0.5390,66,39,1.705,0.0000,0.0106,0.500,3552,3
2026-02-17T12:30:49.757954,3.109477250840823e-10,136.60059699102385,-20.378478385578447,0.757954,17,1.1510,96,31,3.097,0.0000,0.0096,0.412,3631,3
2026-02-27T14:45:25.475646,2.7389303593754146e-06,26.980512171898788,-21.18507257554848,0.475646,16,0.3610,121,36,3.375,0.0000,0.0049,0.375,6930,3
2026-03-12T23:39:06.765626,7.726940761564712e-26,41.64104801590675,-11.622506996812698,0.765626,28,0.9000,78,30,2.600,0.0000,0.0089,0.393,3862,3
2026-03-22T15:03:58.623336,6.432115419309378e-29,-146.3588364693789,-21.40522150678451,0.623336,34,1.6160,105,30,3.517,0.0000,0.0067,0.353,3928,3
2026-03-29T16:12:22.664175,6.0899715725740695e-34,43.13084145200557,-17.034280960310642,0.664176,39,1.6730,54,31,1.742,0.0000,0.0085,0.487,3706,3
2026-04-03T13:57:43.041559,1.7302108696457524e-19,14.710205844513546,-3.9446825050435086,0.041560,25,1.1430,54,33,1.636,0.0000,0.0105,0.440,2813,3
2026-04-20T08:42:38.639962,6.080404377243448e-08,120.99197627474128,-12.187417668757297,0.639962,22,1.3560,60,31,1.952,0.0455,0.0104,0.545,3113,3
2026-04-30T11:55:06.536062,4.064004852079594e-18,-145.5996964912266,-7.008880253263347,0.536062,32,1.5770,63,33,1.909,0.0000,0.0083,0.375,4278,3
2026-05-08T01:26:50.612298,3.826741721575062e-17,110.04784308748502,-7.374819341806384,0.612298,23,0.9430,52,33,1.576,0.0000,0.0109,0.435,2840,3
2026-05-16T08:55:38.689019,2.255498330744815e-11,128.6232234856315,1.0805058333754474,0.689019,23,1.3330,70,32,2.188,0.0000,0.0086,0.391,4054,3
2026-05-23T13:15:03.736818,3.579365077993859e-20,-92.14856590837567,28.24599465802123,0.736818,33,1.4360,52,34,1.529,0.0000,0.0068,0.394,4072,3
2026-05-28T06:00:05.883318,1.1442407117580258e-06,-80.03549204417698,6.762196584379928,0.883318,19,1.1600,53,31,1.710,0.0000,0.0081,0.579,3786,3
2026-05-28T06:00:43.711732,1.8857035524233404e-11,-78.1148823092797,7.872390942548242,0.711733,26,0.8610,84,32,2.625,0.0000,0.0070,0.385,3782,3
2026-06-06T19:48:19.423747,7.25159978365686e-08,123.51231814339236,22.224264246379388,0.423747,29,1.2210,46,38,1.211,0.0000,0.0090,0.414,4058,3
2026-06-12T17:57:06.127273,3.908840976342081e-14,120.01318508618805,17.80470137329075,0.127273,23,0.8080,65,34,1.912,0.0000,0.0077,0.435,4149,3
2026-06-17T12:31:01.035871,1.6323127918475498e-06,149.52705946826967,23.79933799174432,0.035871,18,0.9370,62,36,1.722,0.0000,0.0066,0.444,4272,3
2026-06-25T12:55:25.906199,6.098589566815061e-29,139.3621052242083,-1.2158165490719384,0.906200,43,1.4850,50,35,1.429,0.0000,0.0073,0.488,3861,3
2026-07-03T13:58:28.763373,1.5655613007129134e-12,-95.22452319611152,11.853549824380163,0.763373,23,0.4990,130,30,4.333,0.0000,0.0071,0.391,4071,3
2026-07-03T13:59:12.576306,8.464312366217242e-08,-92.9237742942505,13.066360226016114,0.576307,22,1.0030,61,31,1.968,0.0000,0.0069,0.455,4058,3
2026-07-17T16:04:21.664059,2.0233270522817265e-07,-81.6501585307108,5.478301490034338,0.664060,11,0.1210,123,31,3.968,0.0000,0.0086,0.455,3389,3
2026-07-17T16:56:11.147553,1.7507998769901612e-30,96.06917840979844,0.5717102730489165,0.147554,35,0.9690,53,32,1.656,0.0000,0.0084,0.371,3887,3
2026-07-29T09:51:42.475010,6.3312629992121376e-21,113.98898518453964,-0.9180928251964894,0.475011,29,1.6150,74,35,2.114,0.0000,0.0131,0.586,2865,3
2026-08-07T21:46:36.280548,1.9489991352216455e-24,-79.78155140683695,23.904350346615157,0.280549,36,1.8940,53,37,1.432,0.0000,0.0100,0.389,3496,3
2026-08-13T04:14:43.229731,8.429070279235314e-34,-92.17092179648208,2.3155912559895637,0.229732,36,1.0680,62,31,2.016,0.0000,0.0086,0.389,3676,3
2026-08-22T05:55:11.755019,5.389279572810637e-19,114.07413202446254,27.07415056593116,0.755019,35,1.3290,80,42,1.905,0.0000,0.0066,0.543,3946,3
2024-07-12T21:09:20.065649,1.980083915696123e-11,163.9371094805013,3.116151759030275,0.065650,13,0.0540,145,36,4.028,0.0000,0.0102,0.385,4236,3
2024-07-20T08:45:36.493826,3.196010459962039e-20,-83.45404246836058,13.032297541344198,0.493827,29,1.7420,79,30,2.633,0.0000,0.0126,0.379,3499,3
2024-08-03T01:28:13.766644,2.878836572290158e-09,-57.19054813821799,4.480932059420242,0.766644,25,1.6350,88,30,2.933,0.0000,0.0105,0.400,3243,3
2024-08-11T21:22:30.964156,6.189683925713835e-11,-91.68409833598758,19.643840599536514,0.964157,24,0.9660,57,31,1.839,0.0000,0.0108,0.375,4087,3
2024-08-22T11:00:56.740249,3.0605443937016056e-11,-128.80666595416758,13.002267976024251,0.740250,181,3.6670,21,28,0.750,0.0055,0.0099,0.470,3956,3
2024-08-30T13:52:35.768940,5.855690228269539e-08,-85.35156470272064,5.597013373983001,0.768940,21,1.5980,54,31,1.742,0.0000,0.0113,0.476,3176,3
2024-09-10T09:47:18.102483,1.1850912627591575e-32,106.12983035126652,10.166617385842692,0.102483,42,0.9290,44,38,1.171,0.0238,0.0092,0.333,3367,3
2024-09-19T22:22:44.012023,7.931918042948421e-13,-56.907651895502056,27.00250387678204,0.012023,22,1.5130,54,34,1.588,0.0455,0.0113,0.455,3154,3
2024-09-19T22:24:39.461158,9.587552570947232e-17,-49.64998764297809,25.38580736626821,0.461158,28,1.2970,57,33,1.727,0.0000,0.0115,0.429,3138,3
2024-09-27T00:31:30.934542,1.0615092779499327e-28,-90.49093872225995,8.712206572774827,0.934542,81,2.9390,83,29,2.862,0.0000,0.0092,0.469,4174,3
2024-10-04T07:13:52.897193,3.5046539190444826e-33,103.86408893969023,14.693089250072138,0.897194,45,1.1240,42,40,1.050,0.0222,0.0120,0.400,3343,3
2024-10-04T07:18:26.274747,5.201497815046818e-47,118.06821988505874,6.985865701871916,0.274747,50,1.4580,70,38,1.842,0.0000,0.0134,0.380,3422,3
2024-10-14T05:17:40.134728,2.1917558881919392e-30,101.62437637877888,-7.036831626912303,0.134728,31,0.3410,55,36,1.528,0.0000,0.0134,0.419,2798,3
2024-10-20T17:57:03.870876,1.1578062886067396e-08,166.01492019499304,21.666203780418137,0.870877,22,1.5480,63,37,1.703,0.0000,0.0117,0.455,3794,3
2024-10-30T20:47:58.841356,5.831241110988361e-11,84.02962660404471,6.125441031931266,0.841357,26,1.2880,66,30,2.200,0.0000,0.0109,0.385,3812,3
2024-11-08T22:52:41.583167,9.665345276756087e-07,-84.50988557189564,28.90915440068027,0.583168,18,0.8950,61,34,1.794,0.0000,0.0134,0.611,3698,3
2024-11-20T08:37:37.170554,3.051302117548303e-27,128.04546495498892,0.2901398494957464,0.170555,42,0.9780,59,35,1.686,0.0000,0.0109,0.524,3662,3
2024-11-28T10:26:45.583283,1.0362709597437046e-11,-18.918817277168245,26.070026736689016,0.583283,37,1.8400,131,34,3.853,0.0000,0.0158,0.432,3004,3
2024-12-11T08:17:48.503562,1.954382705177896e-10,124.16025363126612,-18.371521804718597,0.503563,23,1.0510,116,31,3.742,0.0000,0.0113,0.391,3442,3
2024-12-11T08:19:39.248279,4.917020796279723e-10,130.22291433636912,-15.590587253619798,0.248280,24,0.9380,109,30,3.633,0.0000,0.0128,0.375,3478,3
2024-12-24T17:37:50.392643,6.1275744157767784e-21,125.05058422689598,-11.694064589047642,0.392643,31,1.8050,48,33,1.455,0.0000,0.0115,0.419,2829,3
2025-01-03T12:03:06.411274,2.259999547487499e-09,122.13635282466986,-3.5195550348212055,0.411275,21,1.4720,108,30,3.600,0.0000,0.0095,0.381,3328,3
2025-01-10T09:01:41.433232,4.04562429312676e-08,122.5531070884322,-6.320504043401815,0.433233,27,1.7300,44,35,1.257,0.0000,0.0119,0.481,2731,3
2025-01-22T02:19:01.216333,3.804971393580892e-13,120.66978953919198,3.1779664197555983,0.216334,24,1.5760,54,34,1.603,0.0000,0.0113,0.417,2884,3
2025-02-06T08:20:01.430209,1.9455320775720017e-13,50.30623859910075,-24.467236261868635,0.430210,21,0.3500,46,36,1.278,0.0000,0.0102,0.476,3238,3
2025-02-15T13:22:37.869670,4.4392353252791575e-28,157.27670954758884,-8.198378968864763,0.869670,36,1.3720,65,35,1.857,0.0000,0.0118,0.389,3505,3
2025-03-01T15:12:05.906029,4.257309820679471e-12,10.045174776457175,1.2894211966369222,0.906030,21,0.4710,36,30,1.200,0.0000,0.0180,0.429,1892,3
2025-03-10T04:35:17.695389,1.4690348225652765e-06,119.30906381504091,-5.584036496657702,0.695389,13,0.4960,66,32,2.062,0.0000,0.0155,0.538,2194,3
2025-03-20T11:51:42.741178,9.591937214004273e-29,-79.11607169859006,2.2960620657383912,0.741178,23,0.2610,75,27,2.778,0.0000,0.0161,0.435,2302,3
2025-03-29T02:54:53.907992,2.212491234259863e-14,18.709471458298644,-11.97794617599292,0.907992,22,0.8930,40,25,1.620,0.0000,0.0081,0.455,2834,3
2025-04-07T03:24:47.136902,1.8823157115572583e-14,-76.37819306641583,-0.28469266479404487,0.136902,25,1.0800,57,30,1.900,0.0000,0.0100,0.360,3692,3
2025-04-22T13:35:05.986286,1.3167742085110386e-19,22.511087145927483,-2.4607271574585123,0.986286,25,0.8410,79,31,2.548,0.0000,0.0102,0.480,3238,3
2025-04-30T13:04:02.852010,6.380590673620743e-29,142.2789948764689,-3.003493772989994,0.852011,38,1.3780,47,29,1.638,0.0000,0.0113,0.553,3504,3
2025-05-06T02:32:21.282920,7.99831861488137e-24,105.34701188992344,-10.93441220523916,0.282920,36,1.7110,47,34,1.382,0.0000,0.0129,0.389,2994,3
2025-05-13T21:47:10.255475,4.932888026820231e-13,72.74814562248152,14.065641207905973,0.255476,27,1.6420,47,30,1.567,0.0000,0.0123,0.444,3612,3
2025-05-19T07:08:26.001617,1.5988986500209074e-25,-95.33760732232152,8.306186275956362,0.001617,29,1.2920,55,28,1.964,0.0000,0.0083,0.379,4574,3
2025-05-27T21:16:00.767940,5.010293386735348e-11,-178.0373750593546,-1.8747683793758096,0.767940,21,0.7060,56,34,1.647,0.0000,0.0146,0.381,2774,3
2025-06-12T14:53:16.612989,2.1520713038864653e-08,34.247800115867435,-22.48500338659374,0.612989,141,4.2640,68,44,1.545,0.0000,0.0035,0.418,10909,3
2025-06-12T14:53:16.618055,4.3597762217586025e-11,34.2480988666201,-22.485105437599326,0.618056,284,8.4160,65,44,1.489,0.0000,0.0036,0.433,10878,3
2025-06-12T14:53:16.684736,8.650522599991117e-08,34.25203632730606,-22.48645044449515,0.684737,91,2.5650,62,45,1.378,0.0000,0.0033,0.495,11074,3
2025-06-12T14:53:17.439599,8.35994353928702e-06,34.296616260319034,-22.50166223912758,0.439599,113,2.6010,49,44,1.114,0.0000,0.0030,0.451,11579,3
2025-06-21T19:29:59.566152,9.169984422817911e-10,80.8045155032618,23.336312849859063,0.566153,24,1.2140,83,37,2.243,0.0000,0.0077,0.375,4568,3
2025-07-02T04:05:08.152970,6.98078661665055e-23,176.0325041366663,-5.370489903749005,0.152971,34,1.7390,49,33,1.500,0.0000,0.0104,0.382,2897,3
2025-07-10T03:35:08.376525,6.873688018127275e-23,-55.57301139830622,5.8670366698601555,0.376526,29,0.9460,66,30,2.200,0.0000,0.0113,0.414,3588,3
2025-07-20T23:44:50.086980,1.2176425402925686e-07,-81.89592212628942,8.455223808059815,0.086981,18,1.1790,49,30,1.633,0.0000,0.0097,0.667,3748,3
2025-08-01T16:09:19.260403,7.989787806323033e-16,132.13389999145772,-5.587781512775406,0.260404,24,1.6670,55,29,1.914,0.0000,0.0096,0.375,3694,3
2025-08-11T04:08:56.094717,2.2040200878581525e-06,-89.86036460629137,9.297769792570266,0.094718,15,0.1740,51,31,1.645,0.0000,0.0097,0.600,4521,3
2025-08-26T22:53:04.124957,2.1582591404614225e-37,13.275832009499844,12.592722119110311,0.124958,45,1.7370,55,30,1.833,0.0000,0.0092,0.378,3746,3
2025-08-29T19:53:13.896480,1.2035362316684936e-15,-76.92051841258804,20.51289882338928,0.896481,21,1.0810,59,37,1.595,0.0000,0.0125,0.429,3269,3
2025-08-29T19:58:59.382560,1.0528609189861177e-15,-56.01948704564395,26.70815627833693,0.382560,21,0.9700,60,36,1.667,0.0000,0.0116,0.476,3148,3
2025-09-04T12:16:39.670270,6.282197158021693e-48,144.01250552532798,-5.756086058290153,0.670270,43,1.5470,78,32,2.438,0.0000,0.0083,0.372,4102,3
2025-09-08T16:19:15.156491,8.942598848590999e-20,25.34706377483676,9.348521946585372,0.156492,26,1.3990,70,33,2.136,0.0000,0.0116,0.385,2934,3
2025-09-13T14:19:06.278984,1.223623392955806e-12,27.430505958838516,5.1296432881957434,0.278984,26,1.7190,83,31,2.694,0.0000,0.0126,0.385,3246,3
2025-09-30T02:10:02.378781,4.1784158271583706e-11,84.32029606546672,7.853845427640883,0.378781,25,1.5080,50,31,1.613,0.0000,0.0088,0.400,3572,3
2025-10-08T08:53:39.120274,2.053742540841318e-09,-78.25815258257045,8.516941618618315,0.120274,18,0.6550,91,30,3.033,0.0000,0.0107,0.333,3654,3
2025-10-13T06:08:43.457589,1.3486170007427811e-19,129.58281522555606,3.700128425195676,0.457590,28,1.2710,47,32,1.469,0.0000,0.0104,0.393,3170,3
2025-10-18T12:10:33.038370,9.520497125753325e-16,2.6310304734881296,4.7038189714375065,0.038370,31,1.7660,91,54,1.685,0.0000,0.0061,0.452,5528,3
2025-11-03T07:09:38.693324,3.5650863118138885e-17,168.71991019501695,-17.553053783283975,0.693325,31,0.9820,78,38,2.053,0.0000,0.0120,0.419,3284,3
2025-11-19T09:51:16.629491,1.6845751306960696e-09,146.35911587130803,-5.409580580109601,0.629492,25,0.9691,82,31,2.645,0.0000,0.0072,0.520,3313,3
2025-11-29T09:07:14.102815,8.860767167709185e-13,120.57143448441526,13.811782420423336,0.102816,23,0.8600,80,31,2.581,0.0000,0.0080,0.435,3616,3
2025-12-07T12:43:34.649353,3.1794320995777837e-06,38.906641249264695,25.317299741009087,0.649353,20,0.8570,65,40,1.625,0.0000,0.0068,0.400,4861,3
2025-12-18T17:36:17.036804,2.7687254792625113e-08,46.7379891514497,-20.03583538676672,0.036804,18,1.5130,65,34,1.926,0.0000,0.0087,0.389,3276,3
2025-12-26T18:25:52.406935,3.6697442548218235e-08,114.21527180002435,-0.3320001972502808,0.406936,24,1.3371,41,30,1.367,0.0000,0.0069,0.333,3486,3
2026-01-09T08:31:56.429861,8.79009384234226e-18,127.13195732261188,-18.52745838398181,0.429861,28,1.5910,71,31,2.290,0.0000,0.0088,0.571,3532,3
2026-01-23T14:25:30.424337,9.335849226281075e-29,170.8641871571131,-10.364667106039532,0.424337,38,1.3150,95,33,2.894,0.0000,0.0073,0.447,4380,3
2026-02-05T12:33:57.652114,9.528346284503e-08,112.39750143186065,-14.270921833003076,0.652115,19,1.5391,36,33,1.091,0.0000,0.0084,0.421,3374,3
2026-02-12T09:25:39.867852,8.866817092609185e-18,136.71369929926163,-24.416933523296187,0.867853,22,1.0550,59,32,1.859,0.0000,0.0077,0.500,3877,3
2026-02-18T05:52:54.315891,4.033433857689152e-87,134.55303056122284,-20.429483972212548,0.315892,79,1.3720,71,36,1.972,0.0000,0.0081,0.342,3270,3
2026-02-28T00:39:39.567139,1.5467927260609118e-63,-80.67811311195014,-0.08791685386845587,0.567140,61,0.9730,47,34,1.382,0.0000,0.0089,0.344,3414,3
2026-03-15T21:55:21.524304,2.7437436298417194e-13,-129.6422066173768,13.642966865707836,0.524305,24,1.0110,58,33,1.758,0.0000,0.0105,0.583,3002,3
2026-03-22T19:20:50.582337,3.2189550505524274e-22,17.921124854927864,-2.8323134935143877,0.582338,27,1.5100,59,31,1.903,0.0000,0.0081,0.333,3207,3
2026-03-22T19:23:43.528167,5.367899764014406e-10,26.64954379665792,-7.973101370356845,0.528167,16,0.8220,106,30,3.533,0.0000,0.0073,0.375,4180,3
2026-03-29T20:50:11.292697,4.107945142300046e-16,-70.57395478132602,5.248761542599005,0.292697,27,1.0110,56,34,1.647,0.0000,0.0099,0.481,2832,3
2026-03-29T20:50:17.092845,8.992786547315032e-35,-70.2820638224732,5.076110398525905,0.092846,34,0.5570,64,33,1.939,0.0294,0.0109,0.471,2850,3
2026-04-03T17:51:52.443195,5.540308608047707e-08,108.4045001468936,-10.524351500566652,0.443196,25,1.7580,61,30,2.033,0.0400,0.0098,0.400,3254,3
2026-04-20T10:22:28.300978,2.6125494418092174e-20,105.3491513356492,-7.13661768695859,0.300978,20,0.0910,88,32,2.750,0.0000,0.0098,0.450,3060,3
2026-04-30T13:38:57.820611,6.832319580877925e-11,-148.18114084698254,-18.401925285112963,0.820611,26,1.1690,74,35,2.114,0.0000,0.0074,0.538,4190,3
2026-05-08T03:09:58.472257,1.582187221862827e-06,104.14608099275576,3.871012887060253,0.472257,15,0.9310,57,36,1.583,0.0000,0.0082,0.600,3106,3
2026-05-17T07:36:14.284699,4.791262143487468e-10,155.28900997599604,-6.490096604859496,0.284699,23,1.1480,60,34,1.765,0.0000,0.0074,0.391,4108,3
2026-05-23T14:58:34.230587,2.926646323359925e-40,-90.50495543690184,28.535096025767537,0.230587,46,1.4610,49,36,1.361,0.0000,0.0085,0.457,3756,3
2026-05-28T09:24:18.145071,3.554162403864074e-17,-95.41263236609008,22.80878072279472,0.145071,40,1.7290,52,33,1.576,0.0000,0.0084,0.375,3995,3
2026-06-06T23:06:54.504900,8.440133394648468e-13,90.3894272283664,15.403331066105531,0.504901,23,1.7580,64,33,1.939,0.0000,0.0084,0.391,3588,3
2026-06-13T08:34:50.985650,1.2961328601030917e-07,-83.8731140690786,8.305703360377777,0.985650,22,1.6980,69,31,2.242,0.0000,0.0070,0.500,3632,3
2026-06-18T02:56:33.273239,1.4654516183924392e-23,-97.20431384874423,28.618433642897717,0.273239,31,0.8720,50,36,1.389,0.0000,0.0073,0.387,3896,3
2026-06-26T15:38:03.381694,7.288876836366805e-13,-76.10010465387796,8.474325393914357,0.381695,20,1.0380,91,36,2.542,0.0000,0.0084,0.450,3216,3
2026-07-04T02:59:38.746111,6.7608277810938795e-18,87.31808358860367,21.13412547851064,0.746112,31,1.1300,42,38,1.105,0.0000,0.0080,0.484,4126,3
2026-07-19T02:01:37.212455,1.8911517436114345e-06,128.03823943265687,0.318548410315822,0.212456,15,0.4210,60,34,1.765,0.0000,0.0079,0.400,3732,3
2026-07-30T16:36:28.554691,9.526934685234698e-12,16.980136502536702,6.554665333325624,0.554691,39,1.8870,73,53,1.377,0.0000,0.0056,0.410,5468,3
2026-08-08T05:44:01.255259,9.725754878601681e-37,132.99473089258066,14.311653942162735,0.255260,45,1.0450,55,34,1.618,0.0222,0.0100,0.422,3009,3
2026-08-13T05:15:08.848006,2.072434992931492e-09,112.6520113876804,18.164686521049884,0.848006,26,1.5630,53,36,1.472,0.0000,0.0085,0.385,3458,3
2026-08-22T17:16:32.165530,1.887976748815041e-14,-46.7784153371133,24.153216651548952,0.165531,23,1.3780,68,35,1.943,0.0000,0.0071,0.348,2966,3
2024-07-13T01:17:06.211852,1.7207051534970652e-06,-63.43368537157485,5.642454869399797,0.211853,23,1.4830,60,33,1.818,0.0000,0.0123,0.391,3418,3
2024-07-20T11:31:02.812844,4.941024124562674e-13,120.49082598213722,20.297811772021984,0.812845,22,1.6970,76,34,2.250,0.0000,0.0079,0.500,3853,3
2024-07-20T11:33:11.620254,3.3364571988495144e-06,127.99877822990268,23.00648222040578,0.620255,15,0.4780,95,34,2.794,0.0000,0.0117,0.400,3899,3
2024-08-04T01:39:01.884119,1.7607753057516273e-57,-87.71936410745387,14.931888976020671,0.884119,58,1.7800,65,31,2.113,0.0000,0.0096,0.362,3864,3
2024-08-12T11:22:25.042908,3.2460826164191445e-27,-77.8279832998772,4.565609442964595,0.042909,45,1.4230,65,31,2.097,0.0000,0.0083,0.400,5206,3
2024-08-22T12:58:56.901964,9.25325440642504e-22,-76.31135196220472,28.04540196340314,0.901965,35,1.3670,79,33,2.394,0.0000,0.0103,0.400,3449,3
2024-09-04T13:05:35.438160,2.4927625265709315e-08,122.08089621892844,20.326565310648395,0.438161,11,0.0700,188,34,5.529,0.0000,0.0101,0.455,3997,3
2024-09-12T17:16:50.773784,1.3613225122770516e-16,87.05215923097882,23.446701045954867,0.773785,29,1.4860,69,33,2.091,0.0000,0.0094,0.414,4570,3
2024-09-20T00:05:52.329530,5.639272764867116e-19,-59.66943864393392,20.66267365360404,0.329530,24,0.4360,54,32,1.688,0.0000,0.0146,0.458,3252,3
2024-09-27T21:24:03.788944,4.819318521831134e-20,-84.33358841617934,23.219263930249156,0.788944,36,1.5800,48,37,1.297,0.0000,0.0129,0.417,3150,3
2024-10-04T09:51:05.822503,2.9813775714704825e-15,-78.05129970885955,5.589992559937068,0.822503,22,0.5890,104,30,3.467,0.0000,0.0109,0.455,3846,3
2024-10-14T11:28:10.461865,4.855218094498461e-09,-53.38040548631761,22.402273836333475,0.461865,21,1.2610,44,31,1.419,0.0000,0.0129,0.429,3211,3
2024-10-21T01:32:01.254462,1.2197223761422493e-13,-68.89957616664734,8.549115583413087,0.254462,26,1.0480,55,30,1.833,0.0000,0.0111,0.385,3830,3
2024-10-31T01:42:47.245667,8.680989147437268e-11,20.56027476690754,-0.3474351890834657,0.245668,20,1.0460,69,29,2.379,0.0000,0.0094,0.400,3548,3
2024-11-12T20:10:23.626280,3.416321448496029e-06,171.7075657734343,-9.972656535905577,0.626281,20,1.3020,49,33,1.500,0.0000,0.0129,0.450,2860,3
2024-11-21T08:54:22.097366,4.376017039512616e-08,119.50068624735732,-1.3840450783365532,0.097366,21,1.1740,61,32,1.906,0.0000,0.0097,0.476,3954,3
2024-11-30T13:02:25.005766,3.135411819951406e-08,20.6695989280564,-16.642883387503797,0.005767,27,1.1020,45,30,1.500,0.0000,0.0068,0.370,6835,3
2024-12-11T10:44:54.440241,3.0126055717962674e-29,-87.86207039006747,16.05118055346314,0.440241,38,1.4920,56,32,1.750,0.0000,0.0144,0.342,3263,3
2024-12-25T08:44:38.490343,2.304271467727018e-14,23.9604018953887,-14.658708010072957,0.490343,39,1.7350,57,36,1.583,0.0000,0.0065,0.410,5684,3
2025-01-04T06:36:51.171783,1.3561952258832236e-56,11.02730931513765,-0.3888106492537283,0.171783,160,3.6720,103,54,1.917,0.0000,0.0080,0.431,4799,3
2025-01-10T10:45:38.778194,2.093676982745984e-18,119.63934679760256,-17.75119988642651,0.778195,24,1.2700,49,33,1.485,0.0000,0.0130,0.458,2738,3
2025-01-10T10:46:17.878755,3.931638341700158e-07,121.81269802098754,-18.69965998074093,0.878755,21,0.7730,44,33,1.333,0.0476,0.0123,0.429,2855,3
2025-01-22T11:09:43.052576,1.0353086843605941e-14,155.6808450508712,-8.388858378772548,0.052576,21,1.3130,44,29,1.517,0.0000,0.0165,0.619,2486,3
2025-02-10T11:10:24.807069,4.309625900454778e-14,21.941219465967123,-5.799046160974598,0.807069,34,1.5110,60,48,1.250,0.0000,0.0085,0.382,4306,3
2025-02-15T23:10:54.883567,8.998307675174995e-10,28.58371091365151,-18.273179637082418,0.883568,24,1.8850,57,29,1.983,0.0000,0.0094,0.417,3564,3
2025-03-02T15:36:03.964924,8.566379140420048e-10,26.115136266811167,-14.26844235607814,0.964925,20,1.3850,69,28,2.482,0.0000,0.0127,0.450,2569,3
2025-03-10T08:27:43.536742,1.3130277725048002e-16,-153.1699248041193,-12.324003426995745,0.536742,27,1.5620,28,31,0.903,0.0000,0.0128,0.556,2078,3
2025-03-20T15:46:18.108734,1.8275668518833936e-15,14.384780301090968,-15.91925602201562,0.108735,38,1.0250,36,31,1.161,0.0000,0.0047,0.368,6691,3
2025-03-29T09:12:09.455983,4.490058980179886e-06,-112.6975547932646,7.04096179570493,0.455984,9,0.1720,119,30,3.967,0.1111,0.0142,0.444,2358,3
2025-04-07T19:41:01.874219,1.1298983438397404e-06,55.626798061327854,-11.554002144643588,0.874219,15,0.4770,66,30,2.200,0.0000,0.0110,0.467,3601,3
2025-04-23T07:22:19.249347,4.815062618514004e-11,111.75820845117092,-3.2673608173412743,0.249347,26,1.7640,65,35,1.857,0.0000,0.0113,0.462,3176,3
2025-05-02T22:36:13.625670,3.3703546905261085e-08,-166.63725714367442,-13.82161896045703,0.625671,24,1.0680,38,40,0.950,0.0417,0.0122,0.417,3453,3
2025-05-07T01:07:25.660297,3.3125071614847404e-42,111.1324539993844,-6.447254310714242,0.660297,42,1.8990,65,35,1.871,0.0000,0.0135,0.357,2928,3
2025-05-14T09:07:57.570075,6.778142271170001e-13,-94.17756872255536,10.789379864529888,0.570075,26,0.6830,46,31,1.500,0.0000,0.0111,0.423,3768,3
2025-05-19T13:47:17.590124,2.6878546316766548e-27,-161.12080480412618,-11.176063506235431,0.590125,32,1.1650,76,34,2.250,0.0000,0.0084,0.375,4238,3
2025-05-28T12:29:58.678315,3.647101012521607e-07,104.88264683701264,14.353415247545914,0.678316,19,1.1020,52,35,1.486,0.0000,0.0090,0.368,3792,3
2025-06-13T00:18:40.163558,8.560424563309276e-11,-166.02648201230105,4.4879683897583496,0.163559,19,0.8080,69,33,2.091,0.0000,0.0106,0.474,3965,3
2025-06-22T16:48:25.802435,5.050630998395906e-06,-171.70455951806196,24.713681707006593,0.802435,25,1.5100,39,31,1.258,0.0000,0.0067,0.440,4604,3
2025-07-02T07:59:01.277891,8.728947629962146e-09,-92.63378404967897,19.217894099456633,0.277891,23,0.8150,72,30,2.400,0.0000,0.0081,0.435,4053,3
2025-07-11T03:47:10.411686,1.934849764592435e-20,-74.00866870673451,10.130020415768673,0.411686,27,0.7150,46,30,1.533,0.0000,0.0095,0.481,3428,3
2025-07-22T12:13:29.192947,2.0235884267160964e-14,-77.29531939416013,4.092582844067302,0.192948,21,0.6230,61,32,1.906,0.0000,0.0082,0.476,3771,3
2025-08-01T17:44:56.306236,1.7230426935815556e-08,103.31771216981676,-7.963997235106303,0.306236,18,1.2980,116,29,4.017,0.0000,0.0077,0.389,3680,3
2025-08-15T02:01:28.385797,2.588756680009168e-06,-54.74221646518468,22.76767072310729,0.385797,23,1.7650,69,32,2.156,0.0000,0.0099,0.391,3620,3
2025-08-27T03:38:34.454759,1.665822600747272e-37,-78.56796051324474,20.687088277667502,0.454759,41,0.9800,97,32,3.031,0.0000,0.0070,0.366,3496,3
2025-08-30T02:43:28.564809,1.8825453052384991e-16,-90.66585747233708,22.14913614580968,0.564809,26,0.7140,70,33,2.121,0.0000,0.0092,0.346,3650,3
2025-09-04T14:42:16.504176,9.001786509108327e-24,-72.60349045421943,6.04039109608443,0.504176,29,1.5520,84,34,2.471,0.0345,0.0111,0.483,3196,3
2025-09-08T21:00:25.019725,9.707168215696504e-22,-81.00207295295282,23.655341450890603,0.019725,28,1.3820,72,32,2.250,0.0000,0.0109,0.393,3538,3
2025-09-14T12:16:35.656956,3.0170837480021664e-07,-100.49095510944971,10.20818958706537,0.656956,15,0.3240,83,30,2.767,0.0000,0.0106,0.467,3870,3
2025-10-01T13:09:45.161208,9.194956798233332e-20,140.25247780441106,18.60700472539697,0.161209,25,1.7450,60,30,2.000,0.0000,0.0098,0.360,3572,3
2025-10-08T20:05:00.884166,1.0046361973963614e-19,85.38501212173036,19.97378323342612,0.884166,26,0.7420,100,33,3.045,0.0000,0.0095,0.346,3879,3
2025-10-13T18:13:22.440621,4.091286537629989e-15,117.11720708536284,0.5390692266811177,0.440622,20,1.0030,135,32,4.219,0.0000,0.0086,0.400,3938,3
2025-10-19T15:14:31.094241,3.475513541802639e-08,-137.83383454896628,-28.572555546102976,0.094241,25,0.9960,48,33,1.455,0.0000,0.0069,0.360,4283,3
2025-11-04T09:43:04.221216,1.5228821957928232e-16,-78.18267535812755,7.738519938605455,0.221217,25,1.1400,106,34,3.118,0.0000,0.0110,0.400,3277,3
2025-11-20T12:30:38.474090,2.6481564509128472e-36,-81.16328347277323,5.177717202501505,0.474091,40,0.8420,59,34,1.735,0.0000,0.0100,0.450,3091,3
2025-11-30T04:15:52.401665,1.4604385676797165e-21,139.85163196102891,-11.572273889393363,0.401666,20,0.4830,130,31,4.194,0.0000,0.0076,0.350,3274,3
2025-12-08T13:31:15.043843,1.4545784216516474e-32,147.65060088858286,-3.495209431654622,0.043844,38,1.4880,68,33,2.076,0.0000,0.0066,0.395,4380,3
2025-12-18T23:06:09.743151,1.4678230343005295e-32,110.45001590612974,4.834900880317869,0.743151,35,0.8220,68,30,2.267,0.0000,0.0091,0.371,3801,3
2025-12-27T13:05:24.486266,4.8473642935236135e-08,25.175973108815523,-8.694433005188676,0.486266,23,1.3960,49,33,1.485,0.0000,0.0106,0.435,3118,3
2026-01-10T10:34:30.196636,9.356971148467521e-14,128.74780451841448,1.7873325838727638,0.196636,23,1.1310,43,29,1.483,0.0000,0.0074,0.435,3468,3
2026-01-27T04:30:46.301635,8.3579790775284e-06,47.70312599194109,-22.00926027066722,0.301635,20,1.0500,83,34,2.456,0.0000,0.0073,0.500,4387,3
2026-02-05T14:23:12.296802,1.4220112662624655e-06,131.67137132204007,-28.209340132570624,0.296803,18,0.5360,77,25,3.080,0.0000,0.0043,0.500,6926,3
2026-02-13T03:01:30.455864,1.2002159570651404e-08,-168.99077043439544,-9.861309468844722,0.455864,18,0.9750,68,39,1.744,0.0000,0.0094,0.389,3499,3
2026-02-18T11:04:52.689567,6.419594585925674e-44,141.4673651651621,-23.57977076605764,0.689567,43,0.4700,72,34,2.118,0.0000,0.0100,0.419,3463,3
2026-03-01T11:21:07.418606,2.022823805601908e-08,-77.59305004800804,3.4165519197737773,0.418607,17,0.9810,75,29,2.586,0.0000,0.0086,0.529,3875,3
2026-03-18T14:06:52.753022,1.823973140005188e-12,-115.71191259796002,-25.258196684572574,0.753022,20,1.1950,62,30,2.083,0.0000,0.0075,0.600,4637,3
2026-03-24T04:20:41.925114,2.329448795314671e-11,31.72798724611135,-8.781876801115748,0.925115,30,1.5110,61,33,1.864,0.0000,0.0058,0.367,5949,3
2026-03-30T03:30:28.061734,5.9463956520087895e-18,-130.40011589716565,-16.791578808132,0.061735,24,1.7450,94,35,2.700,0.0000,0.0091,0.458,3732,3
2026-04-03T19:31:58.553330,7.566940852936311e-17,93.51384882213128,-4.89032414925813,0.553330,24,0.7420,65,31,2.113,0.0000,0.0091,0.417,3588,3
2026-04-03T19:35:49.616787,3.136320159832403e-20,105.0847987750534,2.0711496722174254,0.616787,29,1.6750,56,31,1.806,0.0000,0.0088,0.414,3576,3
2026-04-20T22:33:31.855350,2.538235197705521e-40,113.33878249464988,-0.8229852735203356,0.855351,35,0.7230,92,32,2.875,0.0000,0.0059,0.343,3544,3
2026-04-30T18:18:25.064903,6.7883305331132205e-40,102.7898297715154,0.6119439826322036,0.064903,43,1.3970,94,31,3.032,0.0000,0.0075,0.395,3744,3
2026-05-08T13:39:15.618336,4.5358970868416545e-08,122.17244427853242,-3.065242750644857,0.618337,18,0.9560,86,31,2.774,0.0000,0.0085,0.389,4162,3
2026-05-17T22:52:47.506395,3.3513485940387825e-48,88.72626476935314,-0.5565526084979295,0.506396,55,1.1700,54,33,1.636,0.0000,0.0065,0.418,3853,3
2026-05-24T11:46:30.253970,1.9612933758680661e-16,-96.89567637061104,24.4195066825423,0.253970,37,1.8490,48,32,1.500,0.0000,0.0065,0.459,4896,3
2026-05-28T16:21:41.803194,9.309393464997457e-16,-85.12879733786964,7.8129353179712515,0.803195,25,1.9290,60,35,1.714,0.0000,0.0084,0.440,3151,3
2026-06-07T23:23:27.719078,4.2138413888414563e-13,90.24932195917636,9.8950862027042,0.719078,16,0.5730,83,33,2.515,0.0000,0.0093,0.375,3539,3
2026-06-13T18:04:13.583622,3.2490970753975973e-06,87.92241997504134,25.333067930944377,0.583623,21,0.9100,62,32,1.938,0.0000,0.0055,0.381,4484,3
2026-06-18T07:36:06.809917,1.787846511669212e-34,145.3157252671398,24.67712776385518,0.809918,41,1.9260,52,36,1.444,0.0000,0.0095,0.366,3148,3
2026-06-28T03:33:40.047719,1.944460694733174e-15,-171.18792222537706,27.59895846245289,0.047719,27,1.3380,65,33,1.970,0.0000,0.0061,0.370,3772,3
2026-07-04T06:33:34.358826,1.2732685056429674e-13,115.15157118303314,24.182456389973023,0.358827,25,1.1350,50,43,1.163,0.0400,0.0085,0.440,3642,3
2026-07-19T20:54:56.864364,1.6418282499617946e-09,87.88874439744195,27.383166236819427,0.864364,23,1.3250,65,36,1.806,0.0000,0.0068,0.391,4754,3
2026-08-01T12:42:56.870472,1.4737963889816217e-08,-177.8136737698927,22.44409861735829,0.870472,18,0.5920,81,34,2.382,0.0000,0.0070,0.500,4569,3
2026-08-08T20:13:44.364118,6.527676891524528e-35,-96.14558827317197,10.766746944318006,0.364119,46,1.2870,48,35,1.371,0.0000,0.0065,0.413,3698,3
2026-08-13T06:51:46.775321,4.8177692724709564e-24,87.1365382640967,17.810311351900168,0.775321,37,1.5450,66,39,1.692,0.0000,0.0061,0.432,3858,3
2026-08-24T22:04:00.124495,2.6274945058937092e-15,110.96281167643755,6.658126096834212,0.124495,18,1.0260,68,32,2.141,0.0000,0.0072,0.444,3598,3
2024-07-13T09:55:44.361445,2.2150287525920512e-14,-68.11359450033773,20.516810520642036,0.361446,18,1.1040,133,29,4.586,0.0000,0.0147,0.444,3104,3
2024-07-22T13:45:17.863840,2.725306098573203e-12,83.53375218239508,24.10468546392589,0.863841,33,1.6360,55,46,1.196,0.0000,0.0087,0.515,4462,3
2024-08-07T07:08:03.639542,1.7114610507513037e-07,116.0463886874736,28.687797986093052,0.639542,19,1.3490,76,44,1.727,0.0000,0.0113,0.421,3886,3
2024-08-14T13:39:31.620433,1.5351184090497268e-21,-106.10446522276916,15.332453337393318,0.620434,39,1.6340,48,33,1.455,0.0000,0.0086,0.436,4053,3
2024-08-24T15:15:36.753755,5.944063864028408e-12,-101.38332480601248,22.688122534877927,0.753755,26,0.8780,58,35,1.671,0.0000,0.0131,0.462,3360,3
2024-08-24T15:19:44.618510,3.1894164243914084e-19,-87.24503364315319,17.061111939584848,0.618511,25,1.1560,49,35,1.400,0.0000,0.0128,0.360,2974,3
2024-09-06T02:16:49.185900,1.2504571915795494e-22,-95.12108683024024,17.114401029612687,0.185901,32,0.7320,55,32,1.734,0.0000,0.0103,0.375,4557,3
2024-09-15T23:02:49.455020,2.1373645477200324e-11,-4.105169637021476,16.535552158340774,0.455020,27,1.4590,48,29,1.655,0.0000,0.0137,0.370,3676,3
2024-09-22T02:18:54.589506,1.3135084046078007e-11,-97.24612096227014,16.31686197921396,0.589506,26,0.9900,46,32,1.438,0.0000,0.0091,0.500,3945,3
2024-09-28T21:41:03.173889,2.2413576010259273e-06,-93.70678622813108,22.52926857512056,0.173889,13,0.1190,86,31,2.774,0.0000,0.0080,0.462,4414,3
2024-10-05T12:23:17.740539,2.044017356885469e-08,23.912745953986967,11.703209030303189,0.740539,24,1.7860,46,33,1.394,0.0000,0.0118,0.458,3046,3
2024-10-14T14:49:43.645716,8.864091116974338e-10,-78.42956362118889,11.468939679440105,0.645716,18,0.7610,110,32,3.438,0.0000,0.0125,0.389,2917,3
2024-10-21T03:24:42.624114,3.609459885091813e-10,-39.49485289113079,28.151498951457167,0.624115,21,1.4860,85,30,2.833,0.0000,0.0111,0.429,3570,3
2024-10-31T06:27:34.039862,2.5779323508247657e-08,-73.19638885616125,11.04363840773294,0.039862,20,1.0060,66,29,2.276,0.0000,0.0108,0.400,3474,3
2024-11-13T13:13:34.163969,8.564755926386088e-17,104.1372181560414,2.782556078808563,0.163970,25,1.0300,67,32,2.094,0.0000,0.0108,0.440,3646,3
2024-11-21T09:02:31.122307,3.152349511078133e-06,144.5795155635476,-15.40864136996153,0.122307,22,1.0080,113,32,3.531,0.0000,0.0087,0.409,4148,3
2024-11-30T15:10:47.485502,4.722174705752177e-12,110.54569485505556,-13.224811848556724,0.485503,25,1.5890,41,30,1.367,0.0000,0.0114,0.520,3188,3
2024-12-12T06:58:13.229048,8.966761268642429e-27,143.58651690731386,-15.646340941787994,0.229049,25,0.9670,118,30,3.933,0.0000,0.0103,0.440,3384,3
2024-12-12T06:58:30.732946,1.7108911397211904e-18,144.52838586332402,-15.189000792690802,0.732946,25,1.0570,67,30,2.233,0.0000,0.0110,0.440,3410,3
2024-12-27T16:48:16.961239,8.316360140240884e-18,118.72141200061849,-13.098549413244392,0.961239,32,1.7460,51,31,1.661,0.0312,0.0122,0.469,2900,3
2025-01-04T14:07:08.441255,2.4201127104895753e-08,123.07269267157284,-21.905783088514884,0.441255,17,0.2830,62,33,1.879,0.0000,0.0133,0.353,2976,3
2025-01-10T19:31:42.551876,2.300425048047882e-14,139.46215748591774,5.018140031926021,0.551877,26,1.7170,44,29,1.517,0.0000,0.0120,0.423,2741,3
2025-01-24T02:58:19.894331,7.877337864947403e-14,124.41778630564966,-12.099611422104145,0.894332,26,0.7880,32,34,0.956,0.0000,0.0129,0.462,2632,3
2025-02-11T03:16:57.347095,1.0244897916112483e-11,123.452906984403,-12.022399008272313,0.347096,17,1.2200,58,30,1.933,0.0000,0.0113,0.529,2443,3
2025-02-19T14:27:06.988826,1.1896692120608728e-19,124.6539224277581,-14.63737861960032,0.988827,29,1.1220,82,31,2.645,0.0000,0.0140,0.414,2847,3
2025-03-02T20:19:09.750032,4.547796360627864e-55,-72.36085814862035,-0.4919985552642911,0.750033,44,0.3610,37,31,1.210,0.0000,0.0194,0.386,2010,3
2025-03-11T15:15:26.404063,2.0956501390170916e-21,111.13074586710648,-4.165305073567243,0.404064,26,1.4810,42,27,1.574,0.0000,0.0163,0.462,2026,3
2025-03-21T18:43:48.168173,5.659247109390011e-06,-161.20121969610594,-13.816271688966024,0.168174,12,0.2460,48,39,1.231,0.0000,0.0102,0.417,2980,3
2025-03-30T11:53:33.381386,1.249409330368969e-25,22.251342105737866,-5.200407899086984,0.381387,33,1.1110,56,45,1.244,0.0000,0.0076,0.394,3738,3
2025-04-09T04:47:07.129913,3.097288809063181e-29,81.95183518234523,7.899990075302654,0.129914,33,1.1630,61,39,1.564,0.0000,0.0110,0.455,3739,3
2025-04-25T04:41:05.293500,1.6428025140345442e-09,149.31397452858374,-9.194465697910312,0.293500,22,1.6920,57,35,1.643,0.0000,0.0088,0.409,3696,3
2025-05-02T23:57:05.879721,6.8995258554154846e-40,119.24864960072829,14.329461332410157,0.879722,46,1.9430,58,37,1.568,0.0000,0.0110,0.500,3605,3
2025-05-08T02:52:57.246147,5.632362280156838e-23,57.11813891292929,4.491112153307561,0.246148,32,0.7230,37,33,1.121,0.0000,0.0121,0.406,3176,3
2025-05-15T02:09:54.549668,3.239514868748716e-23,-162.53873177565623,-4.266824406467614,0.549669,31,1.7230,48,32,1.500,0.0323,0.0111,0.387,3152,3
2025-05-15T02:09:55.073017,9.430895012895336e-34,-162.51245618995787,-4.251173571822853,0.073017,39,1.5450,53,32,1.656,0.0000,0.0115,0.410,3127,3
2025-05-19T18:24:34.729624,4.887411114013593e-38,83.2570398681962,12.836892707740656,0.729624,43,1.6900,63,31,2.032,0.0000,0.0100,0.465,3807,3
2025-05-31T19:31:22.429654,5.0765343733753876e-08,-62.7893903969299,26.91588521637751,0.429655,16,0.6330,93,33,2.833,0.0000,0.0100,0.375,3341,3
2025-06-13T17:31:11.337186,1.8730455451086163e-12,158.9537526756556,19.79765826277871,0.337187,18,0.4530,61,31,1.984,0.0000,0.0128,0.389,3096,3
2025-06-24T15:37:25.306405,3.847984155630099e-12,179.668495047051,27.294840502832315,0.306405,23,0.7140,109,32,3.406,0.0000,0.0089,0.391,4562,3
2025-07-02T15:28:11.732212,3.556432242046415e-14,15.809221577864818,2.386218480697811,0.732213,36,1.3110,55,49,1.122,0.0000,0.0070,0.556,5524,3
2025-07-11T19:22:57.837580,1.2734020508699798e-09,-84.37323022651991,15.399603197153144,0.837581,21,0.5060,48,34,1.412,0.0000,0.0099,0.429,3452,3
2025-07-22T20:49:59.512102,5.009702786673041e-35,-86.61927767974298,23.179720000224144,0.512102,42,1.3240,55,34,1.632,0.0000,0.0075,0.381,3994,3
2025-07-22T20:51:18.887800,2.896539472199835e-10,-81.94001507253249,21.57140073648079,0.887801,24,1.2470,62,36,1.736,0.0000,0.0112,0.375,2952,3
2025-08-03T08:44:37.913689,1.467781724268751e-09,-91.65550402614794,14.321096292470166,0.913690,17,0.9250,89,30,2.967,0.0000,0.0095,0.529,4282,3
2025-08-17T04:11:46.385138,4.001924607698678e-26,-84.32701307364131,27.17303034049939,0.385139,32,1.0000,88,35,2.529,0.0000,0.0092,0.375,3641,3
2025-08-27T22:37:55.291612,2.405798292580017e-38,-106.3830768893934,19.757953657898167,0.291612,48,1.4670,60,34,1.779,0.0000,0.0086,0.396,3892,3
2025-08-30T04:26:58.540502,6.097467308058323e-07,-93.6367408067664,12.527331856127669,0.540502,22,1.3980,48,30,1.617,0.0000,0.0100,0.500,4458,3
2025-08-30T04:28:31.101593,1.0695360360664954e-10,-88.82565756768719,9.92207302611394,0.101594,26,1.2000,58,30,1.950,0.0000,0.0079,0.500,4121,3
2025-09-06T04:02:29.380316,2.5023261947149007e-09,111.99985445364966,22.155959897696995,0.380316,28,1.5700,51,36,1.417,0.0000,0.0103,0.393,3706,3
2025-09-09T11:51:25.661375,3.041017811979067e-26,114.98840475202648,-6.303949565646735,0.661376,36,1.7100,45,33,1.364,0.0000,0.0102,0.389,3318,3
2025-09-14T16:56:34.886642,5.562418713083838e-09,152.45952726838968,-9.141268262388486,0.886643,23,1.5420,58,30,1.933,0.0000,0.0094,0.435,3415,3
2025-10-03T23:44:39.636162,3.6071530523946553e-25,63.92276013253708,20.67663288513295,0.636163,33,1.2510,61,32,1.906,0.0000,0.0081,0.424,3788,3
2025-10-10T05:23:10.475861,9.562935176248412e-12,152.63037294644823,-2.11196897625365,0.475861,26,1.8000,57,29,1.966,0.0000,0.0081,0.385,3592,3
2025-10-13T19:00:55.089928,3.962516362865034e-13,-78.19603102068561,-2.3109000110478073,0.089929,30,1.0850,49,37,1.338,0.0000,0.0088,0.367,4069,3
2025-10-22T15:23:20.874229,7.996778771382217e-09,75.39672673769718,10.983845494931249,0.874229,15,0.7940,136,30,4.533,0.0000,0.0070,0.333,3926,3
2025-11-05T17:52:41.905106,3.379597629512526e-14,120.06001272251112,-8.447474311139562,0.905106,18,0.7420,111,29,3.845,0.0000,0.0075,0.444,3647,3
2025-11-23T09:55:46.867856,2.8064464419403992e-12,-72.53536918288792,9.94332598177292,0.867856,21,1.3880,51,33,1.545,0.0000,0.0114,0.381,2932,3
2025-12-01T02:13:23.579105,1.3826628764932451e-34,13.583702354869784,-4.563654889969259,0.579106,35,0.8230,94,32,2.938,0.0000,0.0092,0.400,3198,3
2025-12-09T03:17:04.622497,6.104655622439411e-09,123.53917182087964,7.049916621642006,0.622497,17,1.2700,58,33,1.758,0.0000,0.0106,0.412,3120,3
2025-12-21T02:41:43.883706,7.959335885441458e-07,21.787121639264193,-5.711886331511121,0.883707,24,0.8710,62,48,1.302,0.0000,0.0051,0.417,5128,3
2025-12-27T20:07:14.905897,1.4126095970632676e-10,49.94536822568432,-16.323106007243194,0.905898,24,1.6340,64,38,1.697,0.0000,0.0064,0.458,4596,3
2026-01-10T16:58:34.600537,1.2646325146727233e-33,19.143348791670025,-4.667941003443805,0.600537,45,1.6100,105,48,2.188,0.0000,0.0057,0.422,5002,3
2026-01-27T21:53:34.991644,1.5442975938523019e-10,48.17105067530018,-19.693092071661773,0.991645,20,1.5680,130,30,4.333,0.0000,0.0076,0.450,3870,3
2026-02-05T20:56:46.213540,9.905068283358e-10,56.37109222447706,-28.800360630722192,0.213541,20,1.2970,81,32,2.531,0.0000,0.0070,0.400,3809,3
2026-02-13T14:56:42.934718,6.1304140909767494e-12,150.5346310920087,-10.724544094793355,0.934718,25,1.6400,54,30,1.800,0.0400,0.0086,0.400,3358,3
2026-02-23T02:30:00.042558,2.254930561674068e-12,-127.99470609647136,-24.75550554820604,0.042558,19,0.4460,81,29,2.793,0.0000,0.0061,0.474,4635,3
2026-03-02T23:30:01.762857,6.068702745478122e-33,-130.15091338406748,-21.669572483700076,0.762857,43,1.7180,58,36,1.611,0.0000,0.0097,0.349,3301,3
2026-03-18T23:15:54.844693,2.1832184992994408e-10,-19.070482945532092,0.6427829467051581,0.844693,21,0.9040,72,31,2.323,0.0000,0.0081,0.524,3500,3
2026-03-25T12:39:25.433429,1.8863116708848293e-24,-99.96522705041308,-7.292355674093106,0.433429,25,0.6000,88,32,2.750,0.0000,0.0064,0.400,3616,3
2026-03-30T15:50:34.907890,2.736809187245703e-17,-86.2149907864188,29.061047527836827,0.907890,24,1.1540,46,32,1.438,0.0000,0.0062,0.417,4006,3
2026-04-07T15:30:44.340250,5.00547963895318e-24,112.48337727485212,-11.879577813846286,0.340250,22,0.2220,58,29,2.017,0.0000,0.0091,0.409,3504,3
2026-04-23T13:31:33.773135,1.560148645349081e-20,-132.3978489900065,0.3247049568037198,0.773135,29,1.6080,56,34,1.647,0.0000,0.0098,0.448,3681,3
2026-05-04T09:31:19.421249,2.3983087938056076e-10,-148.66548840994795,-1.237195766231878,0.421250,77,3.0650,52,37,1.405,0.0000,0.0075,0.416,4522,3
2026-05-08T17:27:31.177464,3.8437081832779066e-13,-163.41797642290425,-20.39425148322475,0.177464,27,1.7340,56,35,1.600,0.0000,0.0074,0.370,3243,3
2026-05-19T02:29:49.551127,2.3283571788032315e-06,59.51226218509616,16.649137603167905,0.551127,25,0.9120,54,42,1.286,0.0000,0.0079,0.640,4431,3
2026-05-25T03:10:11.722788,2.1366722618817425e-06,-139.1004757036445,-27.320983074403856,0.722789,14,0.4060,124,34,3.647,0.0000,0.0060,0.571,4992,3
2026-05-28T17:16:07.780580,5.5489563955196314e-08,100.48497692057016,2.914143799994025,0.780581,19,0.6810,45,30,1.500,0.0000,0.0084,0.421,3919,3
2026-06-08T13:24:54.212168,2.2132638575380402e-13,116.0804381762646,20.52623899817801,0.212169,26,1.2590,83,35,2.371,0.0000,0.0093,0.423,3614,3
2026-06-14T21:02:49.587485,2.950519697585885e-10,-75.3940884169015,6.277191111591038,0.587485,24,1.6040,68,34,2.015,0.0000,0.0096,0.458,3445,3
2026-06-18T10:47:33.374239,1.3477689894057164e-23,87.53146766756868,22.039765694025867,0.374240,41,1.8430,50,40,1.250,0.0000,0.0082,0.390,4370,3
2026-06-28T11:54:48.787304,3.3465884469070986e-44,122.17089859652148,4.739589225959305,0.787305,48,0.4550,49,36,1.361,0.0000,0.0072,0.396,3741,3
2026-07-05T18:01:46.561863,2.6673791154761863e-10,-80.0749362887786,26.991028221876032,0.561863,19,0.7470,61,36,1.694,0.0000,0.0093,0.474,3263,3
2026-07-20T04:44:58.583145,1.0771382527264186e-72,-84.98161756024119,8.409524089928434,0.583145,96,2.5940,103,32,3.234,0.0000,0.0084,0.438,3888,3
2026-08-02T06:23:00.838347,1.3729138676649092e-06,-110.31187570938518,27.6302256220481,0.838348,18,0.8710,95,31,3.065,0.0000,0.0058,0.444,4447,3
2026-08-08T22:29:41.339922,1.2612963722717217e-18,18.51715151546554,5.908989874155918,0.339922,29,1.5320,66,31,2.129,0.0000,0.0076,0.517,3759,3
2026-08-08T22:33:05.600845,1.148411839143842e-07,28.76449994284485,-0.22901776018371964,0.600846,13,0.4350,123,30,4.100,0.0000,0.0079,0.385,3720,3
2026-08-15T02:34:06.046949,1.7255061222821953e-18,163.8712465006658,25.945100340741416,0.046949,39,2.1230,59,34,1.735,0.0000,0.0078,0.385,3087,3
2026-08-24T23:48:40.549292,4.165384273159144e-09,111.179363848365,19.327912965582644,0.549292,21,0.9120,63,36,1.750,0.0476,0.0076,0.524,3864,3
